

Microchip MPLAB XC8 Assembler V3.10 build 20250813170317 
                                                                                               Tue Aug 25 21:48:59 2026

Microchip MPLAB XC8 C Compiler v3.10 (Free license) build 20250813170317 Og1 
     1                           	processor	16F13145
     2                           	pagewidth 120
     3                           	opt	flic
     4                           	psect	stringtext1,global,class=STRCODE,space=0,delta=2,noexec
     5                           	psect	stringtext2,global,class=STRCODE,space=0,delta=2,noexec
     6                           	psect	nvBANK0,global,class=BANK0,space=1,delta=1,noexec
     7                           	psect	cinit,global,class=CODE,space=0,merge=1,delta=2
     8                           	psect	bssCOMMON,global,class=COMMON,space=1,delta=1,noexec
     9                           	psect	bssBANK0,global,class=BANK0,space=1,delta=1,noexec
    10                           	psect	clrtext,global,class=CODE,space=0,delta=2
    11                           	psect	cstackCOMMON,global,class=COMMON,space=1,delta=1,noexec
    12                           	psect	cstackBANK0,global,class=BANK0,space=1,delta=1,noexec
    13                           	psect	maintext,global,class=CODE,space=0,merge=1,split=1,delta=2
    14                           	psect	text1,local,class=CODE,space=0,merge=1,delta=2
    15                           	psect	text2,local,class=CODE,space=0,merge=1,delta=2
    16                           	psect	text3,local,class=CODE,space=0,merge=1,delta=2
    17                           	psect	text4,local,class=CODE,space=0,merge=1,delta=2
    18                           	psect	text5,local,class=CODE,space=0,merge=1,delta=2
    19                           	psect	text6,local,class=CODE,space=0,merge=1,delta=2
    20                           	psect	text7,local,class=CODE,space=0,merge=1,delta=2
    21                           	psect	text8,local,class=CODE,space=0,merge=1,delta=2,group=1
    22                           	psect	text9,local,class=CODE,space=0,merge=1,delta=2,group=1
    23                           	psect	text10,local,class=CODE,space=0,merge=1,delta=2,group=1
    24                           	psect	text11,local,class=CODE,space=0,merge=1,delta=2
    25                           	psect	text12,local,class=CODE,space=0,merge=1,delta=2
    26                           	psect	text13,local,class=CODE,space=0,merge=1,delta=2
    27                           	psect	text14,local,class=CODE,space=0,merge=1,delta=2
    28                           	psect	text15,local,class=CODE,space=0,merge=1,delta=2
    29                           	psect	text16,local,class=CODE,space=0,merge=1,delta=2
    30                           	psect	intentry,global,class=CODE,space=0,delta=2
    31                           	psect	text18,local,class=CODE,space=0,merge=1,delta=2
    32                           	psect	text19,local,class=CODE,space=0,merge=1,delta=2
    33                           	psect	text20,local,class=CODE,space=0,merge=1,delta=2
    34                           	psect	text21,local,class=CODE,space=0,merge=1,delta=2
    35                           	psect	text22,local,class=CODE,space=0,merge=1,delta=2
    36                           	psect	text23,local,class=CODE,space=0,merge=1,delta=2
    37                           	psect	text24,local,class=CODE,space=0,merge=1,delta=2
    38                           	psect	text25,local,class=CODE,space=0,merge=1,delta=2
    39                           	psect	text26,local,class=CODE,space=0,merge=1,delta=2
    40                           	psect	text27,local,class=CODE,space=0,merge=1,delta=2
    41                           	psect	text28,local,class=CODE,space=0,merge=1,delta=2
    42                           	psect	text29,local,class=CODE,space=0,merge=1,delta=2
    43                           	psect	text30,local,class=CODE,space=0,merge=1,delta=2
    44                           	psect	text31,local,class=CODE,space=0,merge=1,delta=2
    45                           	psect	config,global,abs,ovrld,class=CONFIG,space=4,delta=2,noexec
    46                           	dabs	1,0x7E,2
    47     0000                     
    48                           ; Generated 23/04/2026 GMT
    49                           ; 
    50                           ; Copyright (c) 2026 Microchip Technology Inc. and its subsidiaries.
    51                           ; 
    52                           ; Licensed under the Apache License, Version 2.0 (the "License");
    53                           ; you may not use this file except in compliance with the License.
    54                           ; You may obtain a copy of the License at
    55                           ; 
    56                           ;   http://www.apache.org/licenses/LICENSE-2.0
    57                           ; 
    58                           ; Unless required by applicable law or agreed to in writing, software
    59                           ; distributed under the License is distributed on an "AS IS" BASIS,
    60                           ; WITHOUT WARRANTIES OR CONDITIONS OF ANY KIND, either express or implied.
    61                           ; See the License for the specific language governing permissions and
    62                           ; limitations under the License.
    63                           ; 
    64                           ; 
    65                           ; Code-generator required, PIC16F13145 Definitions
    66                           ; 
    67                           ; SFR Addresses
    68     0008                     bsr             equ	8
    69     0005                     fsr0h           equ	5
    70     0004                     fsr0l           equ	4
    71     0007                     fsr1h           equ	7
    72     0006                     fsr1l           equ	6
    73     0000                     indf            equ	0
    74     0000                     indf0           equ	0
    75     0001                     indf1           equ	1
    76     000B                     intcon          equ	11
    77     0002                     pc              equ	2
    78     0002                     pcl             equ	2
    79     000A                     pclath          equ	10
    80     0003                     status          equ	3
    81     0009                     wreg            equ	9
    82     0000                     INDF0           equ	0	;# 
    83     0001                     INDF1           equ	1	;# 
    84     0002                     PCL             equ	2	;# 
    85     0003                     STATUS          equ	3	;# 
    86     0004                     FSR0L           equ	4	;# 
    87     0005                     FSR0H           equ	5	;# 
    88     0006                     FSR1L           equ	6	;# 
    89     0007                     FSR1H           equ	7	;# 
    90     0008                     BSR             equ	8	;# 
    91     0009                     WREG            equ	9	;# 
    92     000A                     PCLATH          equ	10	;# 
    93     000B                     INTCON          equ	11	;# 
    94     000C                     PORTA           equ	12	;# 
    95     000D                     PORTB           equ	13	;# 
    96     000E                     PORTC           equ	14	;# 
    97     0012                     TRISA           equ	18	;# 
    98     0013                     TRISB           equ	19	;# 
    99     0014                     TRISC           equ	20	;# 
   100     0018                     LATA            equ	24	;# 
   101     0019                     LATB            equ	25	;# 
   102     001A                     LATC            equ	26	;# 
   103     008C                     PIR0            equ	140	;# 
   104     008D                     PIR1            equ	141	;# 
   105     008E                     PIR2            equ	142	;# 
   106     008F                     PIR3            equ	143	;# 
   107     0090                     PIR4            equ	144	;# 
   108     0091                     PIR5            equ	145	;# 
   109     0092                     PIR6            equ	146	;# 
   110     0093                     PIR7            equ	147	;# 
   111     0096                     PIE0            equ	150	;# 
   112     0097                     PIE1            equ	151	;# 
   113     0098                     PIE2            equ	152	;# 
   114     0099                     PIE3            equ	153	;# 
   115     009A                     PIE4            equ	154	;# 
   116     009B                     PIE5            equ	155	;# 
   117     009C                     PIE6            equ	156	;# 
   118     009D                     PIE7            equ	157	;# 
   119     010C                     PMD0            equ	268	;# 
   120     010D                     PMD1            equ	269	;# 
   121     010E                     PMD2            equ	270	;# 
   122     010F                     PMD3            equ	271	;# 
   123     0110                     PMD4            equ	272	;# 
   124     0111                     PMD5            equ	273	;# 
   125     018C                     WDTCON0         equ	396	;# 
   126     018D                     WDTCON1         equ	397	;# 
   127     018E                     WDTPS           equ	398	;# 
   128     018E                     WDTPSL          equ	398	;# 
   129     018F                     WDTPSH          equ	399	;# 
   130     0190                     WDTTMR          equ	400	;# 
   131     0191                     BORCON          equ	401	;# 
   132     0192                     PCON0           equ	402	;# 
   133     0193                     PCON1           equ	403	;# 
   134     019C                     TMR0L           equ	412	;# 
   135     019C                     TMR0            equ	412	;# 
   136     019D                     TMR0H           equ	413	;# 
   137     019D                     PR0             equ	413	;# 
   138     019E                     T0CON0          equ	414	;# 
   139     019F                     T0CON1          equ	415	;# 
   140     020C                     FVRCON          equ	524	;# 
   141     020D                     CPCON           equ	525	;# 
   142     028C                     CPUDOZE         equ	652	;# 
   143     028D                     OSCCON1         equ	653	;# 
   144     028E                     OSCCON2         equ	654	;# 
   145     028F                     OSCCON3         equ	655	;# 
   146     0290                     OSCSTAT         equ	656	;# 
   147     0291                     OSCEN           equ	657	;# 
   148     0292                     OSCTUNE         equ	658	;# 
   149     0293                     OSCFRQ          equ	659	;# 
   150     030C                     TMR1            equ	780	;# 
   151     030C                     TMR1L           equ	780	;# 
   152     030D                     TMR1H           equ	781	;# 
   153     030E                     T1CON           equ	782	;# 
   154     030F                     T1GCON          equ	783	;# 
   155     030F                     PR1             equ	783	;# 
   156     0310                     T1GATE          equ	784	;# 
   157     0310                     TMR1GATE        equ	784	;# 
   158     0311                     T1CLK           equ	785	;# 
   159     0311                     TMR1CLK         equ	785	;# 
   160     038C                     T2TMR           equ	908	;# 
   161     038C                     TMR2            equ	908	;# 
   162     038D                     T2PR            equ	909	;# 
   163     038D                     PR2             equ	909	;# 
   164     038E                     T2CON           equ	910	;# 
   165     038F                     T2HLT           equ	911	;# 
   166     0390                     T2CLKCON        equ	912	;# 
   167     0390                     T2CLK           equ	912	;# 
   168     0391                     T2RST           equ	913	;# 
   169     040C                     CCPR1           equ	1036	;# 
   170     040C                     CCPR1L          equ	1036	;# 
   171     040D                     CCPR1H          equ	1037	;# 
   172     040E                     CCP1CON         equ	1038	;# 
   173     040F                     CCP1CAP         equ	1039	;# 
   174     0410                     CCPR2           equ	1040	;# 
   175     0410                     CCPR2L          equ	1040	;# 
   176     0411                     CCPR2H          equ	1041	;# 
   177     0412                     CCP2CON         equ	1042	;# 
   178     0413                     CCP2CAP         equ	1043	;# 
   179     041F                     CCPTMRS0        equ	1055	;# 
   180     050C                     CLBCON          equ	1292	;# 
   181     050D                     CLBSWINU        equ	1293	;# 
   182     050E                     CLBSWINH        equ	1294	;# 
   183     050F                     CLBSWINM        equ	1295	;# 
   184     0510                     CLBSWINL        equ	1296	;# 
   185     0515                     CLBCLK          equ	1301	;# 
   186     0516                     CLBPPSCON4      equ	1302	;# 
   187     0517                     CLBPPSCON3      equ	1303	;# 
   188     0518                     CLBPPSCON2      equ	1304	;# 
   189     0519                     CLBPPSCON1      equ	1305	;# 
   190     068C                     CLCnCON         equ	1676	;# 
   191     068D                     CLCnPOL         equ	1677	;# 
   192     068E                     CLCnSEL0        equ	1678	;# 
   193     068F                     CLCnSEL1        equ	1679	;# 
   194     0690                     CLCnSEL2        equ	1680	;# 
   195     0691                     CLCnSEL3        equ	1681	;# 
   196     0692                     CLCnGLS0        equ	1682	;# 
   197     0693                     CLCnGLS1        equ	1683	;# 
   198     0694                     CLCnGLS2        equ	1684	;# 
   199     0695                     CLCnGLS3        equ	1685	;# 
   200     0696                     CLCSELECT       equ	1686	;# 
   201     0697                     CLCDATA         equ	1687	;# 
   202     070C                     RC1REG          equ	1804	;# 
   203     070D                     TX1REG          equ	1805	;# 
   204     070E                     SP1BRG          equ	1806	;# 
   205     070E                     SP1BRGL         equ	1806	;# 
   206     070F                     SP1BRGH         equ	1807	;# 
   207     0710                     RC1STA          equ	1808	;# 
   208     0711                     TX1STA          equ	1809	;# 
   209     0712                     BAUD1CON        equ	1810	;# 
   210     078C                     SSP1BUF         equ	1932	;# 
   211     078D                     SSP1ADD         equ	1933	;# 
   212     078E                     SSP1MSK         equ	1934	;# 
   213     078F                     SSP1STAT        equ	1935	;# 
   214     0790                     SSP1CON1        equ	1936	;# 
   215     0791                     SSP1CON2        equ	1937	;# 
   216     0792                     SSP1CON3        equ	1938	;# 
   217     080C                     CM1CON0         equ	2060	;# 
   218     080D                     CM1CON1         equ	2061	;# 
   219     080E                     CM1NCH          equ	2062	;# 
   220     080F                     CM1PCH          equ	2063	;# 
   221     0810                     CM2CON0         equ	2064	;# 
   222     0811                     CM2CON1         equ	2065	;# 
   223     0812                     CM2NCH          equ	2066	;# 
   224     0813                     CM2PCH          equ	2067	;# 
   225     081F                     CMOUT           equ	2079	;# 
   226     0820                     PWM1DC          equ	2080	;# 
   227     0820                     PWM1DCL         equ	2080	;# 
   228     0821                     PWM1DCH         equ	2081	;# 
   229     0822                     PWM1CON         equ	2082	;# 
   230     0823                     PWM2DC          equ	2083	;# 
   231     0823                     PWM2DCL         equ	2083	;# 
   232     0824                     PWM2DCH         equ	2084	;# 
   233     0825                     PWM2CON         equ	2085	;# 
   234     082F                     PWMTMRS0        equ	2095	;# 
   235     088C                     DAC1CON         equ	2188	;# 
   236     088D                     DAC1DATL        equ	2189	;# 
   237     1C8C                     NVMADR          equ	7308	;# 
   238     1C8C                     NVMADRL         equ	7308	;# 
   239     1C8D                     NVMADRH         equ	7309	;# 
   240     1C8E                     NVMDAT          equ	7310	;# 
   241     1C8E                     NVMDATL         equ	7310	;# 
   242     1C8F                     NVMDATH         equ	7311	;# 
   243     1C90                     NVMCON1         equ	7312	;# 
   244     1C91                     NVMCON2         equ	7313	;# 
   245     1C92                     SCANCON0        equ	7314	;# 
   246     1C93                     SCANLADR        equ	7315	;# 
   247     1C93                     SCANLADRL       equ	7315	;# 
   248     1C94                     SCANLADRH       equ	7316	;# 
   249     1C96                     SCANHADR        equ	7318	;# 
   250     1C96                     SCANHADRL       equ	7318	;# 
   251     1C97                     SCANHADRH       equ	7319	;# 
   252     1C99                     SCANDPS         equ	7321	;# 
   253     1C9A                     SCANTRIG        equ	7322	;# 
   254     1C9D                     CRCDATA         equ	7325	;# 
   255     1C9D                     CRCDATAL        equ	7325	;# 
   256     1C9E                     CRCDATAH        equ	7326	;# 
   257     1C9F                     CRCDATAU        equ	7327	;# 
   258     1CA0                     CRCDATAT        equ	7328	;# 
   259     1CA1                     CRCOUT          equ	7329	;# 
   260     1CA1                     CRCSHFT         equ	7329	;# 
   261     1CA1                     CRCXOR          equ	7329	;# 
   262     1CA1                     CRCOUTL         equ	7329	;# 
   263     1CA1                     CRCSHFTL        equ	7329	;# 
   264     1CA1                     CRCSHIFTL       equ	7329	;# 
   265     1CA1                     CRCXORL         equ	7329	;# 
   266     1CA2                     CRCOUTH         equ	7330	;# 
   267     1CA2                     CRCSHFTH        equ	7330	;# 
   268     1CA2                     CRCSHIFTH       equ	7330	;# 
   269     1CA2                     CRCXORH         equ	7330	;# 
   270     1CA3                     CRCOUTU         equ	7331	;# 
   271     1CA3                     CRCSHFTU        equ	7331	;# 
   272     1CA3                     CRCSHIFTU       equ	7331	;# 
   273     1CA3                     CRCXORU         equ	7331	;# 
   274     1CA4                     CRCOUTT         equ	7332	;# 
   275     1CA4                     CRCSHFTT        equ	7332	;# 
   276     1CA4                     CRCSHIFTT       equ	7332	;# 
   277     1CA4                     CRCXORT         equ	7332	;# 
   278     1CA5                     CRCCON0         equ	7333	;# 
   279     1CA6                     CRCCON1         equ	7334	;# 
   280     1CA7                     CRCCON2         equ	7335	;# 
   281     1D0C                     ADLTH           equ	7436	;# 
   282     1D0C                     ADLTHL          equ	7436	;# 
   283     1D0D                     ADLTHH          equ	7437	;# 
   284     1D0E                     ADUTH           equ	7438	;# 
   285     1D0E                     ADUTHL          equ	7438	;# 
   286     1D0F                     ADUTHH          equ	7439	;# 
   287     1D10                     ADERR           equ	7440	;# 
   288     1D10                     ADERRL          equ	7440	;# 
   289     1D11                     ADERRH          equ	7441	;# 
   290     1D12                     ADSTPT          equ	7442	;# 
   291     1D12                     ADSTPTL         equ	7442	;# 
   292     1D13                     ADSTPTH         equ	7443	;# 
   293     1D14                     ADFLTR          equ	7444	;# 
   294     1D14                     ADFLTRL         equ	7444	;# 
   295     1D15                     ADFLTRH         equ	7445	;# 
   296     1D16                     ADACC           equ	7446	;# 
   297     1D16                     ADACCL          equ	7446	;# 
   298     1D17                     ADACCH          equ	7447	;# 
   299     1D18                     ADACCU          equ	7448	;# 
   300     1D19                     ADCNT           equ	7449	;# 
   301     1D1A                     ADRPT           equ	7450	;# 
   302     1D1B                     ADPREV          equ	7451	;# 
   303     1D1B                     ADPREVL         equ	7451	;# 
   304     1D1C                     ADPREVH         equ	7452	;# 
   305     1D1D                     ADRES           equ	7453	;# 
   306     1D1D                     ADRESL          equ	7453	;# 
   307     1D1E                     ADRESH          equ	7454	;# 
   308     1D1F                     ADPCH           equ	7455	;# 
   309     1D21                     ADACQ           equ	7457	;# 
   310     1D21                     ADACQL          equ	7457	;# 
   311     1D22                     ADACQH          equ	7458	;# 
   312     1D23                     ADCAP           equ	7459	;# 
   313     1D24                     ADPRE           equ	7460	;# 
   314     1D24                     ADPREL          equ	7460	;# 
   315     1D25                     ADPREH          equ	7461	;# 
   316     1D26                     ADCON0          equ	7462	;# 
   317     1D27                     ADCON1          equ	7463	;# 
   318     1D28                     ADCON2          equ	7464	;# 
   319     1D29                     ADCON3          equ	7465	;# 
   320     1D2A                     ADSTAT          equ	7466	;# 
   321     1D2B                     ADREF           equ	7467	;# 
   322     1D2C                     ADACT           equ	7468	;# 
   323     1D2D                     ADCLK           equ	7469	;# 
   324     1D2E                     ADCG1A          equ	7470	;# 
   325     1D2F                     ADCG1B          equ	7471	;# 
   326     1D30                     ADCG1C          equ	7472	;# 
   327     1D8C                     RA0PPS          equ	7564	;# 
   328     1D8D                     RA1PPS          equ	7565	;# 
   329     1D8E                     RA2PPS          equ	7566	;# 
   330     1D90                     RA4PPS          equ	7568	;# 
   331     1D91                     RA5PPS          equ	7569	;# 
   332     1D98                     RB4PPS          equ	7576	;# 
   333     1D99                     RB5PPS          equ	7577	;# 
   334     1D9A                     RB6PPS          equ	7578	;# 
   335     1D9B                     RB7PPS          equ	7579	;# 
   336     1D9C                     RC0PPS          equ	7580	;# 
   337     1D9D                     RC1PPS          equ	7581	;# 
   338     1D9E                     RC2PPS          equ	7582	;# 
   339     1D9F                     RC3PPS          equ	7583	;# 
   340     1DA0                     RC4PPS          equ	7584	;# 
   341     1DA1                     RC5PPS          equ	7585	;# 
   342     1DA2                     RC6PPS          equ	7586	;# 
   343     1DA3                     RC7PPS          equ	7587	;# 
   344     1E0C                     PPSLOCK         equ	7692	;# 
   345     1E0D                     INTPPS          equ	7693	;# 
   346     1E0E                     T0CKIPPS        equ	7694	;# 
   347     1E0F                     T1CKIPPS        equ	7695	;# 
   348     1E10                     T1GPPS          equ	7696	;# 
   349     1E19                     T2INPPS         equ	7705	;# 
   350     1E1E                     CCP1PPS         equ	7710	;# 
   351     1E1F                     CCP2PPS         equ	7711	;# 
   352     1E3D                     CLCIN0PPS       equ	7741	;# 
   353     1E3E                     CLCIN1PPS       equ	7742	;# 
   354     1E3F                     CLCIN2PPS       equ	7743	;# 
   355     1E40                     CLCIN3PPS       equ	7744	;# 
   356     1E41                     CK1PPS          equ	7745	;# 
   357     1E41                     RX1DTPPS        equ	7745	;# 
   358     1E42                     RX1PPS          equ	7746	;# 
   359     1E42                     TX1CKPPS        equ	7746	;# 
   360     1E47                     SSP1CLKPPS      equ	7751	;# 
   361     1E48                     SSP1DATPPS      equ	7752	;# 
   362     1E49                     SSP1SSPPS       equ	7753	;# 
   363     1E50                     ADACTPPS        equ	7760	;# 
   364     1E57                     CLBIN0PPS       equ	7767	;# 
   365     1E58                     CLBIN1PPS       equ	7768	;# 
   366     1E59                     CLBIN2PPS       equ	7769	;# 
   367     1E5A                     CLBIN3PPS       equ	7770	;# 
   368     1E8C                     ANSELA          equ	7820	;# 
   369     1E8D                     WPUA            equ	7821	;# 
   370     1E8E                     ODCONA          equ	7822	;# 
   371     1E8F                     SLRCONA         equ	7823	;# 
   372     1E90                     INLVLA          equ	7824	;# 
   373     1E91                     IOCAP           equ	7825	;# 
   374     1E92                     IOCAN           equ	7826	;# 
   375     1E93                     IOCAF           equ	7827	;# 
   376     1E96                     ANSELB          equ	7830	;# 
   377     1E97                     WPUB            equ	7831	;# 
   378     1E98                     ODCONB          equ	7832	;# 
   379     1E99                     SLRCONB         equ	7833	;# 
   380     1E9A                     INLVLB          equ	7834	;# 
   381     1E9B                     IOCBP           equ	7835	;# 
   382     1E9C                     IOCBN           equ	7836	;# 
   383     1E9D                     IOCBF           equ	7837	;# 
   384     1EA0                     ANSELC          equ	7840	;# 
   385     1EA1                     WPUC            equ	7841	;# 
   386     1EA2                     ODCONC          equ	7842	;# 
   387     1EA3                     SLRCONC         equ	7843	;# 
   388     1EA4                     INLVLC          equ	7844	;# 
   389     1EA5                     IOCCP           equ	7845	;# 
   390     1EA6                     IOCCN           equ	7846	;# 
   391     1EA7                     IOCCF           equ	7847	;# 
   392     1EE5                     RB4I2C          equ	7909	;# 
   393     1EE7                     RB6I2C          equ	7911	;# 
   394     1F0C                     UMTOAP          equ	7948	;# 
   395     1F0D                     UMTOAL          equ	7949	;# 
   396     1F0E                     UMTOAH          equ	7950	;# 
   397     1FE4                     STATUS_SHAD     equ	8164	;# 
   398     1FE5                     WREG_SHAD       equ	8165	;# 
   399     1FE6                     BSR_SHAD        equ	8166	;# 
   400     1FE7                     PCLATH_SHAD     equ	8167	;# 
   401     1FE8                     FSR0_SHAD       equ	8168	;# 
   402     1FE8                     FSR0L_SHAD      equ	8168	;# 
   403     1FE9                     FSR0H_SHAD      equ	8169	;# 
   404     1FEA                     FSR1_SHAD       equ	8170	;# 
   405     1FEA                     FSR1L_SHAD      equ	8170	;# 
   406     1FEB                     FSR1H_SHAD      equ	8171	;# 
   407     1FED                     STKPTR          equ	8173	;# 
   408     1FEE                     TOSL            equ	8174	;# 
   409     1FEF                     TOSH            equ	8175	;# 
   410     0000                     INDF0           equ	0	;# 
   411     0001                     INDF1           equ	1	;# 
   412     0002                     PCL             equ	2	;# 
   413     0003                     STATUS          equ	3	;# 
   414     0004                     FSR0L           equ	4	;# 
   415     0005                     FSR0H           equ	5	;# 
   416     0006                     FSR1L           equ	6	;# 
   417     0007                     FSR1H           equ	7	;# 
   418     0008                     BSR             equ	8	;# 
   419     0009                     WREG            equ	9	;# 
   420     000A                     PCLATH          equ	10	;# 
   421     000B                     INTCON          equ	11	;# 
   422     000C                     PORTA           equ	12	;# 
   423     000D                     PORTB           equ	13	;# 
   424     000E                     PORTC           equ	14	;# 
   425     0012                     TRISA           equ	18	;# 
   426     0013                     TRISB           equ	19	;# 
   427     0014                     TRISC           equ	20	;# 
   428     0018                     LATA            equ	24	;# 
   429     0019                     LATB            equ	25	;# 
   430     001A                     LATC            equ	26	;# 
   431     008C                     PIR0            equ	140	;# 
   432     008D                     PIR1            equ	141	;# 
   433     008E                     PIR2            equ	142	;# 
   434     008F                     PIR3            equ	143	;# 
   435     0090                     PIR4            equ	144	;# 
   436     0091                     PIR5            equ	145	;# 
   437     0092                     PIR6            equ	146	;# 
   438     0093                     PIR7            equ	147	;# 
   439     0096                     PIE0            equ	150	;# 
   440     0097                     PIE1            equ	151	;# 
   441     0098                     PIE2            equ	152	;# 
   442     0099                     PIE3            equ	153	;# 
   443     009A                     PIE4            equ	154	;# 
   444     009B                     PIE5            equ	155	;# 
   445     009C                     PIE6            equ	156	;# 
   446     009D                     PIE7            equ	157	;# 
   447     010C                     PMD0            equ	268	;# 
   448     010D                     PMD1            equ	269	;# 
   449     010E                     PMD2            equ	270	;# 
   450     010F                     PMD3            equ	271	;# 
   451     0110                     PMD4            equ	272	;# 
   452     0111                     PMD5            equ	273	;# 
   453     018C                     WDTCON0         equ	396	;# 
   454     018D                     WDTCON1         equ	397	;# 
   455     018E                     WDTPS           equ	398	;# 
   456     018E                     WDTPSL          equ	398	;# 
   457     018F                     WDTPSH          equ	399	;# 
   458     0190                     WDTTMR          equ	400	;# 
   459     0191                     BORCON          equ	401	;# 
   460     0192                     PCON0           equ	402	;# 
   461     0193                     PCON1           equ	403	;# 
   462     019C                     TMR0L           equ	412	;# 
   463     019C                     TMR0            equ	412	;# 
   464     019D                     TMR0H           equ	413	;# 
   465     019D                     PR0             equ	413	;# 
   466     019E                     T0CON0          equ	414	;# 
   467     019F                     T0CON1          equ	415	;# 
   468     020C                     FVRCON          equ	524	;# 
   469     020D                     CPCON           equ	525	;# 
   470     028C                     CPUDOZE         equ	652	;# 
   471     028D                     OSCCON1         equ	653	;# 
   472     028E                     OSCCON2         equ	654	;# 
   473     028F                     OSCCON3         equ	655	;# 
   474     0290                     OSCSTAT         equ	656	;# 
   475     0291                     OSCEN           equ	657	;# 
   476     0292                     OSCTUNE         equ	658	;# 
   477     0293                     OSCFRQ          equ	659	;# 
   478     030C                     TMR1            equ	780	;# 
   479     030C                     TMR1L           equ	780	;# 
   480     030D                     TMR1H           equ	781	;# 
   481     030E                     T1CON           equ	782	;# 
   482     030F                     T1GCON          equ	783	;# 
   483     030F                     PR1             equ	783	;# 
   484     0310                     T1GATE          equ	784	;# 
   485     0310                     TMR1GATE        equ	784	;# 
   486     0311                     T1CLK           equ	785	;# 
   487     0311                     TMR1CLK         equ	785	;# 
   488     038C                     T2TMR           equ	908	;# 
   489     038C                     TMR2            equ	908	;# 
   490     038D                     T2PR            equ	909	;# 
   491     038D                     PR2             equ	909	;# 
   492     038E                     T2CON           equ	910	;# 
   493     038F                     T2HLT           equ	911	;# 
   494     0390                     T2CLKCON        equ	912	;# 
   495     0390                     T2CLK           equ	912	;# 
   496     0391                     T2RST           equ	913	;# 
   497     040C                     CCPR1           equ	1036	;# 
   498     040C                     CCPR1L          equ	1036	;# 
   499     040D                     CCPR1H          equ	1037	;# 
   500     040E                     CCP1CON         equ	1038	;# 
   501     040F                     CCP1CAP         equ	1039	;# 
   502     0410                     CCPR2           equ	1040	;# 
   503     0410                     CCPR2L          equ	1040	;# 
   504     0411                     CCPR2H          equ	1041	;# 
   505     0412                     CCP2CON         equ	1042	;# 
   506     0413                     CCP2CAP         equ	1043	;# 
   507     041F                     CCPTMRS0        equ	1055	;# 
   508     050C                     CLBCON          equ	1292	;# 
   509     050D                     CLBSWINU        equ	1293	;# 
   510     050E                     CLBSWINH        equ	1294	;# 
   511     050F                     CLBSWINM        equ	1295	;# 
   512     0510                     CLBSWINL        equ	1296	;# 
   513     0515                     CLBCLK          equ	1301	;# 
   514     0516                     CLBPPSCON4      equ	1302	;# 
   515     0517                     CLBPPSCON3      equ	1303	;# 
   516     0518                     CLBPPSCON2      equ	1304	;# 
   517     0519                     CLBPPSCON1      equ	1305	;# 
   518     068C                     CLCnCON         equ	1676	;# 
   519     068D                     CLCnPOL         equ	1677	;# 
   520     068E                     CLCnSEL0        equ	1678	;# 
   521     068F                     CLCnSEL1        equ	1679	;# 
   522     0690                     CLCnSEL2        equ	1680	;# 
   523     0691                     CLCnSEL3        equ	1681	;# 
   524     0692                     CLCnGLS0        equ	1682	;# 
   525     0693                     CLCnGLS1        equ	1683	;# 
   526     0694                     CLCnGLS2        equ	1684	;# 
   527     0695                     CLCnGLS3        equ	1685	;# 
   528     0696                     CLCSELECT       equ	1686	;# 
   529     0697                     CLCDATA         equ	1687	;# 
   530     070C                     RC1REG          equ	1804	;# 
   531     070D                     TX1REG          equ	1805	;# 
   532     070E                     SP1BRG          equ	1806	;# 
   533     070E                     SP1BRGL         equ	1806	;# 
   534     070F                     SP1BRGH         equ	1807	;# 
   535     0710                     RC1STA          equ	1808	;# 
   536     0711                     TX1STA          equ	1809	;# 
   537     0712                     BAUD1CON        equ	1810	;# 
   538     078C                     SSP1BUF         equ	1932	;# 
   539     078D                     SSP1ADD         equ	1933	;# 
   540     078E                     SSP1MSK         equ	1934	;# 
   541     078F                     SSP1STAT        equ	1935	;# 
   542     0790                     SSP1CON1        equ	1936	;# 
   543     0791                     SSP1CON2        equ	1937	;# 
   544     0792                     SSP1CON3        equ	1938	;# 
   545     080C                     CM1CON0         equ	2060	;# 
   546     080D                     CM1CON1         equ	2061	;# 
   547     080E                     CM1NCH          equ	2062	;# 
   548     080F                     CM1PCH          equ	2063	;# 
   549     0810                     CM2CON0         equ	2064	;# 
   550     0811                     CM2CON1         equ	2065	;# 
   551     0812                     CM2NCH          equ	2066	;# 
   552     0813                     CM2PCH          equ	2067	;# 
   553     081F                     CMOUT           equ	2079	;# 
   554     0820                     PWM1DC          equ	2080	;# 
   555     0820                     PWM1DCL         equ	2080	;# 
   556     0821                     PWM1DCH         equ	2081	;# 
   557     0822                     PWM1CON         equ	2082	;# 
   558     0823                     PWM2DC          equ	2083	;# 
   559     0823                     PWM2DCL         equ	2083	;# 
   560     0824                     PWM2DCH         equ	2084	;# 
   561     0825                     PWM2CON         equ	2085	;# 
   562     082F                     PWMTMRS0        equ	2095	;# 
   563     088C                     DAC1CON         equ	2188	;# 
   564     088D                     DAC1DATL        equ	2189	;# 
   565     1C8C                     NVMADR          equ	7308	;# 
   566     1C8C                     NVMADRL         equ	7308	;# 
   567     1C8D                     NVMADRH         equ	7309	;# 
   568     1C8E                     NVMDAT          equ	7310	;# 
   569     1C8E                     NVMDATL         equ	7310	;# 
   570     1C8F                     NVMDATH         equ	7311	;# 
   571     1C90                     NVMCON1         equ	7312	;# 
   572     1C91                     NVMCON2         equ	7313	;# 
   573     1C92                     SCANCON0        equ	7314	;# 
   574     1C93                     SCANLADR        equ	7315	;# 
   575     1C93                     SCANLADRL       equ	7315	;# 
   576     1C94                     SCANLADRH       equ	7316	;# 
   577     1C96                     SCANHADR        equ	7318	;# 
   578     1C96                     SCANHADRL       equ	7318	;# 
   579     1C97                     SCANHADRH       equ	7319	;# 
   580     1C99                     SCANDPS         equ	7321	;# 
   581     1C9A                     SCANTRIG        equ	7322	;# 
   582     1C9D                     CRCDATA         equ	7325	;# 
   583     1C9D                     CRCDATAL        equ	7325	;# 
   584     1C9E                     CRCDATAH        equ	7326	;# 
   585     1C9F                     CRCDATAU        equ	7327	;# 
   586     1CA0                     CRCDATAT        equ	7328	;# 
   587     1CA1                     CRCOUT          equ	7329	;# 
   588     1CA1                     CRCSHFT         equ	7329	;# 
   589     1CA1                     CRCXOR          equ	7329	;# 
   590     1CA1                     CRCOUTL         equ	7329	;# 
   591     1CA1                     CRCSHFTL        equ	7329	;# 
   592     1CA1                     CRCSHIFTL       equ	7329	;# 
   593     1CA1                     CRCXORL         equ	7329	;# 
   594     1CA2                     CRCOUTH         equ	7330	;# 
   595     1CA2                     CRCSHFTH        equ	7330	;# 
   596     1CA2                     CRCSHIFTH       equ	7330	;# 
   597     1CA2                     CRCXORH         equ	7330	;# 
   598     1CA3                     CRCOUTU         equ	7331	;# 
   599     1CA3                     CRCSHFTU        equ	7331	;# 
   600     1CA3                     CRCSHIFTU       equ	7331	;# 
   601     1CA3                     CRCXORU         equ	7331	;# 
   602     1CA4                     CRCOUTT         equ	7332	;# 
   603     1CA4                     CRCSHFTT        equ	7332	;# 
   604     1CA4                     CRCSHIFTT       equ	7332	;# 
   605     1CA4                     CRCXORT         equ	7332	;# 
   606     1CA5                     CRCCON0         equ	7333	;# 
   607     1CA6                     CRCCON1         equ	7334	;# 
   608     1CA7                     CRCCON2         equ	7335	;# 
   609     1D0C                     ADLTH           equ	7436	;# 
   610     1D0C                     ADLTHL          equ	7436	;# 
   611     1D0D                     ADLTHH          equ	7437	;# 
   612     1D0E                     ADUTH           equ	7438	;# 
   613     1D0E                     ADUTHL          equ	7438	;# 
   614     1D0F                     ADUTHH          equ	7439	;# 
   615     1D10                     ADERR           equ	7440	;# 
   616     1D10                     ADERRL          equ	7440	;# 
   617     1D11                     ADERRH          equ	7441	;# 
   618     1D12                     ADSTPT          equ	7442	;# 
   619     1D12                     ADSTPTL         equ	7442	;# 
   620     1D13                     ADSTPTH         equ	7443	;# 
   621     1D14                     ADFLTR          equ	7444	;# 
   622     1D14                     ADFLTRL         equ	7444	;# 
   623     1D15                     ADFLTRH         equ	7445	;# 
   624     1D16                     ADACC           equ	7446	;# 
   625     1D16                     ADACCL          equ	7446	;# 
   626     1D17                     ADACCH          equ	7447	;# 
   627     1D18                     ADACCU          equ	7448	;# 
   628     1D19                     ADCNT           equ	7449	;# 
   629     1D1A                     ADRPT           equ	7450	;# 
   630     1D1B                     ADPREV          equ	7451	;# 
   631     1D1B                     ADPREVL         equ	7451	;# 
   632     1D1C                     ADPREVH         equ	7452	;# 
   633     1D1D                     ADRES           equ	7453	;# 
   634     1D1D                     ADRESL          equ	7453	;# 
   635     1D1E                     ADRESH          equ	7454	;# 
   636     1D1F                     ADPCH           equ	7455	;# 
   637     1D21                     ADACQ           equ	7457	;# 
   638     1D21                     ADACQL          equ	7457	;# 
   639     1D22                     ADACQH          equ	7458	;# 
   640     1D23                     ADCAP           equ	7459	;# 
   641     1D24                     ADPRE           equ	7460	;# 
   642     1D24                     ADPREL          equ	7460	;# 
   643     1D25                     ADPREH          equ	7461	;# 
   644     1D26                     ADCON0          equ	7462	;# 
   645     1D27                     ADCON1          equ	7463	;# 
   646     1D28                     ADCON2          equ	7464	;# 
   647     1D29                     ADCON3          equ	7465	;# 
   648     1D2A                     ADSTAT          equ	7466	;# 
   649     1D2B                     ADREF           equ	7467	;# 
   650     1D2C                     ADACT           equ	7468	;# 
   651     1D2D                     ADCLK           equ	7469	;# 
   652     1D2E                     ADCG1A          equ	7470	;# 
   653     1D2F                     ADCG1B          equ	7471	;# 
   654     1D30                     ADCG1C          equ	7472	;# 
   655     1D8C                     RA0PPS          equ	7564	;# 
   656     1D8D                     RA1PPS          equ	7565	;# 
   657     1D8E                     RA2PPS          equ	7566	;# 
   658     1D90                     RA4PPS          equ	7568	;# 
   659     1D91                     RA5PPS          equ	7569	;# 
   660     1D98                     RB4PPS          equ	7576	;# 
   661     1D99                     RB5PPS          equ	7577	;# 
   662     1D9A                     RB6PPS          equ	7578	;# 
   663     1D9B                     RB7PPS          equ	7579	;# 
   664     1D9C                     RC0PPS          equ	7580	;# 
   665     1D9D                     RC1PPS          equ	7581	;# 
   666     1D9E                     RC2PPS          equ	7582	;# 
   667     1D9F                     RC3PPS          equ	7583	;# 
   668     1DA0                     RC4PPS          equ	7584	;# 
   669     1DA1                     RC5PPS          equ	7585	;# 
   670     1DA2                     RC6PPS          equ	7586	;# 
   671     1DA3                     RC7PPS          equ	7587	;# 
   672     1E0C                     PPSLOCK         equ	7692	;# 
   673     1E0D                     INTPPS          equ	7693	;# 
   674     1E0E                     T0CKIPPS        equ	7694	;# 
   675     1E0F                     T1CKIPPS        equ	7695	;# 
   676     1E10                     T1GPPS          equ	7696	;# 
   677     1E19                     T2INPPS         equ	7705	;# 
   678     1E1E                     CCP1PPS         equ	7710	;# 
   679     1E1F                     CCP2PPS         equ	7711	;# 
   680     1E3D                     CLCIN0PPS       equ	7741	;# 
   681     1E3E                     CLCIN1PPS       equ	7742	;# 
   682     1E3F                     CLCIN2PPS       equ	7743	;# 
   683     1E40                     CLCIN3PPS       equ	7744	;# 
   684     1E41                     CK1PPS          equ	7745	;# 
   685     1E41                     RX1DTPPS        equ	7745	;# 
   686     1E42                     RX1PPS          equ	7746	;# 
   687     1E42                     TX1CKPPS        equ	7746	;# 
   688     1E47                     SSP1CLKPPS      equ	7751	;# 
   689     1E48                     SSP1DATPPS      equ	7752	;# 
   690     1E49                     SSP1SSPPS       equ	7753	;# 
   691     1E50                     ADACTPPS        equ	7760	;# 
   692     1E57                     CLBIN0PPS       equ	7767	;# 
   693     1E58                     CLBIN1PPS       equ	7768	;# 
   694     1E59                     CLBIN2PPS       equ	7769	;# 
   695     1E5A                     CLBIN3PPS       equ	7770	;# 
   696     1E8C                     ANSELA          equ	7820	;# 
   697     1E8D                     WPUA            equ	7821	;# 
   698     1E8E                     ODCONA          equ	7822	;# 
   699     1E8F                     SLRCONA         equ	7823	;# 
   700     1E90                     INLVLA          equ	7824	;# 
   701     1E91                     IOCAP           equ	7825	;# 
   702     1E92                     IOCAN           equ	7826	;# 
   703     1E93                     IOCAF           equ	7827	;# 
   704     1E96                     ANSELB          equ	7830	;# 
   705     1E97                     WPUB            equ	7831	;# 
   706     1E98                     ODCONB          equ	7832	;# 
   707     1E99                     SLRCONB         equ	7833	;# 
   708     1E9A                     INLVLB          equ	7834	;# 
   709     1E9B                     IOCBP           equ	7835	;# 
   710     1E9C                     IOCBN           equ	7836	;# 
   711     1E9D                     IOCBF           equ	7837	;# 
   712     1EA0                     ANSELC          equ	7840	;# 
   713     1EA1                     WPUC            equ	7841	;# 
   714     1EA2                     ODCONC          equ	7842	;# 
   715     1EA3                     SLRCONC         equ	7843	;# 
   716     1EA4                     INLVLC          equ	7844	;# 
   717     1EA5                     IOCCP           equ	7845	;# 
   718     1EA6                     IOCCN           equ	7846	;# 
   719     1EA7                     IOCCF           equ	7847	;# 
   720     1EE5                     RB4I2C          equ	7909	;# 
   721     1EE7                     RB6I2C          equ	7911	;# 
   722     1F0C                     UMTOAP          equ	7948	;# 
   723     1F0D                     UMTOAL          equ	7949	;# 
   724     1F0E                     UMTOAH          equ	7950	;# 
   725     1FE4                     STATUS_SHAD     equ	8164	;# 
   726     1FE5                     WREG_SHAD       equ	8165	;# 
   727     1FE6                     BSR_SHAD        equ	8166	;# 
   728     1FE7                     PCLATH_SHAD     equ	8167	;# 
   729     1FE8                     FSR0_SHAD       equ	8168	;# 
   730     1FE8                     FSR0L_SHAD      equ	8168	;# 
   731     1FE9                     FSR0H_SHAD      equ	8169	;# 
   732     1FEA                     FSR1_SHAD       equ	8170	;# 
   733     1FEA                     FSR1L_SHAD      equ	8170	;# 
   734     1FEB                     FSR1H_SHAD      equ	8171	;# 
   735     1FED                     STKPTR          equ	8173	;# 
   736     1FEE                     TOSL            equ	8174	;# 
   737     1FEF                     TOSH            equ	8175	;# 
   738     0000                     INDF0           equ	0	;# 
   739     0001                     INDF1           equ	1	;# 
   740     0002                     PCL             equ	2	;# 
   741     0003                     STATUS          equ	3	;# 
   742     0004                     FSR0L           equ	4	;# 
   743     0005                     FSR0H           equ	5	;# 
   744     0006                     FSR1L           equ	6	;# 
   745     0007                     FSR1H           equ	7	;# 
   746     0008                     BSR             equ	8	;# 
   747     0009                     WREG            equ	9	;# 
   748     000A                     PCLATH          equ	10	;# 
   749     000B                     INTCON          equ	11	;# 
   750     000C                     PORTA           equ	12	;# 
   751     000D                     PORTB           equ	13	;# 
   752     000E                     PORTC           equ	14	;# 
   753     0012                     TRISA           equ	18	;# 
   754     0013                     TRISB           equ	19	;# 
   755     0014                     TRISC           equ	20	;# 
   756     0018                     LATA            equ	24	;# 
   757     0019                     LATB            equ	25	;# 
   758     001A                     LATC            equ	26	;# 
   759     008C                     PIR0            equ	140	;# 
   760     008D                     PIR1            equ	141	;# 
   761     008E                     PIR2            equ	142	;# 
   762     008F                     PIR3            equ	143	;# 
   763     0090                     PIR4            equ	144	;# 
   764     0091                     PIR5            equ	145	;# 
   765     0092                     PIR6            equ	146	;# 
   766     0093                     PIR7            equ	147	;# 
   767     0096                     PIE0            equ	150	;# 
   768     0097                     PIE1            equ	151	;# 
   769     0098                     PIE2            equ	152	;# 
   770     0099                     PIE3            equ	153	;# 
   771     009A                     PIE4            equ	154	;# 
   772     009B                     PIE5            equ	155	;# 
   773     009C                     PIE6            equ	156	;# 
   774     009D                     PIE7            equ	157	;# 
   775     010C                     PMD0            equ	268	;# 
   776     010D                     PMD1            equ	269	;# 
   777     010E                     PMD2            equ	270	;# 
   778     010F                     PMD3            equ	271	;# 
   779     0110                     PMD4            equ	272	;# 
   780     0111                     PMD5            equ	273	;# 
   781     018C                     WDTCON0         equ	396	;# 
   782     018D                     WDTCON1         equ	397	;# 
   783     018E                     WDTPS           equ	398	;# 
   784     018E                     WDTPSL          equ	398	;# 
   785     018F                     WDTPSH          equ	399	;# 
   786     0190                     WDTTMR          equ	400	;# 
   787     0191                     BORCON          equ	401	;# 
   788     0192                     PCON0           equ	402	;# 
   789     0193                     PCON1           equ	403	;# 
   790     019C                     TMR0L           equ	412	;# 
   791     019C                     TMR0            equ	412	;# 
   792     019D                     TMR0H           equ	413	;# 
   793     019D                     PR0             equ	413	;# 
   794     019E                     T0CON0          equ	414	;# 
   795     019F                     T0CON1          equ	415	;# 
   796     020C                     FVRCON          equ	524	;# 
   797     020D                     CPCON           equ	525	;# 
   798     028C                     CPUDOZE         equ	652	;# 
   799     028D                     OSCCON1         equ	653	;# 
   800     028E                     OSCCON2         equ	654	;# 
   801     028F                     OSCCON3         equ	655	;# 
   802     0290                     OSCSTAT         equ	656	;# 
   803     0291                     OSCEN           equ	657	;# 
   804     0292                     OSCTUNE         equ	658	;# 
   805     0293                     OSCFRQ          equ	659	;# 
   806     030C                     TMR1            equ	780	;# 
   807     030C                     TMR1L           equ	780	;# 
   808     030D                     TMR1H           equ	781	;# 
   809     030E                     T1CON           equ	782	;# 
   810     030F                     T1GCON          equ	783	;# 
   811     030F                     PR1             equ	783	;# 
   812     0310                     T1GATE          equ	784	;# 
   813     0310                     TMR1GATE        equ	784	;# 
   814     0311                     T1CLK           equ	785	;# 
   815     0311                     TMR1CLK         equ	785	;# 
   816     038C                     T2TMR           equ	908	;# 
   817     038C                     TMR2            equ	908	;# 
   818     038D                     T2PR            equ	909	;# 
   819     038D                     PR2             equ	909	;# 
   820     038E                     T2CON           equ	910	;# 
   821     038F                     T2HLT           equ	911	;# 
   822     0390                     T2CLKCON        equ	912	;# 
   823     0390                     T2CLK           equ	912	;# 
   824     0391                     T2RST           equ	913	;# 
   825     040C                     CCPR1           equ	1036	;# 
   826     040C                     CCPR1L          equ	1036	;# 
   827     040D                     CCPR1H          equ	1037	;# 
   828     040E                     CCP1CON         equ	1038	;# 
   829     040F                     CCP1CAP         equ	1039	;# 
   830     0410                     CCPR2           equ	1040	;# 
   831     0410                     CCPR2L          equ	1040	;# 
   832     0411                     CCPR2H          equ	1041	;# 
   833     0412                     CCP2CON         equ	1042	;# 
   834     0413                     CCP2CAP         equ	1043	;# 
   835     041F                     CCPTMRS0        equ	1055	;# 
   836     050C                     CLBCON          equ	1292	;# 
   837     050D                     CLBSWINU        equ	1293	;# 
   838     050E                     CLBSWINH        equ	1294	;# 
   839     050F                     CLBSWINM        equ	1295	;# 
   840     0510                     CLBSWINL        equ	1296	;# 
   841     0515                     CLBCLK          equ	1301	;# 
   842     0516                     CLBPPSCON4      equ	1302	;# 
   843     0517                     CLBPPSCON3      equ	1303	;# 
   844     0518                     CLBPPSCON2      equ	1304	;# 
   845     0519                     CLBPPSCON1      equ	1305	;# 
   846     068C                     CLCnCON         equ	1676	;# 
   847     068D                     CLCnPOL         equ	1677	;# 
   848     068E                     CLCnSEL0        equ	1678	;# 
   849     068F                     CLCnSEL1        equ	1679	;# 
   850     0690                     CLCnSEL2        equ	1680	;# 
   851     0691                     CLCnSEL3        equ	1681	;# 
   852     0692                     CLCnGLS0        equ	1682	;# 
   853     0693                     CLCnGLS1        equ	1683	;# 
   854     0694                     CLCnGLS2        equ	1684	;# 
   855     0695                     CLCnGLS3        equ	1685	;# 
   856     0696                     CLCSELECT       equ	1686	;# 
   857     0697                     CLCDATA         equ	1687	;# 
   858     070C                     RC1REG          equ	1804	;# 
   859     070D                     TX1REG          equ	1805	;# 
   860     070E                     SP1BRG          equ	1806	;# 
   861     070E                     SP1BRGL         equ	1806	;# 
   862     070F                     SP1BRGH         equ	1807	;# 
   863     0710                     RC1STA          equ	1808	;# 
   864     0711                     TX1STA          equ	1809	;# 
   865     0712                     BAUD1CON        equ	1810	;# 
   866     078C                     SSP1BUF         equ	1932	;# 
   867     078D                     SSP1ADD         equ	1933	;# 
   868     078E                     SSP1MSK         equ	1934	;# 
   869     078F                     SSP1STAT        equ	1935	;# 
   870     0790                     SSP1CON1        equ	1936	;# 
   871     0791                     SSP1CON2        equ	1937	;# 
   872     0792                     SSP1CON3        equ	1938	;# 
   873     080C                     CM1CON0         equ	2060	;# 
   874     080D                     CM1CON1         equ	2061	;# 
   875     080E                     CM1NCH          equ	2062	;# 
   876     080F                     CM1PCH          equ	2063	;# 
   877     0810                     CM2CON0         equ	2064	;# 
   878     0811                     CM2CON1         equ	2065	;# 
   879     0812                     CM2NCH          equ	2066	;# 
   880     0813                     CM2PCH          equ	2067	;# 
   881     081F                     CMOUT           equ	2079	;# 
   882     0820                     PWM1DC          equ	2080	;# 
   883     0820                     PWM1DCL         equ	2080	;# 
   884     0821                     PWM1DCH         equ	2081	;# 
   885     0822                     PWM1CON         equ	2082	;# 
   886     0823                     PWM2DC          equ	2083	;# 
   887     0823                     PWM2DCL         equ	2083	;# 
   888     0824                     PWM2DCH         equ	2084	;# 
   889     0825                     PWM2CON         equ	2085	;# 
   890     082F                     PWMTMRS0        equ	2095	;# 
   891     088C                     DAC1CON         equ	2188	;# 
   892     088D                     DAC1DATL        equ	2189	;# 
   893     1C8C                     NVMADR          equ	7308	;# 
   894     1C8C                     NVMADRL         equ	7308	;# 
   895     1C8D                     NVMADRH         equ	7309	;# 
   896     1C8E                     NVMDAT          equ	7310	;# 
   897     1C8E                     NVMDATL         equ	7310	;# 
   898     1C8F                     NVMDATH         equ	7311	;# 
   899     1C90                     NVMCON1         equ	7312	;# 
   900     1C91                     NVMCON2         equ	7313	;# 
   901     1C92                     SCANCON0        equ	7314	;# 
   902     1C93                     SCANLADR        equ	7315	;# 
   903     1C93                     SCANLADRL       equ	7315	;# 
   904     1C94                     SCANLADRH       equ	7316	;# 
   905     1C96                     SCANHADR        equ	7318	;# 
   906     1C96                     SCANHADRL       equ	7318	;# 
   907     1C97                     SCANHADRH       equ	7319	;# 
   908     1C99                     SCANDPS         equ	7321	;# 
   909     1C9A                     SCANTRIG        equ	7322	;# 
   910     1C9D                     CRCDATA         equ	7325	;# 
   911     1C9D                     CRCDATAL        equ	7325	;# 
   912     1C9E                     CRCDATAH        equ	7326	;# 
   913     1C9F                     CRCDATAU        equ	7327	;# 
   914     1CA0                     CRCDATAT        equ	7328	;# 
   915     1CA1                     CRCOUT          equ	7329	;# 
   916     1CA1                     CRCSHFT         equ	7329	;# 
   917     1CA1                     CRCXOR          equ	7329	;# 
   918     1CA1                     CRCOUTL         equ	7329	;# 
   919     1CA1                     CRCSHFTL        equ	7329	;# 
   920     1CA1                     CRCSHIFTL       equ	7329	;# 
   921     1CA1                     CRCXORL         equ	7329	;# 
   922     1CA2                     CRCOUTH         equ	7330	;# 
   923     1CA2                     CRCSHFTH        equ	7330	;# 
   924     1CA2                     CRCSHIFTH       equ	7330	;# 
   925     1CA2                     CRCXORH         equ	7330	;# 
   926     1CA3                     CRCOUTU         equ	7331	;# 
   927     1CA3                     CRCSHFTU        equ	7331	;# 
   928     1CA3                     CRCSHIFTU       equ	7331	;# 
   929     1CA3                     CRCXORU         equ	7331	;# 
   930     1CA4                     CRCOUTT         equ	7332	;# 
   931     1CA4                     CRCSHFTT        equ	7332	;# 
   932     1CA4                     CRCSHIFTT       equ	7332	;# 
   933     1CA4                     CRCXORT         equ	7332	;# 
   934     1CA5                     CRCCON0         equ	7333	;# 
   935     1CA6                     CRCCON1         equ	7334	;# 
   936     1CA7                     CRCCON2         equ	7335	;# 
   937     1D0C                     ADLTH           equ	7436	;# 
   938     1D0C                     ADLTHL          equ	7436	;# 
   939     1D0D                     ADLTHH          equ	7437	;# 
   940     1D0E                     ADUTH           equ	7438	;# 
   941     1D0E                     ADUTHL          equ	7438	;# 
   942     1D0F                     ADUTHH          equ	7439	;# 
   943     1D10                     ADERR           equ	7440	;# 
   944     1D10                     ADERRL          equ	7440	;# 
   945     1D11                     ADERRH          equ	7441	;# 
   946     1D12                     ADSTPT          equ	7442	;# 
   947     1D12                     ADSTPTL         equ	7442	;# 
   948     1D13                     ADSTPTH         equ	7443	;# 
   949     1D14                     ADFLTR          equ	7444	;# 
   950     1D14                     ADFLTRL         equ	7444	;# 
   951     1D15                     ADFLTRH         equ	7445	;# 
   952     1D16                     ADACC           equ	7446	;# 
   953     1D16                     ADACCL          equ	7446	;# 
   954     1D17                     ADACCH          equ	7447	;# 
   955     1D18                     ADACCU          equ	7448	;# 
   956     1D19                     ADCNT           equ	7449	;# 
   957     1D1A                     ADRPT           equ	7450	;# 
   958     1D1B                     ADPREV          equ	7451	;# 
   959     1D1B                     ADPREVL         equ	7451	;# 
   960     1D1C                     ADPREVH         equ	7452	;# 
   961     1D1D                     ADRES           equ	7453	;# 
   962     1D1D                     ADRESL          equ	7453	;# 
   963     1D1E                     ADRESH          equ	7454	;# 
   964     1D1F                     ADPCH           equ	7455	;# 
   965     1D21                     ADACQ           equ	7457	;# 
   966     1D21                     ADACQL          equ	7457	;# 
   967     1D22                     ADACQH          equ	7458	;# 
   968     1D23                     ADCAP           equ	7459	;# 
   969     1D24                     ADPRE           equ	7460	;# 
   970     1D24                     ADPREL          equ	7460	;# 
   971     1D25                     ADPREH          equ	7461	;# 
   972     1D26                     ADCON0          equ	7462	;# 
   973     1D27                     ADCON1          equ	7463	;# 
   974     1D28                     ADCON2          equ	7464	;# 
   975     1D29                     ADCON3          equ	7465	;# 
   976     1D2A                     ADSTAT          equ	7466	;# 
   977     1D2B                     ADREF           equ	7467	;# 
   978     1D2C                     ADACT           equ	7468	;# 
   979     1D2D                     ADCLK           equ	7469	;# 
   980     1D2E                     ADCG1A          equ	7470	;# 
   981     1D2F                     ADCG1B          equ	7471	;# 
   982     1D30                     ADCG1C          equ	7472	;# 
   983     1D8C                     RA0PPS          equ	7564	;# 
   984     1D8D                     RA1PPS          equ	7565	;# 
   985     1D8E                     RA2PPS          equ	7566	;# 
   986     1D90                     RA4PPS          equ	7568	;# 
   987     1D91                     RA5PPS          equ	7569	;# 
   988     1D98                     RB4PPS          equ	7576	;# 
   989     1D99                     RB5PPS          equ	7577	;# 
   990     1D9A                     RB6PPS          equ	7578	;# 
   991     1D9B                     RB7PPS          equ	7579	;# 
   992     1D9C                     RC0PPS          equ	7580	;# 
   993     1D9D                     RC1PPS          equ	7581	;# 
   994     1D9E                     RC2PPS          equ	7582	;# 
   995     1D9F                     RC3PPS          equ	7583	;# 
   996     1DA0                     RC4PPS          equ	7584	;# 
   997     1DA1                     RC5PPS          equ	7585	;# 
   998     1DA2                     RC6PPS          equ	7586	;# 
   999     1DA3                     RC7PPS          equ	7587	;# 
  1000     1E0C                     PPSLOCK         equ	7692	;# 
  1001     1E0D                     INTPPS          equ	7693	;# 
  1002     1E0E                     T0CKIPPS        equ	7694	;# 
  1003     1E0F                     T1CKIPPS        equ	7695	;# 
  1004     1E10                     T1GPPS          equ	7696	;# 
  1005     1E19                     T2INPPS         equ	7705	;# 
  1006     1E1E                     CCP1PPS         equ	7710	;# 
  1007     1E1F                     CCP2PPS         equ	7711	;# 
  1008     1E3D                     CLCIN0PPS       equ	7741	;# 
  1009     1E3E                     CLCIN1PPS       equ	7742	;# 
  1010     1E3F                     CLCIN2PPS       equ	7743	;# 
  1011     1E40                     CLCIN3PPS       equ	7744	;# 
  1012     1E41                     CK1PPS          equ	7745	;# 
  1013     1E41                     RX1DTPPS        equ	7745	;# 
  1014     1E42                     RX1PPS          equ	7746	;# 
  1015     1E42                     TX1CKPPS        equ	7746	;# 
  1016     1E47                     SSP1CLKPPS      equ	7751	;# 
  1017     1E48                     SSP1DATPPS      equ	7752	;# 
  1018     1E49                     SSP1SSPPS       equ	7753	;# 
  1019     1E50                     ADACTPPS        equ	7760	;# 
  1020     1E57                     CLBIN0PPS       equ	7767	;# 
  1021     1E58                     CLBIN1PPS       equ	7768	;# 
  1022     1E59                     CLBIN2PPS       equ	7769	;# 
  1023     1E5A                     CLBIN3PPS       equ	7770	;# 
  1024     1E8C                     ANSELA          equ	7820	;# 
  1025     1E8D                     WPUA            equ	7821	;# 
  1026     1E8E                     ODCONA          equ	7822	;# 
  1027     1E8F                     SLRCONA         equ	7823	;# 
  1028     1E90                     INLVLA          equ	7824	;# 
  1029     1E91                     IOCAP           equ	7825	;# 
  1030     1E92                     IOCAN           equ	7826	;# 
  1031     1E93                     IOCAF           equ	7827	;# 
  1032     1E96                     ANSELB          equ	7830	;# 
  1033     1E97                     WPUB            equ	7831	;# 
  1034     1E98                     ODCONB          equ	7832	;# 
  1035     1E99                     SLRCONB         equ	7833	;# 
  1036     1E9A                     INLVLB          equ	7834	;# 
  1037     1E9B                     IOCBP           equ	7835	;# 
  1038     1E9C                     IOCBN           equ	7836	;# 
  1039     1E9D                     IOCBF           equ	7837	;# 
  1040     1EA0                     ANSELC          equ	7840	;# 
  1041     1EA1                     WPUC            equ	7841	;# 
  1042     1EA2                     ODCONC          equ	7842	;# 
  1043     1EA3                     SLRCONC         equ	7843	;# 
  1044     1EA4                     INLVLC          equ	7844	;# 
  1045     1EA5                     IOCCP           equ	7845	;# 
  1046     1EA6                     IOCCN           equ	7846	;# 
  1047     1EA7                     IOCCF           equ	7847	;# 
  1048     1EE5                     RB4I2C          equ	7909	;# 
  1049     1EE7                     RB6I2C          equ	7911	;# 
  1050     1F0C                     UMTOAP          equ	7948	;# 
  1051     1F0D                     UMTOAL          equ	7949	;# 
  1052     1F0E                     UMTOAH          equ	7950	;# 
  1053     1FE4                     STATUS_SHAD     equ	8164	;# 
  1054     1FE5                     WREG_SHAD       equ	8165	;# 
  1055     1FE6                     BSR_SHAD        equ	8166	;# 
  1056     1FE7                     PCLATH_SHAD     equ	8167	;# 
  1057     1FE8                     FSR0_SHAD       equ	8168	;# 
  1058     1FE8                     FSR0L_SHAD      equ	8168	;# 
  1059     1FE9                     FSR0H_SHAD      equ	8169	;# 
  1060     1FEA                     FSR1_SHAD       equ	8170	;# 
  1061     1FEA                     FSR1L_SHAD      equ	8170	;# 
  1062     1FEB                     FSR1H_SHAD      equ	8171	;# 
  1063     1FED                     STKPTR          equ	8173	;# 
  1064     1FEE                     TOSL            equ	8174	;# 
  1065     1FEF                     TOSH            equ	8175	;# 
  1066     0000                     INDF0           equ	0	;# 
  1067     0001                     INDF1           equ	1	;# 
  1068     0002                     PCL             equ	2	;# 
  1069     0003                     STATUS          equ	3	;# 
  1070     0004                     FSR0L           equ	4	;# 
  1071     0005                     FSR0H           equ	5	;# 
  1072     0006                     FSR1L           equ	6	;# 
  1073     0007                     FSR1H           equ	7	;# 
  1074     0008                     BSR             equ	8	;# 
  1075     0009                     WREG            equ	9	;# 
  1076     000A                     PCLATH          equ	10	;# 
  1077     000B                     INTCON          equ	11	;# 
  1078     000C                     PORTA           equ	12	;# 
  1079     000D                     PORTB           equ	13	;# 
  1080     000E                     PORTC           equ	14	;# 
  1081     0012                     TRISA           equ	18	;# 
  1082     0013                     TRISB           equ	19	;# 
  1083     0014                     TRISC           equ	20	;# 
  1084     0018                     LATA            equ	24	;# 
  1085     0019                     LATB            equ	25	;# 
  1086     001A                     LATC            equ	26	;# 
  1087     008C                     PIR0            equ	140	;# 
  1088     008D                     PIR1            equ	141	;# 
  1089     008E                     PIR2            equ	142	;# 
  1090     008F                     PIR3            equ	143	;# 
  1091     0090                     PIR4            equ	144	;# 
  1092     0091                     PIR5            equ	145	;# 
  1093     0092                     PIR6            equ	146	;# 
  1094     0093                     PIR7            equ	147	;# 
  1095     0096                     PIE0            equ	150	;# 
  1096     0097                     PIE1            equ	151	;# 
  1097     0098                     PIE2            equ	152	;# 
  1098     0099                     PIE3            equ	153	;# 
  1099     009A                     PIE4            equ	154	;# 
  1100     009B                     PIE5            equ	155	;# 
  1101     009C                     PIE6            equ	156	;# 
  1102     009D                     PIE7            equ	157	;# 
  1103     010C                     PMD0            equ	268	;# 
  1104     010D                     PMD1            equ	269	;# 
  1105     010E                     PMD2            equ	270	;# 
  1106     010F                     PMD3            equ	271	;# 
  1107     0110                     PMD4            equ	272	;# 
  1108     0111                     PMD5            equ	273	;# 
  1109     018C                     WDTCON0         equ	396	;# 
  1110     018D                     WDTCON1         equ	397	;# 
  1111     018E                     WDTPS           equ	398	;# 
  1112     018E                     WDTPSL          equ	398	;# 
  1113     018F                     WDTPSH          equ	399	;# 
  1114     0190                     WDTTMR          equ	400	;# 
  1115     0191                     BORCON          equ	401	;# 
  1116     0192                     PCON0           equ	402	;# 
  1117     0193                     PCON1           equ	403	;# 
  1118     019C                     TMR0L           equ	412	;# 
  1119     019C                     TMR0            equ	412	;# 
  1120     019D                     TMR0H           equ	413	;# 
  1121     019D                     PR0             equ	413	;# 
  1122     019E                     T0CON0          equ	414	;# 
  1123     019F                     T0CON1          equ	415	;# 
  1124     020C                     FVRCON          equ	524	;# 
  1125     020D                     CPCON           equ	525	;# 
  1126     028C                     CPUDOZE         equ	652	;# 
  1127     028D                     OSCCON1         equ	653	;# 
  1128     028E                     OSCCON2         equ	654	;# 
  1129     028F                     OSCCON3         equ	655	;# 
  1130     0290                     OSCSTAT         equ	656	;# 
  1131     0291                     OSCEN           equ	657	;# 
  1132     0292                     OSCTUNE         equ	658	;# 
  1133     0293                     OSCFRQ          equ	659	;# 
  1134     030C                     TMR1            equ	780	;# 
  1135     030C                     TMR1L           equ	780	;# 
  1136     030D                     TMR1H           equ	781	;# 
  1137     030E                     T1CON           equ	782	;# 
  1138     030F                     T1GCON          equ	783	;# 
  1139     030F                     PR1             equ	783	;# 
  1140     0310                     T1GATE          equ	784	;# 
  1141     0310                     TMR1GATE        equ	784	;# 
  1142     0311                     T1CLK           equ	785	;# 
  1143     0311                     TMR1CLK         equ	785	;# 
  1144     038C                     T2TMR           equ	908	;# 
  1145     038C                     TMR2            equ	908	;# 
  1146     038D                     T2PR            equ	909	;# 
  1147     038D                     PR2             equ	909	;# 
  1148     038E                     T2CON           equ	910	;# 
  1149     038F                     T2HLT           equ	911	;# 
  1150     0390                     T2CLKCON        equ	912	;# 
  1151     0390                     T2CLK           equ	912	;# 
  1152     0391                     T2RST           equ	913	;# 
  1153     040C                     CCPR1           equ	1036	;# 
  1154     040C                     CCPR1L          equ	1036	;# 
  1155     040D                     CCPR1H          equ	1037	;# 
  1156     040E                     CCP1CON         equ	1038	;# 
  1157     040F                     CCP1CAP         equ	1039	;# 
  1158     0410                     CCPR2           equ	1040	;# 
  1159     0410                     CCPR2L          equ	1040	;# 
  1160     0411                     CCPR2H          equ	1041	;# 
  1161     0412                     CCP2CON         equ	1042	;# 
  1162     0413                     CCP2CAP         equ	1043	;# 
  1163     041F                     CCPTMRS0        equ	1055	;# 
  1164     050C                     CLBCON          equ	1292	;# 
  1165     050D                     CLBSWINU        equ	1293	;# 
  1166     050E                     CLBSWINH        equ	1294	;# 
  1167     050F                     CLBSWINM        equ	1295	;# 
  1168     0510                     CLBSWINL        equ	1296	;# 
  1169     0515                     CLBCLK          equ	1301	;# 
  1170     0516                     CLBPPSCON4      equ	1302	;# 
  1171     0517                     CLBPPSCON3      equ	1303	;# 
  1172     0518                     CLBPPSCON2      equ	1304	;# 
  1173     0519                     CLBPPSCON1      equ	1305	;# 
  1174     068C                     CLCnCON         equ	1676	;# 
  1175     068D                     CLCnPOL         equ	1677	;# 
  1176     068E                     CLCnSEL0        equ	1678	;# 
  1177     068F                     CLCnSEL1        equ	1679	;# 
  1178     0690                     CLCnSEL2        equ	1680	;# 
  1179     0691                     CLCnSEL3        equ	1681	;# 
  1180     0692                     CLCnGLS0        equ	1682	;# 
  1181     0693                     CLCnGLS1        equ	1683	;# 
  1182     0694                     CLCnGLS2        equ	1684	;# 
  1183     0695                     CLCnGLS3        equ	1685	;# 
  1184     0696                     CLCSELECT       equ	1686	;# 
  1185     0697                     CLCDATA         equ	1687	;# 
  1186     070C                     RC1REG          equ	1804	;# 
  1187     070D                     TX1REG          equ	1805	;# 
  1188     070E                     SP1BRG          equ	1806	;# 
  1189     070E                     SP1BRGL         equ	1806	;# 
  1190     070F                     SP1BRGH         equ	1807	;# 
  1191     0710                     RC1STA          equ	1808	;# 
  1192     0711                     TX1STA          equ	1809	;# 
  1193     0712                     BAUD1CON        equ	1810	;# 
  1194     078C                     SSP1BUF         equ	1932	;# 
  1195     078D                     SSP1ADD         equ	1933	;# 
  1196     078E                     SSP1MSK         equ	1934	;# 
  1197     078F                     SSP1STAT        equ	1935	;# 
  1198     0790                     SSP1CON1        equ	1936	;# 
  1199     0791                     SSP1CON2        equ	1937	;# 
  1200     0792                     SSP1CON3        equ	1938	;# 
  1201     080C                     CM1CON0         equ	2060	;# 
  1202     080D                     CM1CON1         equ	2061	;# 
  1203     080E                     CM1NCH          equ	2062	;# 
  1204     080F                     CM1PCH          equ	2063	;# 
  1205     0810                     CM2CON0         equ	2064	;# 
  1206     0811                     CM2CON1         equ	2065	;# 
  1207     0812                     CM2NCH          equ	2066	;# 
  1208     0813                     CM2PCH          equ	2067	;# 
  1209     081F                     CMOUT           equ	2079	;# 
  1210     0820                     PWM1DC          equ	2080	;# 
  1211     0820                     PWM1DCL         equ	2080	;# 
  1212     0821                     PWM1DCH         equ	2081	;# 
  1213     0822                     PWM1CON         equ	2082	;# 
  1214     0823                     PWM2DC          equ	2083	;# 
  1215     0823                     PWM2DCL         equ	2083	;# 
  1216     0824                     PWM2DCH         equ	2084	;# 
  1217     0825                     PWM2CON         equ	2085	;# 
  1218     082F                     PWMTMRS0        equ	2095	;# 
  1219     088C                     DAC1CON         equ	2188	;# 
  1220     088D                     DAC1DATL        equ	2189	;# 
  1221     1C8C                     NVMADR          equ	7308	;# 
  1222     1C8C                     NVMADRL         equ	7308	;# 
  1223     1C8D                     NVMADRH         equ	7309	;# 
  1224     1C8E                     NVMDAT          equ	7310	;# 
  1225     1C8E                     NVMDATL         equ	7310	;# 
  1226     1C8F                     NVMDATH         equ	7311	;# 
  1227     1C90                     NVMCON1         equ	7312	;# 
  1228     1C91                     NVMCON2         equ	7313	;# 
  1229     1C92                     SCANCON0        equ	7314	;# 
  1230     1C93                     SCANLADR        equ	7315	;# 
  1231     1C93                     SCANLADRL       equ	7315	;# 
  1232     1C94                     SCANLADRH       equ	7316	;# 
  1233     1C96                     SCANHADR        equ	7318	;# 
  1234     1C96                     SCANHADRL       equ	7318	;# 
  1235     1C97                     SCANHADRH       equ	7319	;# 
  1236     1C99                     SCANDPS         equ	7321	;# 
  1237     1C9A                     SCANTRIG        equ	7322	;# 
  1238     1C9D                     CRCDATA         equ	7325	;# 
  1239     1C9D                     CRCDATAL        equ	7325	;# 
  1240     1C9E                     CRCDATAH        equ	7326	;# 
  1241     1C9F                     CRCDATAU        equ	7327	;# 
  1242     1CA0                     CRCDATAT        equ	7328	;# 
  1243     1CA1                     CRCOUT          equ	7329	;# 
  1244     1CA1                     CRCSHFT         equ	7329	;# 
  1245     1CA1                     CRCXOR          equ	7329	;# 
  1246     1CA1                     CRCOUTL         equ	7329	;# 
  1247     1CA1                     CRCSHFTL        equ	7329	;# 
  1248     1CA1                     CRCSHIFTL       equ	7329	;# 
  1249     1CA1                     CRCXORL         equ	7329	;# 
  1250     1CA2                     CRCOUTH         equ	7330	;# 
  1251     1CA2                     CRCSHFTH        equ	7330	;# 
  1252     1CA2                     CRCSHIFTH       equ	7330	;# 
  1253     1CA2                     CRCXORH         equ	7330	;# 
  1254     1CA3                     CRCOUTU         equ	7331	;# 
  1255     1CA3                     CRCSHFTU        equ	7331	;# 
  1256     1CA3                     CRCSHIFTU       equ	7331	;# 
  1257     1CA3                     CRCXORU         equ	7331	;# 
  1258     1CA4                     CRCOUTT         equ	7332	;# 
  1259     1CA4                     CRCSHFTT        equ	7332	;# 
  1260     1CA4                     CRCSHIFTT       equ	7332	;# 
  1261     1CA4                     CRCXORT         equ	7332	;# 
  1262     1CA5                     CRCCON0         equ	7333	;# 
  1263     1CA6                     CRCCON1         equ	7334	;# 
  1264     1CA7                     CRCCON2         equ	7335	;# 
  1265     1D0C                     ADLTH           equ	7436	;# 
  1266     1D0C                     ADLTHL          equ	7436	;# 
  1267     1D0D                     ADLTHH          equ	7437	;# 
  1268     1D0E                     ADUTH           equ	7438	;# 
  1269     1D0E                     ADUTHL          equ	7438	;# 
  1270     1D0F                     ADUTHH          equ	7439	;# 
  1271     1D10                     ADERR           equ	7440	;# 
  1272     1D10                     ADERRL          equ	7440	;# 
  1273     1D11                     ADERRH          equ	7441	;# 
  1274     1D12                     ADSTPT          equ	7442	;# 
  1275     1D12                     ADSTPTL         equ	7442	;# 
  1276     1D13                     ADSTPTH         equ	7443	;# 
  1277     1D14                     ADFLTR          equ	7444	;# 
  1278     1D14                     ADFLTRL         equ	7444	;# 
  1279     1D15                     ADFLTRH         equ	7445	;# 
  1280     1D16                     ADACC           equ	7446	;# 
  1281     1D16                     ADACCL          equ	7446	;# 
  1282     1D17                     ADACCH          equ	7447	;# 
  1283     1D18                     ADACCU          equ	7448	;# 
  1284     1D19                     ADCNT           equ	7449	;# 
  1285     1D1A                     ADRPT           equ	7450	;# 
  1286     1D1B                     ADPREV          equ	7451	;# 
  1287     1D1B                     ADPREVL         equ	7451	;# 
  1288     1D1C                     ADPREVH         equ	7452	;# 
  1289     1D1D                     ADRES           equ	7453	;# 
  1290     1D1D                     ADRESL          equ	7453	;# 
  1291     1D1E                     ADRESH          equ	7454	;# 
  1292     1D1F                     ADPCH           equ	7455	;# 
  1293     1D21                     ADACQ           equ	7457	;# 
  1294     1D21                     ADACQL          equ	7457	;# 
  1295     1D22                     ADACQH          equ	7458	;# 
  1296     1D23                     ADCAP           equ	7459	;# 
  1297     1D24                     ADPRE           equ	7460	;# 
  1298     1D24                     ADPREL          equ	7460	;# 
  1299     1D25                     ADPREH          equ	7461	;# 
  1300     1D26                     ADCON0          equ	7462	;# 
  1301     1D27                     ADCON1          equ	7463	;# 
  1302     1D28                     ADCON2          equ	7464	;# 
  1303     1D29                     ADCON3          equ	7465	;# 
  1304     1D2A                     ADSTAT          equ	7466	;# 
  1305     1D2B                     ADREF           equ	7467	;# 
  1306     1D2C                     ADACT           equ	7468	;# 
  1307     1D2D                     ADCLK           equ	7469	;# 
  1308     1D2E                     ADCG1A          equ	7470	;# 
  1309     1D2F                     ADCG1B          equ	7471	;# 
  1310     1D30                     ADCG1C          equ	7472	;# 
  1311     1D8C                     RA0PPS          equ	7564	;# 
  1312     1D8D                     RA1PPS          equ	7565	;# 
  1313     1D8E                     RA2PPS          equ	7566	;# 
  1314     1D90                     RA4PPS          equ	7568	;# 
  1315     1D91                     RA5PPS          equ	7569	;# 
  1316     1D98                     RB4PPS          equ	7576	;# 
  1317     1D99                     RB5PPS          equ	7577	;# 
  1318     1D9A                     RB6PPS          equ	7578	;# 
  1319     1D9B                     RB7PPS          equ	7579	;# 
  1320     1D9C                     RC0PPS          equ	7580	;# 
  1321     1D9D                     RC1PPS          equ	7581	;# 
  1322     1D9E                     RC2PPS          equ	7582	;# 
  1323     1D9F                     RC3PPS          equ	7583	;# 
  1324     1DA0                     RC4PPS          equ	7584	;# 
  1325     1DA1                     RC5PPS          equ	7585	;# 
  1326     1DA2                     RC6PPS          equ	7586	;# 
  1327     1DA3                     RC7PPS          equ	7587	;# 
  1328     1E0C                     PPSLOCK         equ	7692	;# 
  1329     1E0D                     INTPPS          equ	7693	;# 
  1330     1E0E                     T0CKIPPS        equ	7694	;# 
  1331     1E0F                     T1CKIPPS        equ	7695	;# 
  1332     1E10                     T1GPPS          equ	7696	;# 
  1333     1E19                     T2INPPS         equ	7705	;# 
  1334     1E1E                     CCP1PPS         equ	7710	;# 
  1335     1E1F                     CCP2PPS         equ	7711	;# 
  1336     1E3D                     CLCIN0PPS       equ	7741	;# 
  1337     1E3E                     CLCIN1PPS       equ	7742	;# 
  1338     1E3F                     CLCIN2PPS       equ	7743	;# 
  1339     1E40                     CLCIN3PPS       equ	7744	;# 
  1340     1E41                     CK1PPS          equ	7745	;# 
  1341     1E41                     RX1DTPPS        equ	7745	;# 
  1342     1E42                     RX1PPS          equ	7746	;# 
  1343     1E42                     TX1CKPPS        equ	7746	;# 
  1344     1E47                     SSP1CLKPPS      equ	7751	;# 
  1345     1E48                     SSP1DATPPS      equ	7752	;# 
  1346     1E49                     SSP1SSPPS       equ	7753	;# 
  1347     1E50                     ADACTPPS        equ	7760	;# 
  1348     1E57                     CLBIN0PPS       equ	7767	;# 
  1349     1E58                     CLBIN1PPS       equ	7768	;# 
  1350     1E59                     CLBIN2PPS       equ	7769	;# 
  1351     1E5A                     CLBIN3PPS       equ	7770	;# 
  1352     1E8C                     ANSELA          equ	7820	;# 
  1353     1E8D                     WPUA            equ	7821	;# 
  1354     1E8E                     ODCONA          equ	7822	;# 
  1355     1E8F                     SLRCONA         equ	7823	;# 
  1356     1E90                     INLVLA          equ	7824	;# 
  1357     1E91                     IOCAP           equ	7825	;# 
  1358     1E92                     IOCAN           equ	7826	;# 
  1359     1E93                     IOCAF           equ	7827	;# 
  1360     1E96                     ANSELB          equ	7830	;# 
  1361     1E97                     WPUB            equ	7831	;# 
  1362     1E98                     ODCONB          equ	7832	;# 
  1363     1E99                     SLRCONB         equ	7833	;# 
  1364     1E9A                     INLVLB          equ	7834	;# 
  1365     1E9B                     IOCBP           equ	7835	;# 
  1366     1E9C                     IOCBN           equ	7836	;# 
  1367     1E9D                     IOCBF           equ	7837	;# 
  1368     1EA0                     ANSELC          equ	7840	;# 
  1369     1EA1                     WPUC            equ	7841	;# 
  1370     1EA2                     ODCONC          equ	7842	;# 
  1371     1EA3                     SLRCONC         equ	7843	;# 
  1372     1EA4                     INLVLC          equ	7844	;# 
  1373     1EA5                     IOCCP           equ	7845	;# 
  1374     1EA6                     IOCCN           equ	7846	;# 
  1375     1EA7                     IOCCF           equ	7847	;# 
  1376     1EE5                     RB4I2C          equ	7909	;# 
  1377     1EE7                     RB6I2C          equ	7911	;# 
  1378     1F0C                     UMTOAP          equ	7948	;# 
  1379     1F0D                     UMTOAL          equ	7949	;# 
  1380     1F0E                     UMTOAH          equ	7950	;# 
  1381     1FE4                     STATUS_SHAD     equ	8164	;# 
  1382     1FE5                     WREG_SHAD       equ	8165	;# 
  1383     1FE6                     BSR_SHAD        equ	8166	;# 
  1384     1FE7                     PCLATH_SHAD     equ	8167	;# 
  1385     1FE8                     FSR0_SHAD       equ	8168	;# 
  1386     1FE8                     FSR0L_SHAD      equ	8168	;# 
  1387     1FE9                     FSR0H_SHAD      equ	8169	;# 
  1388     1FEA                     FSR1_SHAD       equ	8170	;# 
  1389     1FEA                     FSR1L_SHAD      equ	8170	;# 
  1390     1FEB                     FSR1H_SHAD      equ	8171	;# 
  1391     1FED                     STKPTR          equ	8173	;# 
  1392     1FEE                     TOSL            equ	8174	;# 
  1393     1FEF                     TOSH            equ	8175	;# 
  1394     0000                     INDF0           equ	0	;# 
  1395     0001                     INDF1           equ	1	;# 
  1396     0002                     PCL             equ	2	;# 
  1397     0003                     STATUS          equ	3	;# 
  1398     0004                     FSR0L           equ	4	;# 
  1399     0005                     FSR0H           equ	5	;# 
  1400     0006                     FSR1L           equ	6	;# 
  1401     0007                     FSR1H           equ	7	;# 
  1402     0008                     BSR             equ	8	;# 
  1403     0009                     WREG            equ	9	;# 
  1404     000A                     PCLATH          equ	10	;# 
  1405     000B                     INTCON          equ	11	;# 
  1406     000C                     PORTA           equ	12	;# 
  1407     000D                     PORTB           equ	13	;# 
  1408     000E                     PORTC           equ	14	;# 
  1409     0012                     TRISA           equ	18	;# 
  1410     0013                     TRISB           equ	19	;# 
  1411     0014                     TRISC           equ	20	;# 
  1412     0018                     LATA            equ	24	;# 
  1413     0019                     LATB            equ	25	;# 
  1414     001A                     LATC            equ	26	;# 
  1415     008C                     PIR0            equ	140	;# 
  1416     008D                     PIR1            equ	141	;# 
  1417     008E                     PIR2            equ	142	;# 
  1418     008F                     PIR3            equ	143	;# 
  1419     0090                     PIR4            equ	144	;# 
  1420     0091                     PIR5            equ	145	;# 
  1421     0092                     PIR6            equ	146	;# 
  1422     0093                     PIR7            equ	147	;# 
  1423     0096                     PIE0            equ	150	;# 
  1424     0097                     PIE1            equ	151	;# 
  1425     0098                     PIE2            equ	152	;# 
  1426     0099                     PIE3            equ	153	;# 
  1427     009A                     PIE4            equ	154	;# 
  1428     009B                     PIE5            equ	155	;# 
  1429     009C                     PIE6            equ	156	;# 
  1430     009D                     PIE7            equ	157	;# 
  1431     010C                     PMD0            equ	268	;# 
  1432     010D                     PMD1            equ	269	;# 
  1433     010E                     PMD2            equ	270	;# 
  1434     010F                     PMD3            equ	271	;# 
  1435     0110                     PMD4            equ	272	;# 
  1436     0111                     PMD5            equ	273	;# 
  1437     018C                     WDTCON0         equ	396	;# 
  1438     018D                     WDTCON1         equ	397	;# 
  1439     018E                     WDTPS           equ	398	;# 
  1440     018E                     WDTPSL          equ	398	;# 
  1441     018F                     WDTPSH          equ	399	;# 
  1442     0190                     WDTTMR          equ	400	;# 
  1443     0191                     BORCON          equ	401	;# 
  1444     0192                     PCON0           equ	402	;# 
  1445     0193                     PCON1           equ	403	;# 
  1446     019C                     TMR0L           equ	412	;# 
  1447     019C                     TMR0            equ	412	;# 
  1448     019D                     TMR0H           equ	413	;# 
  1449     019D                     PR0             equ	413	;# 
  1450     019E                     T0CON0          equ	414	;# 
  1451     019F                     T0CON1          equ	415	;# 
  1452     020C                     FVRCON          equ	524	;# 
  1453     020D                     CPCON           equ	525	;# 
  1454     028C                     CPUDOZE         equ	652	;# 
  1455     028D                     OSCCON1         equ	653	;# 
  1456     028E                     OSCCON2         equ	654	;# 
  1457     028F                     OSCCON3         equ	655	;# 
  1458     0290                     OSCSTAT         equ	656	;# 
  1459     0291                     OSCEN           equ	657	;# 
  1460     0292                     OSCTUNE         equ	658	;# 
  1461     0293                     OSCFRQ          equ	659	;# 
  1462     030C                     TMR1            equ	780	;# 
  1463     030C                     TMR1L           equ	780	;# 
  1464     030D                     TMR1H           equ	781	;# 
  1465     030E                     T1CON           equ	782	;# 
  1466     030F                     T1GCON          equ	783	;# 
  1467     030F                     PR1             equ	783	;# 
  1468     0310                     T1GATE          equ	784	;# 
  1469     0310                     TMR1GATE        equ	784	;# 
  1470     0311                     T1CLK           equ	785	;# 
  1471     0311                     TMR1CLK         equ	785	;# 
  1472     038C                     T2TMR           equ	908	;# 
  1473     038C                     TMR2            equ	908	;# 
  1474     038D                     T2PR            equ	909	;# 
  1475     038D                     PR2             equ	909	;# 
  1476     038E                     T2CON           equ	910	;# 
  1477     038F                     T2HLT           equ	911	;# 
  1478     0390                     T2CLKCON        equ	912	;# 
  1479     0390                     T2CLK           equ	912	;# 
  1480     0391                     T2RST           equ	913	;# 
  1481     040C                     CCPR1           equ	1036	;# 
  1482     040C                     CCPR1L          equ	1036	;# 
  1483     040D                     CCPR1H          equ	1037	;# 
  1484     040E                     CCP1CON         equ	1038	;# 
  1485     040F                     CCP1CAP         equ	1039	;# 
  1486     0410                     CCPR2           equ	1040	;# 
  1487     0410                     CCPR2L          equ	1040	;# 
  1488     0411                     CCPR2H          equ	1041	;# 
  1489     0412                     CCP2CON         equ	1042	;# 
  1490     0413                     CCP2CAP         equ	1043	;# 
  1491     041F                     CCPTMRS0        equ	1055	;# 
  1492     050C                     CLBCON          equ	1292	;# 
  1493     050D                     CLBSWINU        equ	1293	;# 
  1494     050E                     CLBSWINH        equ	1294	;# 
  1495     050F                     CLBSWINM        equ	1295	;# 
  1496     0510                     CLBSWINL        equ	1296	;# 
  1497     0515                     CLBCLK          equ	1301	;# 
  1498     0516                     CLBPPSCON4      equ	1302	;# 
  1499     0517                     CLBPPSCON3      equ	1303	;# 
  1500     0518                     CLBPPSCON2      equ	1304	;# 
  1501     0519                     CLBPPSCON1      equ	1305	;# 
  1502     068C                     CLCnCON         equ	1676	;# 
  1503     068D                     CLCnPOL         equ	1677	;# 
  1504     068E                     CLCnSEL0        equ	1678	;# 
  1505     068F                     CLCnSEL1        equ	1679	;# 
  1506     0690                     CLCnSEL2        equ	1680	;# 
  1507     0691                     CLCnSEL3        equ	1681	;# 
  1508     0692                     CLCnGLS0        equ	1682	;# 
  1509     0693                     CLCnGLS1        equ	1683	;# 
  1510     0694                     CLCnGLS2        equ	1684	;# 
  1511     0695                     CLCnGLS3        equ	1685	;# 
  1512     0696                     CLCSELECT       equ	1686	;# 
  1513     0697                     CLCDATA         equ	1687	;# 
  1514     070C                     RC1REG          equ	1804	;# 
  1515     070D                     TX1REG          equ	1805	;# 
  1516     070E                     SP1BRG          equ	1806	;# 
  1517     070E                     SP1BRGL         equ	1806	;# 
  1518     070F                     SP1BRGH         equ	1807	;# 
  1519     0710                     RC1STA          equ	1808	;# 
  1520     0711                     TX1STA          equ	1809	;# 
  1521     0712                     BAUD1CON        equ	1810	;# 
  1522     078C                     SSP1BUF         equ	1932	;# 
  1523     078D                     SSP1ADD         equ	1933	;# 
  1524     078E                     SSP1MSK         equ	1934	;# 
  1525     078F                     SSP1STAT        equ	1935	;# 
  1526     0790                     SSP1CON1        equ	1936	;# 
  1527     0791                     SSP1CON2        equ	1937	;# 
  1528     0792                     SSP1CON3        equ	1938	;# 
  1529     080C                     CM1CON0         equ	2060	;# 
  1530     080D                     CM1CON1         equ	2061	;# 
  1531     080E                     CM1NCH          equ	2062	;# 
  1532     080F                     CM1PCH          equ	2063	;# 
  1533     0810                     CM2CON0         equ	2064	;# 
  1534     0811                     CM2CON1         equ	2065	;# 
  1535     0812                     CM2NCH          equ	2066	;# 
  1536     0813                     CM2PCH          equ	2067	;# 
  1537     081F                     CMOUT           equ	2079	;# 
  1538     0820                     PWM1DC          equ	2080	;# 
  1539     0820                     PWM1DCL         equ	2080	;# 
  1540     0821                     PWM1DCH         equ	2081	;# 
  1541     0822                     PWM1CON         equ	2082	;# 
  1542     0823                     PWM2DC          equ	2083	;# 
  1543     0823                     PWM2DCL         equ	2083	;# 
  1544     0824                     PWM2DCH         equ	2084	;# 
  1545     0825                     PWM2CON         equ	2085	;# 
  1546     082F                     PWMTMRS0        equ	2095	;# 
  1547     088C                     DAC1CON         equ	2188	;# 
  1548     088D                     DAC1DATL        equ	2189	;# 
  1549     1C8C                     NVMADR          equ	7308	;# 
  1550     1C8C                     NVMADRL         equ	7308	;# 
  1551     1C8D                     NVMADRH         equ	7309	;# 
  1552     1C8E                     NVMDAT          equ	7310	;# 
  1553     1C8E                     NVMDATL         equ	7310	;# 
  1554     1C8F                     NVMDATH         equ	7311	;# 
  1555     1C90                     NVMCON1         equ	7312	;# 
  1556     1C91                     NVMCON2         equ	7313	;# 
  1557     1C92                     SCANCON0        equ	7314	;# 
  1558     1C93                     SCANLADR        equ	7315	;# 
  1559     1C93                     SCANLADRL       equ	7315	;# 
  1560     1C94                     SCANLADRH       equ	7316	;# 
  1561     1C96                     SCANHADR        equ	7318	;# 
  1562     1C96                     SCANHADRL       equ	7318	;# 
  1563     1C97                     SCANHADRH       equ	7319	;# 
  1564     1C99                     SCANDPS         equ	7321	;# 
  1565     1C9A                     SCANTRIG        equ	7322	;# 
  1566     1C9D                     CRCDATA         equ	7325	;# 
  1567     1C9D                     CRCDATAL        equ	7325	;# 
  1568     1C9E                     CRCDATAH        equ	7326	;# 
  1569     1C9F                     CRCDATAU        equ	7327	;# 
  1570     1CA0                     CRCDATAT        equ	7328	;# 
  1571     1CA1                     CRCOUT          equ	7329	;# 
  1572     1CA1                     CRCSHFT         equ	7329	;# 
  1573     1CA1                     CRCXOR          equ	7329	;# 
  1574     1CA1                     CRCOUTL         equ	7329	;# 
  1575     1CA1                     CRCSHFTL        equ	7329	;# 
  1576     1CA1                     CRCSHIFTL       equ	7329	;# 
  1577     1CA1                     CRCXORL         equ	7329	;# 
  1578     1CA2                     CRCOUTH         equ	7330	;# 
  1579     1CA2                     CRCSHFTH        equ	7330	;# 
  1580     1CA2                     CRCSHIFTH       equ	7330	;# 
  1581     1CA2                     CRCXORH         equ	7330	;# 
  1582     1CA3                     CRCOUTU         equ	7331	;# 
  1583     1CA3                     CRCSHFTU        equ	7331	;# 
  1584     1CA3                     CRCSHIFTU       equ	7331	;# 
  1585     1CA3                     CRCXORU         equ	7331	;# 
  1586     1CA4                     CRCOUTT         equ	7332	;# 
  1587     1CA4                     CRCSHFTT        equ	7332	;# 
  1588     1CA4                     CRCSHIFTT       equ	7332	;# 
  1589     1CA4                     CRCXORT         equ	7332	;# 
  1590     1CA5                     CRCCON0         equ	7333	;# 
  1591     1CA6                     CRCCON1         equ	7334	;# 
  1592     1CA7                     CRCCON2         equ	7335	;# 
  1593     1D0C                     ADLTH           equ	7436	;# 
  1594     1D0C                     ADLTHL          equ	7436	;# 
  1595     1D0D                     ADLTHH          equ	7437	;# 
  1596     1D0E                     ADUTH           equ	7438	;# 
  1597     1D0E                     ADUTHL          equ	7438	;# 
  1598     1D0F                     ADUTHH          equ	7439	;# 
  1599     1D10                     ADERR           equ	7440	;# 
  1600     1D10                     ADERRL          equ	7440	;# 
  1601     1D11                     ADERRH          equ	7441	;# 
  1602     1D12                     ADSTPT          equ	7442	;# 
  1603     1D12                     ADSTPTL         equ	7442	;# 
  1604     1D13                     ADSTPTH         equ	7443	;# 
  1605     1D14                     ADFLTR          equ	7444	;# 
  1606     1D14                     ADFLTRL         equ	7444	;# 
  1607     1D15                     ADFLTRH         equ	7445	;# 
  1608     1D16                     ADACC           equ	7446	;# 
  1609     1D16                     ADACCL          equ	7446	;# 
  1610     1D17                     ADACCH          equ	7447	;# 
  1611     1D18                     ADACCU          equ	7448	;# 
  1612     1D19                     ADCNT           equ	7449	;# 
  1613     1D1A                     ADRPT           equ	7450	;# 
  1614     1D1B                     ADPREV          equ	7451	;# 
  1615     1D1B                     ADPREVL         equ	7451	;# 
  1616     1D1C                     ADPREVH         equ	7452	;# 
  1617     1D1D                     ADRES           equ	7453	;# 
  1618     1D1D                     ADRESL          equ	7453	;# 
  1619     1D1E                     ADRESH          equ	7454	;# 
  1620     1D1F                     ADPCH           equ	7455	;# 
  1621     1D21                     ADACQ           equ	7457	;# 
  1622     1D21                     ADACQL          equ	7457	;# 
  1623     1D22                     ADACQH          equ	7458	;# 
  1624     1D23                     ADCAP           equ	7459	;# 
  1625     1D24                     ADPRE           equ	7460	;# 
  1626     1D24                     ADPREL          equ	7460	;# 
  1627     1D25                     ADPREH          equ	7461	;# 
  1628     1D26                     ADCON0          equ	7462	;# 
  1629     1D27                     ADCON1          equ	7463	;# 
  1630     1D28                     ADCON2          equ	7464	;# 
  1631     1D29                     ADCON3          equ	7465	;# 
  1632     1D2A                     ADSTAT          equ	7466	;# 
  1633     1D2B                     ADREF           equ	7467	;# 
  1634     1D2C                     ADACT           equ	7468	;# 
  1635     1D2D                     ADCLK           equ	7469	;# 
  1636     1D2E                     ADCG1A          equ	7470	;# 
  1637     1D2F                     ADCG1B          equ	7471	;# 
  1638     1D30                     ADCG1C          equ	7472	;# 
  1639     1D8C                     RA0PPS          equ	7564	;# 
  1640     1D8D                     RA1PPS          equ	7565	;# 
  1641     1D8E                     RA2PPS          equ	7566	;# 
  1642     1D90                     RA4PPS          equ	7568	;# 
  1643     1D91                     RA5PPS          equ	7569	;# 
  1644     1D98                     RB4PPS          equ	7576	;# 
  1645     1D99                     RB5PPS          equ	7577	;# 
  1646     1D9A                     RB6PPS          equ	7578	;# 
  1647     1D9B                     RB7PPS          equ	7579	;# 
  1648     1D9C                     RC0PPS          equ	7580	;# 
  1649     1D9D                     RC1PPS          equ	7581	;# 
  1650     1D9E                     RC2PPS          equ	7582	;# 
  1651     1D9F                     RC3PPS          equ	7583	;# 
  1652     1DA0                     RC4PPS          equ	7584	;# 
  1653     1DA1                     RC5PPS          equ	7585	;# 
  1654     1DA2                     RC6PPS          equ	7586	;# 
  1655     1DA3                     RC7PPS          equ	7587	;# 
  1656     1E0C                     PPSLOCK         equ	7692	;# 
  1657     1E0D                     INTPPS          equ	7693	;# 
  1658     1E0E                     T0CKIPPS        equ	7694	;# 
  1659     1E0F                     T1CKIPPS        equ	7695	;# 
  1660     1E10                     T1GPPS          equ	7696	;# 
  1661     1E19                     T2INPPS         equ	7705	;# 
  1662     1E1E                     CCP1PPS         equ	7710	;# 
  1663     1E1F                     CCP2PPS         equ	7711	;# 
  1664     1E3D                     CLCIN0PPS       equ	7741	;# 
  1665     1E3E                     CLCIN1PPS       equ	7742	;# 
  1666     1E3F                     CLCIN2PPS       equ	7743	;# 
  1667     1E40                     CLCIN3PPS       equ	7744	;# 
  1668     1E41                     CK1PPS          equ	7745	;# 
  1669     1E41                     RX1DTPPS        equ	7745	;# 
  1670     1E42                     RX1PPS          equ	7746	;# 
  1671     1E42                     TX1CKPPS        equ	7746	;# 
  1672     1E47                     SSP1CLKPPS      equ	7751	;# 
  1673     1E48                     SSP1DATPPS      equ	7752	;# 
  1674     1E49                     SSP1SSPPS       equ	7753	;# 
  1675     1E50                     ADACTPPS        equ	7760	;# 
  1676     1E57                     CLBIN0PPS       equ	7767	;# 
  1677     1E58                     CLBIN1PPS       equ	7768	;# 
  1678     1E59                     CLBIN2PPS       equ	7769	;# 
  1679     1E5A                     CLBIN3PPS       equ	7770	;# 
  1680     1E8C                     ANSELA          equ	7820	;# 
  1681     1E8D                     WPUA            equ	7821	;# 
  1682     1E8E                     ODCONA          equ	7822	;# 
  1683     1E8F                     SLRCONA         equ	7823	;# 
  1684     1E90                     INLVLA          equ	7824	;# 
  1685     1E91                     IOCAP           equ	7825	;# 
  1686     1E92                     IOCAN           equ	7826	;# 
  1687     1E93                     IOCAF           equ	7827	;# 
  1688     1E96                     ANSELB          equ	7830	;# 
  1689     1E97                     WPUB            equ	7831	;# 
  1690     1E98                     ODCONB          equ	7832	;# 
  1691     1E99                     SLRCONB         equ	7833	;# 
  1692     1E9A                     INLVLB          equ	7834	;# 
  1693     1E9B                     IOCBP           equ	7835	;# 
  1694     1E9C                     IOCBN           equ	7836	;# 
  1695     1E9D                     IOCBF           equ	7837	;# 
  1696     1EA0                     ANSELC          equ	7840	;# 
  1697     1EA1                     WPUC            equ	7841	;# 
  1698     1EA2                     ODCONC          equ	7842	;# 
  1699     1EA3                     SLRCONC         equ	7843	;# 
  1700     1EA4                     INLVLC          equ	7844	;# 
  1701     1EA5                     IOCCP           equ	7845	;# 
  1702     1EA6                     IOCCN           equ	7846	;# 
  1703     1EA7                     IOCCF           equ	7847	;# 
  1704     1EE5                     RB4I2C          equ	7909	;# 
  1705     1EE7                     RB6I2C          equ	7911	;# 
  1706     1F0C                     UMTOAP          equ	7948	;# 
  1707     1F0D                     UMTOAL          equ	7949	;# 
  1708     1F0E                     UMTOAH          equ	7950	;# 
  1709     1FE4                     STATUS_SHAD     equ	8164	;# 
  1710     1FE5                     WREG_SHAD       equ	8165	;# 
  1711     1FE6                     BSR_SHAD        equ	8166	;# 
  1712     1FE7                     PCLATH_SHAD     equ	8167	;# 
  1713     1FE8                     FSR0_SHAD       equ	8168	;# 
  1714     1FE8                     FSR0L_SHAD      equ	8168	;# 
  1715     1FE9                     FSR0H_SHAD      equ	8169	;# 
  1716     1FEA                     FSR1_SHAD       equ	8170	;# 
  1717     1FEA                     FSR1L_SHAD      equ	8170	;# 
  1718     1FEB                     FSR1H_SHAD      equ	8171	;# 
  1719     1FED                     STKPTR          equ	8173	;# 
  1720     1FEE                     TOSL            equ	8174	;# 
  1721     1FEF                     TOSH            equ	8175	;# 
  1722     0000                     INDF0           equ	0	;# 
  1723     0001                     INDF1           equ	1	;# 
  1724     0002                     PCL             equ	2	;# 
  1725     0003                     STATUS          equ	3	;# 
  1726     0004                     FSR0L           equ	4	;# 
  1727     0005                     FSR0H           equ	5	;# 
  1728     0006                     FSR1L           equ	6	;# 
  1729     0007                     FSR1H           equ	7	;# 
  1730     0008                     BSR             equ	8	;# 
  1731     0009                     WREG            equ	9	;# 
  1732     000A                     PCLATH          equ	10	;# 
  1733     000B                     INTCON          equ	11	;# 
  1734     000C                     PORTA           equ	12	;# 
  1735     000D                     PORTB           equ	13	;# 
  1736     000E                     PORTC           equ	14	;# 
  1737     0012                     TRISA           equ	18	;# 
  1738     0013                     TRISB           equ	19	;# 
  1739     0014                     TRISC           equ	20	;# 
  1740     0018                     LATA            equ	24	;# 
  1741     0019                     LATB            equ	25	;# 
  1742     001A                     LATC            equ	26	;# 
  1743     008C                     PIR0            equ	140	;# 
  1744     008D                     PIR1            equ	141	;# 
  1745     008E                     PIR2            equ	142	;# 
  1746     008F                     PIR3            equ	143	;# 
  1747     0090                     PIR4            equ	144	;# 
  1748     0091                     PIR5            equ	145	;# 
  1749     0092                     PIR6            equ	146	;# 
  1750     0093                     PIR7            equ	147	;# 
  1751     0096                     PIE0            equ	150	;# 
  1752     0097                     PIE1            equ	151	;# 
  1753     0098                     PIE2            equ	152	;# 
  1754     0099                     PIE3            equ	153	;# 
  1755     009A                     PIE4            equ	154	;# 
  1756     009B                     PIE5            equ	155	;# 
  1757     009C                     PIE6            equ	156	;# 
  1758     009D                     PIE7            equ	157	;# 
  1759     010C                     PMD0            equ	268	;# 
  1760     010D                     PMD1            equ	269	;# 
  1761     010E                     PMD2            equ	270	;# 
  1762     010F                     PMD3            equ	271	;# 
  1763     0110                     PMD4            equ	272	;# 
  1764     0111                     PMD5            equ	273	;# 
  1765     018C                     WDTCON0         equ	396	;# 
  1766     018D                     WDTCON1         equ	397	;# 
  1767     018E                     WDTPS           equ	398	;# 
  1768     018E                     WDTPSL          equ	398	;# 
  1769     018F                     WDTPSH          equ	399	;# 
  1770     0190                     WDTTMR          equ	400	;# 
  1771     0191                     BORCON          equ	401	;# 
  1772     0192                     PCON0           equ	402	;# 
  1773     0193                     PCON1           equ	403	;# 
  1774     019C                     TMR0L           equ	412	;# 
  1775     019C                     TMR0            equ	412	;# 
  1776     019D                     TMR0H           equ	413	;# 
  1777     019D                     PR0             equ	413	;# 
  1778     019E                     T0CON0          equ	414	;# 
  1779     019F                     T0CON1          equ	415	;# 
  1780     020C                     FVRCON          equ	524	;# 
  1781     020D                     CPCON           equ	525	;# 
  1782     028C                     CPUDOZE         equ	652	;# 
  1783     028D                     OSCCON1         equ	653	;# 
  1784     028E                     OSCCON2         equ	654	;# 
  1785     028F                     OSCCON3         equ	655	;# 
  1786     0290                     OSCSTAT         equ	656	;# 
  1787     0291                     OSCEN           equ	657	;# 
  1788     0292                     OSCTUNE         equ	658	;# 
  1789     0293                     OSCFRQ          equ	659	;# 
  1790     030C                     TMR1            equ	780	;# 
  1791     030C                     TMR1L           equ	780	;# 
  1792     030D                     TMR1H           equ	781	;# 
  1793     030E                     T1CON           equ	782	;# 
  1794     030F                     T1GCON          equ	783	;# 
  1795     030F                     PR1             equ	783	;# 
  1796     0310                     T1GATE          equ	784	;# 
  1797     0310                     TMR1GATE        equ	784	;# 
  1798     0311                     T1CLK           equ	785	;# 
  1799     0311                     TMR1CLK         equ	785	;# 
  1800     038C                     T2TMR           equ	908	;# 
  1801     038C                     TMR2            equ	908	;# 
  1802     038D                     T2PR            equ	909	;# 
  1803     038D                     PR2             equ	909	;# 
  1804     038E                     T2CON           equ	910	;# 
  1805     038F                     T2HLT           equ	911	;# 
  1806     0390                     T2CLKCON        equ	912	;# 
  1807     0390                     T2CLK           equ	912	;# 
  1808     0391                     T2RST           equ	913	;# 
  1809     040C                     CCPR1           equ	1036	;# 
  1810     040C                     CCPR1L          equ	1036	;# 
  1811     040D                     CCPR1H          equ	1037	;# 
  1812     040E                     CCP1CON         equ	1038	;# 
  1813     040F                     CCP1CAP         equ	1039	;# 
  1814     0410                     CCPR2           equ	1040	;# 
  1815     0410                     CCPR2L          equ	1040	;# 
  1816     0411                     CCPR2H          equ	1041	;# 
  1817     0412                     CCP2CON         equ	1042	;# 
  1818     0413                     CCP2CAP         equ	1043	;# 
  1819     041F                     CCPTMRS0        equ	1055	;# 
  1820     050C                     CLBCON          equ	1292	;# 
  1821     050D                     CLBSWINU        equ	1293	;# 
  1822     050E                     CLBSWINH        equ	1294	;# 
  1823     050F                     CLBSWINM        equ	1295	;# 
  1824     0510                     CLBSWINL        equ	1296	;# 
  1825     0515                     CLBCLK          equ	1301	;# 
  1826     0516                     CLBPPSCON4      equ	1302	;# 
  1827     0517                     CLBPPSCON3      equ	1303	;# 
  1828     0518                     CLBPPSCON2      equ	1304	;# 
  1829     0519                     CLBPPSCON1      equ	1305	;# 
  1830     068C                     CLCnCON         equ	1676	;# 
  1831     068D                     CLCnPOL         equ	1677	;# 
  1832     068E                     CLCnSEL0        equ	1678	;# 
  1833     068F                     CLCnSEL1        equ	1679	;# 
  1834     0690                     CLCnSEL2        equ	1680	;# 
  1835     0691                     CLCnSEL3        equ	1681	;# 
  1836     0692                     CLCnGLS0        equ	1682	;# 
  1837     0693                     CLCnGLS1        equ	1683	;# 
  1838     0694                     CLCnGLS2        equ	1684	;# 
  1839     0695                     CLCnGLS3        equ	1685	;# 
  1840     0696                     CLCSELECT       equ	1686	;# 
  1841     0697                     CLCDATA         equ	1687	;# 
  1842     070C                     RC1REG          equ	1804	;# 
  1843     070D                     TX1REG          equ	1805	;# 
  1844     070E                     SP1BRG          equ	1806	;# 
  1845     070E                     SP1BRGL         equ	1806	;# 
  1846     070F                     SP1BRGH         equ	1807	;# 
  1847     0710                     RC1STA          equ	1808	;# 
  1848     0711                     TX1STA          equ	1809	;# 
  1849     0712                     BAUD1CON        equ	1810	;# 
  1850     078C                     SSP1BUF         equ	1932	;# 
  1851     078D                     SSP1ADD         equ	1933	;# 
  1852     078E                     SSP1MSK         equ	1934	;# 
  1853     078F                     SSP1STAT        equ	1935	;# 
  1854     0790                     SSP1CON1        equ	1936	;# 
  1855     0791                     SSP1CON2        equ	1937	;# 
  1856     0792                     SSP1CON3        equ	1938	;# 
  1857     080C                     CM1CON0         equ	2060	;# 
  1858     080D                     CM1CON1         equ	2061	;# 
  1859     080E                     CM1NCH          equ	2062	;# 
  1860     080F                     CM1PCH          equ	2063	;# 
  1861     0810                     CM2CON0         equ	2064	;# 
  1862     0811                     CM2CON1         equ	2065	;# 
  1863     0812                     CM2NCH          equ	2066	;# 
  1864     0813                     CM2PCH          equ	2067	;# 
  1865     081F                     CMOUT           equ	2079	;# 
  1866     0820                     PWM1DC          equ	2080	;# 
  1867     0820                     PWM1DCL         equ	2080	;# 
  1868     0821                     PWM1DCH         equ	2081	;# 
  1869     0822                     PWM1CON         equ	2082	;# 
  1870     0823                     PWM2DC          equ	2083	;# 
  1871     0823                     PWM2DCL         equ	2083	;# 
  1872     0824                     PWM2DCH         equ	2084	;# 
  1873     0825                     PWM2CON         equ	2085	;# 
  1874     082F                     PWMTMRS0        equ	2095	;# 
  1875     088C                     DAC1CON         equ	2188	;# 
  1876     088D                     DAC1DATL        equ	2189	;# 
  1877     1C8C                     NVMADR          equ	7308	;# 
  1878     1C8C                     NVMADRL         equ	7308	;# 
  1879     1C8D                     NVMADRH         equ	7309	;# 
  1880     1C8E                     NVMDAT          equ	7310	;# 
  1881     1C8E                     NVMDATL         equ	7310	;# 
  1882     1C8F                     NVMDATH         equ	7311	;# 
  1883     1C90                     NVMCON1         equ	7312	;# 
  1884     1C91                     NVMCON2         equ	7313	;# 
  1885     1C92                     SCANCON0        equ	7314	;# 
  1886     1C93                     SCANLADR        equ	7315	;# 
  1887     1C93                     SCANLADRL       equ	7315	;# 
  1888     1C94                     SCANLADRH       equ	7316	;# 
  1889     1C96                     SCANHADR        equ	7318	;# 
  1890     1C96                     SCANHADRL       equ	7318	;# 
  1891     1C97                     SCANHADRH       equ	7319	;# 
  1892     1C99                     SCANDPS         equ	7321	;# 
  1893     1C9A                     SCANTRIG        equ	7322	;# 
  1894     1C9D                     CRCDATA         equ	7325	;# 
  1895     1C9D                     CRCDATAL        equ	7325	;# 
  1896     1C9E                     CRCDATAH        equ	7326	;# 
  1897     1C9F                     CRCDATAU        equ	7327	;# 
  1898     1CA0                     CRCDATAT        equ	7328	;# 
  1899     1CA1                     CRCOUT          equ	7329	;# 
  1900     1CA1                     CRCSHFT         equ	7329	;# 
  1901     1CA1                     CRCXOR          equ	7329	;# 
  1902     1CA1                     CRCOUTL         equ	7329	;# 
  1903     1CA1                     CRCSHFTL        equ	7329	;# 
  1904     1CA1                     CRCSHIFTL       equ	7329	;# 
  1905     1CA1                     CRCXORL         equ	7329	;# 
  1906     1CA2                     CRCOUTH         equ	7330	;# 
  1907     1CA2                     CRCSHFTH        equ	7330	;# 
  1908     1CA2                     CRCSHIFTH       equ	7330	;# 
  1909     1CA2                     CRCXORH         equ	7330	;# 
  1910     1CA3                     CRCOUTU         equ	7331	;# 
  1911     1CA3                     CRCSHFTU        equ	7331	;# 
  1912     1CA3                     CRCSHIFTU       equ	7331	;# 
  1913     1CA3                     CRCXORU         equ	7331	;# 
  1914     1CA4                     CRCOUTT         equ	7332	;# 
  1915     1CA4                     CRCSHFTT        equ	7332	;# 
  1916     1CA4                     CRCSHIFTT       equ	7332	;# 
  1917     1CA4                     CRCXORT         equ	7332	;# 
  1918     1CA5                     CRCCON0         equ	7333	;# 
  1919     1CA6                     CRCCON1         equ	7334	;# 
  1920     1CA7                     CRCCON2         equ	7335	;# 
  1921     1D0C                     ADLTH           equ	7436	;# 
  1922     1D0C                     ADLTHL          equ	7436	;# 
  1923     1D0D                     ADLTHH          equ	7437	;# 
  1924     1D0E                     ADUTH           equ	7438	;# 
  1925     1D0E                     ADUTHL          equ	7438	;# 
  1926     1D0F                     ADUTHH          equ	7439	;# 
  1927     1D10                     ADERR           equ	7440	;# 
  1928     1D10                     ADERRL          equ	7440	;# 
  1929     1D11                     ADERRH          equ	7441	;# 
  1930     1D12                     ADSTPT          equ	7442	;# 
  1931     1D12                     ADSTPTL         equ	7442	;# 
  1932     1D13                     ADSTPTH         equ	7443	;# 
  1933     1D14                     ADFLTR          equ	7444	;# 
  1934     1D14                     ADFLTRL         equ	7444	;# 
  1935     1D15                     ADFLTRH         equ	7445	;# 
  1936     1D16                     ADACC           equ	7446	;# 
  1937     1D16                     ADACCL          equ	7446	;# 
  1938     1D17                     ADACCH          equ	7447	;# 
  1939     1D18                     ADACCU          equ	7448	;# 
  1940     1D19                     ADCNT           equ	7449	;# 
  1941     1D1A                     ADRPT           equ	7450	;# 
  1942     1D1B                     ADPREV          equ	7451	;# 
  1943     1D1B                     ADPREVL         equ	7451	;# 
  1944     1D1C                     ADPREVH         equ	7452	;# 
  1945     1D1D                     ADRES           equ	7453	;# 
  1946     1D1D                     ADRESL          equ	7453	;# 
  1947     1D1E                     ADRESH          equ	7454	;# 
  1948     1D1F                     ADPCH           equ	7455	;# 
  1949     1D21                     ADACQ           equ	7457	;# 
  1950     1D21                     ADACQL          equ	7457	;# 
  1951     1D22                     ADACQH          equ	7458	;# 
  1952     1D23                     ADCAP           equ	7459	;# 
  1953     1D24                     ADPRE           equ	7460	;# 
  1954     1D24                     ADPREL          equ	7460	;# 
  1955     1D25                     ADPREH          equ	7461	;# 
  1956     1D26                     ADCON0          equ	7462	;# 
  1957     1D27                     ADCON1          equ	7463	;# 
  1958     1D28                     ADCON2          equ	7464	;# 
  1959     1D29                     ADCON3          equ	7465	;# 
  1960     1D2A                     ADSTAT          equ	7466	;# 
  1961     1D2B                     ADREF           equ	7467	;# 
  1962     1D2C                     ADACT           equ	7468	;# 
  1963     1D2D                     ADCLK           equ	7469	;# 
  1964     1D2E                     ADCG1A          equ	7470	;# 
  1965     1D2F                     ADCG1B          equ	7471	;# 
  1966     1D30                     ADCG1C          equ	7472	;# 
  1967     1D8C                     RA0PPS          equ	7564	;# 
  1968     1D8D                     RA1PPS          equ	7565	;# 
  1969     1D8E                     RA2PPS          equ	7566	;# 
  1970     1D90                     RA4PPS          equ	7568	;# 
  1971     1D91                     RA5PPS          equ	7569	;# 
  1972     1D98                     RB4PPS          equ	7576	;# 
  1973     1D99                     RB5PPS          equ	7577	;# 
  1974     1D9A                     RB6PPS          equ	7578	;# 
  1975     1D9B                     RB7PPS          equ	7579	;# 
  1976     1D9C                     RC0PPS          equ	7580	;# 
  1977     1D9D                     RC1PPS          equ	7581	;# 
  1978     1D9E                     RC2PPS          equ	7582	;# 
  1979     1D9F                     RC3PPS          equ	7583	;# 
  1980     1DA0                     RC4PPS          equ	7584	;# 
  1981     1DA1                     RC5PPS          equ	7585	;# 
  1982     1DA2                     RC6PPS          equ	7586	;# 
  1983     1DA3                     RC7PPS          equ	7587	;# 
  1984     1E0C                     PPSLOCK         equ	7692	;# 
  1985     1E0D                     INTPPS          equ	7693	;# 
  1986     1E0E                     T0CKIPPS        equ	7694	;# 
  1987     1E0F                     T1CKIPPS        equ	7695	;# 
  1988     1E10                     T1GPPS          equ	7696	;# 
  1989     1E19                     T2INPPS         equ	7705	;# 
  1990     1E1E                     CCP1PPS         equ	7710	;# 
  1991     1E1F                     CCP2PPS         equ	7711	;# 
  1992     1E3D                     CLCIN0PPS       equ	7741	;# 
  1993     1E3E                     CLCIN1PPS       equ	7742	;# 
  1994     1E3F                     CLCIN2PPS       equ	7743	;# 
  1995     1E40                     CLCIN3PPS       equ	7744	;# 
  1996     1E41                     CK1PPS          equ	7745	;# 
  1997     1E41                     RX1DTPPS        equ	7745	;# 
  1998     1E42                     RX1PPS          equ	7746	;# 
  1999     1E42                     TX1CKPPS        equ	7746	;# 
  2000     1E47                     SSP1CLKPPS      equ	7751	;# 
  2001     1E48                     SSP1DATPPS      equ	7752	;# 
  2002     1E49                     SSP1SSPPS       equ	7753	;# 
  2003     1E50                     ADACTPPS        equ	7760	;# 
  2004     1E57                     CLBIN0PPS       equ	7767	;# 
  2005     1E58                     CLBIN1PPS       equ	7768	;# 
  2006     1E59                     CLBIN2PPS       equ	7769	;# 
  2007     1E5A                     CLBIN3PPS       equ	7770	;# 
  2008     1E8C                     ANSELA          equ	7820	;# 
  2009     1E8D                     WPUA            equ	7821	;# 
  2010     1E8E                     ODCONA          equ	7822	;# 
  2011     1E8F                     SLRCONA         equ	7823	;# 
  2012     1E90                     INLVLA          equ	7824	;# 
  2013     1E91                     IOCAP           equ	7825	;# 
  2014     1E92                     IOCAN           equ	7826	;# 
  2015     1E93                     IOCAF           equ	7827	;# 
  2016     1E96                     ANSELB          equ	7830	;# 
  2017     1E97                     WPUB            equ	7831	;# 
  2018     1E98                     ODCONB          equ	7832	;# 
  2019     1E99                     SLRCONB         equ	7833	;# 
  2020     1E9A                     INLVLB          equ	7834	;# 
  2021     1E9B                     IOCBP           equ	7835	;# 
  2022     1E9C                     IOCBN           equ	7836	;# 
  2023     1E9D                     IOCBF           equ	7837	;# 
  2024     1EA0                     ANSELC          equ	7840	;# 
  2025     1EA1                     WPUC            equ	7841	;# 
  2026     1EA2                     ODCONC          equ	7842	;# 
  2027     1EA3                     SLRCONC         equ	7843	;# 
  2028     1EA4                     INLVLC          equ	7844	;# 
  2029     1EA5                     IOCCP           equ	7845	;# 
  2030     1EA6                     IOCCN           equ	7846	;# 
  2031     1EA7                     IOCCF           equ	7847	;# 
  2032     1EE5                     RB4I2C          equ	7909	;# 
  2033     1EE7                     RB6I2C          equ	7911	;# 
  2034     1F0C                     UMTOAP          equ	7948	;# 
  2035     1F0D                     UMTOAL          equ	7949	;# 
  2036     1F0E                     UMTOAH          equ	7950	;# 
  2037     1FE4                     STATUS_SHAD     equ	8164	;# 
  2038     1FE5                     WREG_SHAD       equ	8165	;# 
  2039     1FE6                     BSR_SHAD        equ	8166	;# 
  2040     1FE7                     PCLATH_SHAD     equ	8167	;# 
  2041     1FE8                     FSR0_SHAD       equ	8168	;# 
  2042     1FE8                     FSR0L_SHAD      equ	8168	;# 
  2043     1FE9                     FSR0H_SHAD      equ	8169	;# 
  2044     1FEA                     FSR1_SHAD       equ	8170	;# 
  2045     1FEA                     FSR1L_SHAD      equ	8170	;# 
  2046     1FEB                     FSR1H_SHAD      equ	8171	;# 
  2047     1FED                     STKPTR          equ	8173	;# 
  2048     1FEE                     TOSL            equ	8174	;# 
  2049     1FEF                     TOSH            equ	8175	;# 
  2050                           
  2051 ;; Function _INT_DefaultInterruptHandler is unused but had its address taken
  2052     0000                     _INT_DefaultInterruptHandler equ	0
  2053                           
  2054 ;; Function _I2C1_Deinitialize is unused but had its address taken
  2055     0000                     _I2C1_Deinitialize equ	0
  2056                           
  2057 ;; Function _I2C1_Write is unused but had its address taken
  2058     0000                     _I2C1_Write     equ	0
  2059                           
  2060 ;; Function _I2C1_Read is unused but had its address taken
  2061     0000                     _I2C1_Read      equ	0
  2062                           
  2063 ;; Function _I2C1_CallbackRegister is unused but had its address taken
  2064     0000                     _I2C1_CallbackRegister equ	0
  2065                           
  2066                           	psect	stringtext1
  2067     03EA                     __pstringtext1:
  2068     03EA                     _I2C1_Host:
  2069     03EA  3422               	retlw	low _I2C1_Initialize
  2070     03EB  3404               	retlw	high _I2C1_Initialize
  2071     03EC  3400               	retlw	0
  2072     03ED  3400               	retlw	0
  2073     03EE  3400               	retlw	0
  2074     03EF  3400               	retlw	0
  2075     03F0  3400               	retlw	0
  2076     03F1  3400               	retlw	0
  2077     03F2  3489               	retlw	low _I2C1_WriteRead
  2078     03F3  3403               	retlw	high _I2C1_WriteRead
  2079     03F4  3400               	retlw	0
  2080     03F5  3400               	retlw	0
  2081     03F6  3479               	retlw	low _I2C1_ErrorGet
  2082     03F7  3404               	retlw	high _I2C1_ErrorGet
  2083     03F8  349D               	retlw	low _I2C1_IsBusy
  2084     03F9  3404               	retlw	high _I2C1_IsBusy
  2085     03FA  3400               	retlw	0
  2086     03FB  3400               	retlw	0
  2087     03FC  3400               	retlw	0
  2088     03FD  3400               	retlw	0
  2089     03FE                     __end_of_I2C1_Host:
  2090                           
  2091                           	psect	stringtext2
  2092     03FE                     __pstringtext2:
  2093     03FE                     _i2c1_eventTable:
  2094     03FE  3499               	retlw	low _I2C1_EVENT_IDLE
  2095     03FF  3404               	retlw	high _I2C1_EVENT_IDLE
  2096     0400  3460               	retlw	low _I2C1_EVENT_SEND_RD_ADDR
  2097     0401  3404               	retlw	high _I2C1_EVENT_SEND_RD_ADDR
  2098     0402  348B               	retlw	low _I2C1_EVENT_SEND_WR_ADDR
  2099     0403  3404               	retlw	high _I2C1_EVENT_SEND_WR_ADDR
  2100     0404  3436               	retlw	low _I2C1_EVENT_TX
  2101     0405  3403               	retlw	high _I2C1_EVENT_TX
  2102     0406  34D8               	retlw	low _I2C1_EVENT_RX
  2103     0407  3402               	retlw	high _I2C1_EVENT_RX
  2104     0408  3485               	retlw	low _I2C1_EVENT_NACK
  2105     0409  3404               	retlw	high _I2C1_EVENT_NACK
  2106     040A  347F               	retlw	low _I2C1_EVENT_ERROR
  2107     040B  3404               	retlw	high _I2C1_EVENT_ERROR
  2108     040C  3459               	retlw	low _I2C1_EVENT_STOP
  2109     040D  3404               	retlw	high _I2C1_EVENT_STOP
  2110     040E  3452               	retlw	low _I2C1_EVENT_RESET
  2111     040F  3404               	retlw	high _I2C1_EVENT_RESET
  2112     0410                     __end_of_i2c1_eventTable:
  2113                           
  2114                           	psect	nvBANK0
  2115     005A                     __pnvBANK0:
  2116     005A                     _INT_InterruptHandler:
  2117     005A                     	ds	2
  2118     0014                     _TRISC          set	20
  2119     0013                     _TRISB          set	19
  2120     0012                     _TRISA          set	18
  2121     001A                     _LATC           set	26
  2122     0019                     _LATB           set	25
  2123     0018                     _LATA           set	24
  2124     000B                     _INTCONbits     set	11
  2125     0091                     _PIR5bits       set	145
  2126     009B                     _PIE5bits       set	155
  2127     008C                     _PIR0bits       set	140
  2128     0292                     _OSCTUNE        set	658
  2129     0293                     _OSCFRQ         set	659
  2130     0291                     _OSCEN          set	657
  2131     028F                     _OSCCON3        set	655
  2132     028D                     _OSCCON1        set	653
  2133     078C                     _SSP1BUF        set	1932
  2134     078F                     _SSP1STATbits   set	1935
  2135     0791                     _SSP1CON2bits   set	1937
  2136     0790                     _SSP1CON1bits   set	1936
  2137     078D                     _SSP1ADD        set	1933
  2138     0792                     _SSP1CON3       set	1938
  2139     0791                     _SSP1CON2       set	1937
  2140     0790                     _SSP1CON1       set	1936
  2141     078F                     _SSP1STAT       set	1935
  2142     1D98                     _RB4PPS         set	7576
  2143     1D9A                     _RB6PPS         set	7578
  2144     1E48                     _SSP1DATPPS     set	7752
  2145     1E47                     _SSP1CLKPPS     set	7751
  2146     1EA7                     _IOCCF          set	7847
  2147     1EA6                     _IOCCN          set	7846
  2148     1EA5                     _IOCCP          set	7845
  2149     1E9D                     _IOCBF          set	7837
  2150     1E9C                     _IOCBN          set	7836
  2151     1E9B                     _IOCBP          set	7835
  2152     1E93                     _IOCAF          set	7827
  2153     1E92                     _IOCAN          set	7826
  2154     1E91                     _IOCAP          set	7825
  2155     1EA4                     _INLVLC         set	7844
  2156     1E9A                     _INLVLB         set	7834
  2157     1E90                     _INLVLA         set	7824
  2158     1EA3                     _SLRCONC        set	7843
  2159     1E99                     _SLRCONB        set	7833
  2160     1E8F                     _SLRCONA        set	7823
  2161     1EA2                     _ODCONC         set	7842
  2162     1E98                     _ODCONB         set	7832
  2163     1E8E                     _ODCONA         set	7822
  2164     1EA1                     _WPUC           set	7841
  2165     1E97                     _WPUB           set	7831
  2166     1E8D                     _WPUA           set	7821
  2167     1EA0                     _ANSELC         set	7840
  2168     1E96                     _ANSELB         set	7830
  2169     1E8C                     _ANSELA         set	7820
  2170                           
  2171                           	psect	cinit
  2172     002A                     start_initialization:	
  2173                           ; #config settings
  2174                           
  2175     002A                     __initialization:
  2176                           
  2177                           ; Clear objects allocated to COMMON
  2178     002A  01F7               	clrf	__pbssCOMMON& (0+127)
  2179     002B  01F8               	clrf	(__pbssCOMMON+1)& (0+127)
  2180                           
  2181                           ; Clear objects allocated to BANK0
  2182     002C  3041               	movlw	low __pbssBANK0
  2183     002D  0084               	movwf	4
  2184     002E  3000               	movlw	high __pbssBANK0
  2185     002F  0085               	movwf	5
  2186     0030  3019               	movlw	25
  2187     0031  3184  2467  3180   	fcall	clear_ram0
  2188     0034                     end_of_initialization:	
  2189                           ;End of C runtime variable initialization code
  2190                           
  2191     0034                     __end_of__initialization:
  2192     0034  107E               	bcf	int$flags,0	;clear compiler interrupt flag (level 1)
  2193     0035  0140               	movlb	0
  2194     0036  3183  2BB1         	ljmp	_main	;jump to C main() function
  2195                           
  2196                           	psect	bssCOMMON
  2197     0077                     __pbssCOMMON:
  2198     0077                     _I2C1_Callback:
  2199     0077                     	ds	2
  2200                           
  2201                           	psect	bssBANK0
  2202     0041                     __pbssBANK0:
  2203     0041                     _i2c1Status:
  2204     0041                     	ds	14
  2205     004F                     _mcp9808_temperature_centi:
  2206     004F                     	ds	2
  2207     0051                     _mcp9808_temperature_x16:
  2208     0051                     	ds	2
  2209     0053                     _mcp9808_temperature:
  2210     0053                     	ds	2
  2211     0055                     _mcp9808_error:
  2212     0055                     	ds	1
  2213     0056                     _mcp9808_finished:
  2214     0056                     	ds	1
  2215     0057                     _mcp9808_ok:
  2216     0057                     	ds	1
  2217     0058                     _mcp9808_data:
  2218     0058                     	ds	2
  2219                           
  2220                           	psect	clrtext
  2221     0467                     clear_ram0:	
  2222                           ;	Called with FSR0 containing the base address, and
  2223                           ;	WREG with the size to clear
  2224                           
  2225     0467  0064               	clrwdt	;clear the watchdog before getting into this loop
  2226     0468                     clrloop0:
  2227     0468  0180               	clrf	0	;clear RAM location pointed to by FSR
  2228     0469  3101               	addfsr 0,1
  2229     046A  0B89               	decfsz	9,f	;Have we reached the end of clearing yet?
  2230     046B  2C68               	goto	clrloop0	;have we reached the end yet?
  2231     046C  3400               	retlw	0	;all done for this memory range, return
  2232                           
  2233                           	psect	cstackCOMMON
  2234     0070                     __pcstackCOMMON:
  2235     0070                     ?_I2C1_ERROR_ISR:
  2236     0070                     ?_I2C1_ISR:	
  2237                           ; 1 bytes @ 0x0
  2238                           
  2239     0070                     ?_PIN_MANAGER_Initialize:	
  2240                           ; 1 bytes @ 0x0
  2241                           
  2242     0070                     ?_I2C1_Initialize:	
  2243                           ; 1 bytes @ 0x0
  2244                           
  2245     0070                     ?_I2C1_IsBusy:	
  2246                           ; 1 bytes @ 0x0
  2247                           
  2248     0070                     ?_I2C1_ErrorGet:	
  2249                           ; 1 bytes @ 0x0
  2250                           
  2251     0070                     ?_I2C1_EVENT_IDLE:	
  2252                           ; 1 bytes @ 0x0
  2253                           
  2254     0070                     ?_I2C1_EVENT_SEND_RD_ADDR:	
  2255                           ; 1 bytes @ 0x0
  2256                           
  2257     0070                     ?_I2C1_EVENT_SEND_WR_ADDR:	
  2258                           ; 1 bytes @ 0x0
  2259                           
  2260     0070                     ?_I2C1_EVENT_TX:	
  2261                           ; 1 bytes @ 0x0
  2262                           
  2263     0070                     ?_I2C1_EVENT_RX:	
  2264                           ; 1 bytes @ 0x0
  2265                           
  2266     0070                     ?_I2C1_EVENT_NACK:	
  2267                           ; 1 bytes @ 0x0
  2268                           
  2269     0070                     ?_I2C1_EVENT_ERROR:	
  2270                           ; 1 bytes @ 0x0
  2271                           
  2272     0070                     ?_I2C1_EVENT_STOP:	
  2273                           ; 1 bytes @ 0x0
  2274                           
  2275     0070                     ?_I2C1_EVENT_RESET:	
  2276                           ; 1 bytes @ 0x0
  2277                           
  2278     0070                     ?_I2C1_WriteStart:	
  2279                           ; 1 bytes @ 0x0
  2280                           
  2281     0070                     ?_I2C1_EventHandler:	
  2282                           ; 1 bytes @ 0x0
  2283                           
  2284     0070                     ?_I2C1_ErrorEventHandler:	
  2285                           ; 1 bytes @ 0x0
  2286                           
  2287     0070                     ?_CLOCK_Initialize:	
  2288                           ; 1 bytes @ 0x0
  2289                           
  2290     0070                     ?_INTERRUPT_Initialize:	
  2291                           ; 1 bytes @ 0x0
  2292                           
  2293     0070                     ?_INTERRUPT_InterruptManager:	
  2294                           ; 1 bytes @ 0x0
  2295                           
  2296     0070                     ?_SYSTEM_Initialize:	
  2297                           ; 1 bytes @ 0x0
  2298                           
  2299     0070                     ?_MCP9808_WaitI2C:	
  2300                           ; 1 bytes @ 0x0
  2301                           
  2302     0070                     ?_MCP9808_Read:	
  2303                           ; 1 bytes @ 0x0
  2304                           
  2305     0070                     ?_MCP9808_Delay:	
  2306                           ; 1 bytes @ 0x0
  2307                           
  2308     0070                     ?_main:	
  2309                           ; 1 bytes @ 0x0
  2310                           
  2311     0070                     ?_I2C1_Close:	
  2312                           ; 1 bytes @ 0x0
  2313                           
  2314     0070                     I2C1_EVENT_TX@retEventState:	
  2315                           ; 1 bytes @ 0x0
  2316                           
  2317     0070                     I2C1_EVENT_RX@retEventState:	
  2318                           ; 1 bytes @ 0x0
  2319                           
  2320     0070                     I2C1_EVENT_NACK@retEventState:	
  2321                           ; 1 bytes @ 0x0
  2322                           
  2323     0070                     I2C1_EVENT_ERROR@retEventState:	
  2324                           ; 1 bytes @ 0x0
  2325                           
  2326     0070                     ??_I2C1_EVENT_IDLE:	
  2327                           ; 1 bytes @ 0x0
  2328                           
  2329     0070                     ??_I2C1_EVENT_SEND_RD_ADDR:	
  2330                           ; 1 bytes @ 0x0
  2331                           
  2332     0070                     ??_I2C1_EVENT_SEND_WR_ADDR:	
  2333                           ; 1 bytes @ 0x0
  2334                           
  2335     0070                     ??_I2C1_EVENT_TX:	
  2336                           ; 1 bytes @ 0x0
  2337                           
  2338     0070                     ??_I2C1_EVENT_RX:	
  2339                           ; 1 bytes @ 0x0
  2340                           
  2341     0070                     ??_I2C1_EVENT_NACK:	
  2342                           ; 1 bytes @ 0x0
  2343                           
  2344     0070                     ??_I2C1_EVENT_ERROR:	
  2345                           ; 1 bytes @ 0x0
  2346                           
  2347     0070                     ??_I2C1_EVENT_STOP:	
  2348                           ; 1 bytes @ 0x0
  2349                           
  2350     0070                     ??_I2C1_EVENT_RESET:	
  2351                           ; 1 bytes @ 0x0
  2352                           
  2353     0070                     ??_I2C1_Close:	
  2354                           ; 1 bytes @ 0x0
  2355                           
  2356                           
  2357                           ; 1 bytes @ 0x0
  2358     0070                     	ds	1
  2359     0071                     ??_I2C1_EventHandler:
  2360     0071                     ??_I2C1_ErrorEventHandler:	
  2361                           ; 1 bytes @ 0x1
  2362                           
  2363                           
  2364                           ; 1 bytes @ 0x1
  2365     0071                     	ds	2
  2366     0073                     ?_INT_SetInterruptHandler:
  2367     0073                     ?___awdiv:	
  2368                           ; 1 bytes @ 0x3
  2369                           
  2370     0073                     I2C1_WriteRead@retStatus:	
  2371                           ; 2 bytes @ 0x3
  2372                           
  2373     0073                     I2C1_ErrorGet@retErrorState:	
  2374                           ; 1 bytes @ 0x3
  2375                           
  2376     0073                     INT_SetInterruptHandler@InterruptHandler:	
  2377                           ; 1 bytes @ 0x3
  2378                           
  2379     0073                     ___awdiv@divisor:	
  2380                           ; 2 bytes @ 0x3
  2381                           
  2382     0073                     MCP9808_WaitI2C@timeout:	
  2383                           ; 2 bytes @ 0x3
  2384                           
  2385     0073                     MCP9808_Delay@delay:	
  2386                           ; 4 bytes @ 0x3
  2387                           
  2388     0073                     ___lmul@product:	
  2389                           ; 4 bytes @ 0x3
  2390                           
  2391     0073                     ??_I2C1_ERROR_ISR:	
  2392                           ; 4 bytes @ 0x3
  2393                           
  2394     0073                     ??_I2C1_ISR:	
  2395                           ; 1 bytes @ 0x3
  2396                           
  2397     0073                     ??_PIN_MANAGER_Initialize:	
  2398                           ; 1 bytes @ 0x3
  2399                           
  2400     0073                     ??_I2C1_Initialize:	
  2401                           ; 1 bytes @ 0x3
  2402                           
  2403     0073                     ??_I2C1_IsBusy:	
  2404                           ; 1 bytes @ 0x3
  2405                           
  2406     0073                     ??_I2C1_WriteRead:	
  2407                           ; 1 bytes @ 0x3
  2408                           
  2409     0073                     ??_I2C1_ErrorGet:	
  2410                           ; 1 bytes @ 0x3
  2411                           
  2412     0073                     ??_I2C1_WriteStart:	
  2413                           ; 1 bytes @ 0x3
  2414                           
  2415     0073                     ??_CLOCK_Initialize:	
  2416                           ; 1 bytes @ 0x3
  2417                           
  2418     0073                     ??_INTERRUPT_InterruptManager:	
  2419                           ; 1 bytes @ 0x3
  2420                           
  2421     0073                     ??_MCP9808_WaitI2C:	
  2422                           ; 1 bytes @ 0x3
  2423                           
  2424     0073                     ??_MCP9808_Delay:	
  2425                           ; 1 bytes @ 0x3
  2426                           
  2427     0073                     ??___lmul:	
  2428                           ; 1 bytes @ 0x3
  2429                           
  2430                           
  2431                           ; 1 bytes @ 0x3
  2432     0073                     	ds	2
  2433     0075                     ___awdiv@dividend:
  2434     0075                     ??_INT_SetInterruptHandler:	
  2435                           ; 2 bytes @ 0x5
  2436                           
  2437     0075                     ??_INTERRUPT_Initialize:	
  2438                           ; 1 bytes @ 0x5
  2439                           
  2440     0075                     ??_SYSTEM_Initialize:	
  2441                           ; 1 bytes @ 0x5
  2442                           
  2443                           
  2444                           ; 1 bytes @ 0x5
  2445     0075                     	ds	2
  2446     0077                     ??_main:
  2447     0077                     ??___aldiv:	
  2448                           ; 1 bytes @ 0x7
  2449                           
  2450     0077                     ??___awdiv:	
  2451                           ; 1 bytes @ 0x7
  2452                           
  2453                           
  2454                           	psect	cstackBANK0
  2455     0020                     __pcstackBANK0:	
  2456                           ; 1 bytes @ 0x7
  2457                           
  2458     0020                     ?_I2C1_WriteRead:
  2459     0020                     ?___lmul:	
  2460                           ; 1 bytes @ 0x0
  2461                           
  2462     0020                     ___awdiv@counter:	
  2463                           ; 4 bytes @ 0x0
  2464                           
  2465     0020                     I2C1_WriteRead@address:	
  2466                           ; 1 bytes @ 0x0
  2467                           
  2468     0020                     ___lmul@multiplier:	
  2469                           ; 2 bytes @ 0x0
  2470                           
  2471                           
  2472                           ; 4 bytes @ 0x0
  2473     0020                     	ds	1
  2474     0021                     ___awdiv@sign:
  2475                           
  2476                           ; 1 bytes @ 0x1
  2477     0021                     	ds	1
  2478     0022                     I2C1_WriteRead@writeData:
  2479     0022                     ___awdiv@quotient:	
  2480                           ; 1 bytes @ 0x2
  2481                           
  2482                           
  2483                           ; 2 bytes @ 0x2
  2484     0022                     	ds	1
  2485     0023                     I2C1_WriteRead@writeLength:
  2486                           
  2487                           ; 2 bytes @ 0x3
  2488     0023                     	ds	1
  2489     0024                     ___lmul@multiplicand:
  2490                           
  2491                           ; 4 bytes @ 0x4
  2492     0024                     	ds	1
  2493     0025                     I2C1_WriteRead@readData:
  2494                           
  2495                           ; 1 bytes @ 0x5
  2496     0025                     	ds	1
  2497     0026                     I2C1_WriteRead@readLength:
  2498                           
  2499                           ; 2 bytes @ 0x6
  2500     0026                     	ds	2
  2501     0028                     ?___aldiv:
  2502     0028                     ___aldiv@divisor:	
  2503                           ; 4 bytes @ 0x8
  2504                           
  2505                           
  2506                           ; 4 bytes @ 0x8
  2507     0028                     	ds	4
  2508     002C                     ___aldiv@dividend:
  2509                           
  2510                           ; 4 bytes @ 0xC
  2511     002C                     	ds	4
  2512     0030                     ___aldiv@counter:
  2513                           
  2514                           ; 1 bytes @ 0x10
  2515     0030                     	ds	1
  2516     0031                     ___aldiv@sign:
  2517                           
  2518                           ; 1 bytes @ 0x11
  2519     0031                     	ds	1
  2520     0032                     ___aldiv@quotient:
  2521                           
  2522                           ; 4 bytes @ 0x12
  2523     0032                     	ds	4
  2524     0036                     ??_MCP9808_Read:
  2525                           
  2526                           ; 1 bytes @ 0x16
  2527     0036                     	ds	4
  2528     003A                     MCP9808_Read@temperature_centi:
  2529                           
  2530                           ; 2 bytes @ 0x1A
  2531     003A                     	ds	2
  2532     003C                     MCP9808_Read@register_address:
  2533                           
  2534                           ; 1 bytes @ 0x1C
  2535     003C                     	ds	1
  2536     003D                     MCP9808_Read@raw_temperature:
  2537                           
  2538                           ; 2 bytes @ 0x1D
  2539     003D                     	ds	2
  2540     003F                     MCP9808_Read@temperature_x16:
  2541                           
  2542                           ; 2 bytes @ 0x1F
  2543     003F                     	ds	2
  2544                           
  2545                           	psect	maintext
  2546     03B1                     __pmaintext:	
  2547 ;;
  2548 ;;Main: autosize = 0, tempsize = 0, incstack = 0, save=0
  2549 ;;
  2550 ;; *************** function _main *****************
  2551 ;; Defined at:
  2552 ;;		line 434 in file "main.c"
  2553 ;; Parameters:    Size  Location     Type
  2554 ;;		None
  2555 ;; Auto vars:     Size  Location     Type
  2556 ;;		None
  2557 ;; Return value:  Size  Location     Type
  2558 ;;                  1    wreg      void 
  2559 ;; Registers used:
  2560 ;;		wreg, status,2, status,0, pclath, cstack
  2561 ;; Tracked objects:
  2562 ;;		On entry : B3F/0
  2563 ;;		On exit  : 0/0
  2564 ;;		Unchanged: 0/0
  2565 ;; Data sizes:     COMMON   BANK0   BANK1   BANK2   BANK3   BANK4   BANK5   BANK6   BANK7   BANK8   BANK9  BANK10  BANK1
      +1  BANK12
  2566 ;;      Params:         0       0       0       0       0       0       0       0       0       0       0       0       
      +0       0
  2567 ;;      Locals:         0       0       0       0       0       0       0       0       0       0       0       0       
      +0       0
  2568 ;;      Temps:          0       0       0       0       0       0       0       0       0       0       0       0       
      +0       0
  2569 ;;      Totals:         0       0       0       0       0       0       0       0       0       0       0       0       
      +0       0
  2570 ;;Total ram usage:        0 bytes
  2571 ;; Hardware stack levels required when called: 9
  2572 ;; This function calls:
  2573 ;;		_I2C1_Initialize
  2574 ;;		_MCP9808_Delay
  2575 ;;		_MCP9808_Read
  2576 ;;		_SYSTEM_Initialize
  2577 ;; This function is called by:
  2578 ;;		Startup code after reset
  2579 ;; This function uses a non-reentrant model
  2580 ;;
  2581                           
  2582     03B1                     _main:	
  2583                           ;psect for function _main
  2584                           
  2585     03B1                     l1994:	
  2586                           ;incstack = 0
  2587                           ; Regs used in _main: [wreg+status,2+status,0+pclath+cstack]
  2588                           
  2589                           
  2590                           ;main.c: 443:     SYSTEM_Initialize();
  2591     03B1  3184  2431  3183   	fcall	_SYSTEM_Initialize
  2592     03B4                     l1996:
  2593                           
  2594                           ;main.c: 451:     I2C1_Initialize();
  2595     03B4  3184  2422  3183   	fcall	_I2C1_Initialize
  2596     03B7                     l1998:
  2597                           
  2598                           ;main.c: 460:     mcp9808_data[0] = 0;
  2599     03B7  0140               	movlb	0	; select bank0
  2600     03B8  01D8               	clrf	_mcp9808_data	;volatile
  2601     03B9                     l2000:
  2602                           
  2603                           ;main.c: 462:     mcp9808_data[1] = 0;
  2604     03B9  01D9               	clrf	_mcp9808_data+1	;volatile
  2605     03BA                     l2002:
  2606                           
  2607                           ;main.c: 465:     mcp9808_temperature = 0;
  2608     03BA  01D3               	clrf	_mcp9808_temperature	;volatile
  2609     03BB  01D4               	clrf	_mcp9808_temperature+1	;volatile
  2610     03BC                     l2004:
  2611                           
  2612                           ;main.c: 467:     mcp9808_temperature_x16 = 0;
  2613     03BC  01D1               	clrf	_mcp9808_temperature_x16	;volatile
  2614     03BD  01D2               	clrf	_mcp9808_temperature_x16+1	;volatile
  2615     03BE                     l2006:
  2616                           
  2617                           ;main.c: 469:     mcp9808_temperature_centi = 0;
  2618     03BE  01CF               	clrf	_mcp9808_temperature_centi	;volatile
  2619     03BF  01D0               	clrf	_mcp9808_temperature_centi+1	;volatile
  2620     03C0                     l2008:
  2621                           
  2622                           ;main.c: 472:     mcp9808_ok = 0;
  2623     03C0  01D7               	clrf	_mcp9808_ok	;volatile
  2624     03C1                     l2010:
  2625                           
  2626                           ;main.c: 474:     mcp9808_finished = 0;
  2627     03C1  01D6               	clrf	_mcp9808_finished	;volatile
  2628     03C2                     l2012:
  2629                           
  2630                           ;main.c: 477:     mcp9808_error = I2C_ERROR_NONE;
  2631     03C2  01D5               	clrf	_mcp9808_error	;volatile
  2632     03C3                     l2014:
  2633                           
  2634                           ;main.c: 493:     INTCONbits.PEIE = 1;
  2635     03C3  170B               	bsf	11,6	;volatile
  2636     03C4                     l2016:
  2637                           
  2638                           ;main.c: 495:     INTCONbits.GIE = 1;
  2639     03C4  178B               	bsf	11,7	;volatile
  2640     03C5                     l2018:
  2641                           
  2642                           ;main.c: 504:     {;main.c: 508:         MCP9808_Read();
  2643     03C5  3180  2038  3183   	fcall	_MCP9808_Read
  2644     03C8                     l2020:
  2645                           
  2646                           ;main.c: 514:         MCP9808_Delay();
  2647     03C8  3183  230A  3183   	fcall	_MCP9808_Delay
  2648     03CB  2BC5               	goto	l2018
  2649     03CC  3180  2828         	ljmp	start
  2650     03CE                     __end_of_main:
  2651                           
  2652                           	psect	text1
  2653     0431                     __ptext1:	
  2654 ;; *************** function _SYSTEM_Initialize *****************
  2655 ;; Defined at:
  2656 ;;		line 39 in file "mcc_generated_files/system/src/system.c"
  2657 ;; Parameters:    Size  Location     Type
  2658 ;;		None
  2659 ;; Auto vars:     Size  Location     Type
  2660 ;;		None
  2661 ;; Return value:  Size  Location     Type
  2662 ;;                  1    wreg      void 
  2663 ;; Registers used:
  2664 ;;		wreg, status,2, status,0, pclath, cstack
  2665 ;; Tracked objects:
  2666 ;;		On entry : 0/0
  2667 ;;		On exit  : 0/0
  2668 ;;		Unchanged: 0/0
  2669 ;; Data sizes:     COMMON   BANK0   BANK1   BANK2   BANK3   BANK4   BANK5   BANK6   BANK7   BANK8   BANK9  BANK10  BANK1
      +1  BANK12
  2670 ;;      Params:         0       0       0       0       0       0       0       0       0       0       0       0       
      +0       0
  2671 ;;      Locals:         0       0       0       0       0       0       0       0       0       0       0       0       
      +0       0
  2672 ;;      Temps:          0       0       0       0       0       0       0       0       0       0       0       0       
      +0       0
  2673 ;;      Totals:         0       0       0       0       0       0       0       0       0       0       0       0       
      +0       0
  2674 ;;Total ram usage:        0 bytes
  2675 ;; Hardware stack levels used: 1
  2676 ;; Hardware stack levels required when called: 8
  2677 ;; This function calls:
  2678 ;;		_CLOCK_Initialize
  2679 ;;		_I2C1_Initialize
  2680 ;;		_INTERRUPT_Initialize
  2681 ;;		_PIN_MANAGER_Initialize
  2682 ;; This function is called by:
  2683 ;;		_main
  2684 ;; This function uses a non-reentrant model
  2685 ;;
  2686                           
  2687     0431                     _SYSTEM_Initialize:	
  2688                           ;psect for function _SYSTEM_Initialize
  2689                           
  2690     0431                     l1678:	
  2691                           ;incstack = 0
  2692                           ; Regs used in _SYSTEM_Initialize: [wreg+status,2+status,0+pclath+cstack]
  2693                           
  2694                           
  2695                           ;mcc_generated_files/system/src/system.c: 41:     CLOCK_Initialize();
  2696     0431  3184  2449  3184   	fcall	_CLOCK_Initialize
  2697                           
  2698                           ;mcc_generated_files/system/src/system.c: 42:     PIN_MANAGER_Initialize();
  2699     0434  3182  222E  3184   	fcall	_PIN_MANAGER_Initialize
  2700                           
  2701                           ;mcc_generated_files/system/src/system.c: 43:     I2C1_Initialize();
  2702     0437  3184  2422  3184   	fcall	_I2C1_Initialize
  2703     043A                     l1680:
  2704                           
  2705                           ;mcc_generated_files/system/src/system.c: 44:     INTERRUPT_Initialize();
  2706     043A  3184  243E  3184   	fcall	_INTERRUPT_Initialize
  2707     043D                     l71:
  2708     043D  0008               	return
  2709     043E                     __end_of_SYSTEM_Initialize:
  2710                           
  2711                           	psect	text2
  2712     022E                     __ptext2:	
  2713 ;; *************** function _PIN_MANAGER_Initialize *****************
  2714 ;; Defined at:
  2715 ;;		line 38 in file "mcc_generated_files/system/src/pins.c"
  2716 ;; Parameters:    Size  Location     Type
  2717 ;;		None
  2718 ;; Auto vars:     Size  Location     Type
  2719 ;;		None
  2720 ;; Return value:  Size  Location     Type
  2721 ;;                  1    wreg      void 
  2722 ;; Registers used:
  2723 ;;		status,2
  2724 ;; Tracked objects:
  2725 ;;		On entry : 0/0
  2726 ;;		On exit  : 0/0
  2727 ;;		Unchanged: 0/0
  2728 ;; Data sizes:     COMMON   BANK0   BANK1   BANK2   BANK3   BANK4   BANK5   BANK6   BANK7   BANK8   BANK9  BANK10  BANK1
      +1  BANK12
  2729 ;;      Params:         0       0       0       0       0       0       0       0       0       0       0       0       
      +0       0
  2730 ;;      Locals:         0       0       0       0       0       0       0       0       0       0       0       0       
      +0       0
  2731 ;;      Temps:          0       0       0       0       0       0       0       0       0       0       0       0       
      +0       0
  2732 ;;      Totals:         0       0       0       0       0       0       0       0       0       0       0       0       
      +0       0
  2733 ;;Total ram usage:        0 bytes
  2734 ;; Hardware stack levels used: 1
  2735 ;; Hardware stack levels required when called: 6
  2736 ;; This function calls:
  2737 ;;		Nothing
  2738 ;; This function is called by:
  2739 ;;		_SYSTEM_Initialize
  2740 ;; This function uses a non-reentrant model
  2741 ;;
  2742                           
  2743     022E                     _PIN_MANAGER_Initialize:	
  2744                           ;psect for function _PIN_MANAGER_Initialize
  2745                           
  2746     022E                     l1468:	
  2747                           ;incstack = 0
  2748                           ; Regs used in _PIN_MANAGER_Initialize: [status,2]
  2749                           
  2750                           
  2751                           ;mcc_generated_files/system/src/pins.c: 43:     LATA = 0x0;
  2752     022E  0140               	movlb	0	; select bank0
  2753     022F  0198               	clrf	24	;volatile
  2754     0230                     l1470:
  2755                           
  2756                           ;mcc_generated_files/system/src/pins.c: 44:     LATB = 0x50;
  2757     0230  3050               	movlw	80
  2758     0231  0099               	movwf	25	;volatile
  2759                           
  2760                           ;mcc_generated_files/system/src/pins.c: 45:     LATC = 0x0;
  2761     0232  019A               	clrf	26	;volatile
  2762     0233                     l1472:
  2763                           
  2764                           ;mcc_generated_files/system/src/pins.c: 50:     TRISA = 0x37;
  2765     0233  3037               	movlw	55
  2766     0234  0092               	movwf	18	;volatile
  2767     0235                     l1474:
  2768                           
  2769                           ;mcc_generated_files/system/src/pins.c: 51:     TRISB = 0xF0;
  2770     0235  30F0               	movlw	240
  2771     0236  0093               	movwf	19	;volatile
  2772     0237                     l1476:
  2773                           
  2774                           ;mcc_generated_files/system/src/pins.c: 52:     TRISC = 0xFF;
  2775     0237  30FF               	movlw	255
  2776     0238  0094               	movwf	20	;volatile
  2777     0239                     l1478:
  2778                           
  2779                           ;mcc_generated_files/system/src/pins.c: 57:     ANSELA = 0x37;
  2780     0239  3037               	movlw	55
  2781     023A  017D               	movlb	61	; select bank61
  2782     023B  008C               	movwf	12	;volatile
  2783     023C                     l1480:
  2784                           
  2785                           ;mcc_generated_files/system/src/pins.c: 58:     ANSELB = 0xA0;
  2786     023C  30A0               	movlw	160
  2787     023D  0096               	movwf	22	;volatile
  2788     023E                     l1482:
  2789                           
  2790                           ;mcc_generated_files/system/src/pins.c: 59:     ANSELC = 0xFF;
  2791     023E  30FF               	movlw	255
  2792     023F  00A0               	movwf	32	;volatile
  2793                           
  2794                           ;mcc_generated_files/system/src/pins.c: 64:     WPUA = 0x0;
  2795     0240  018D               	clrf	13	;volatile
  2796                           
  2797                           ;mcc_generated_files/system/src/pins.c: 65:     WPUB = 0x0;
  2798     0241  0197               	clrf	23	;volatile
  2799                           
  2800                           ;mcc_generated_files/system/src/pins.c: 66:     WPUC = 0x0;
  2801     0242  01A1               	clrf	33	;volatile
  2802                           
  2803                           ;mcc_generated_files/system/src/pins.c: 72:     ODCONA = 0x0;
  2804     0243  018E               	clrf	14	;volatile
  2805                           
  2806                           ;mcc_generated_files/system/src/pins.c: 73:     ODCONB = 0x0;
  2807     0244  0198               	clrf	24	;volatile
  2808                           
  2809                           ;mcc_generated_files/system/src/pins.c: 74:     ODCONC = 0x0;
  2810     0245  01A2               	clrf	34	;volatile
  2811     0246                     l1484:
  2812                           
  2813                           ;mcc_generated_files/system/src/pins.c: 78:     SLRCONA = 0x37;
  2814     0246  3037               	movlw	55
  2815     0247  008F               	movwf	15	;volatile
  2816     0248                     l1486:
  2817                           
  2818                           ;mcc_generated_files/system/src/pins.c: 79:     SLRCONB = 0xF0;
  2819     0248  30F0               	movlw	240
  2820     0249  0099               	movwf	25	;volatile
  2821     024A                     l1488:
  2822                           
  2823                           ;mcc_generated_files/system/src/pins.c: 80:     SLRCONC = 0xFF;
  2824     024A  30FF               	movlw	255
  2825     024B  00A3               	movwf	35	;volatile
  2826     024C                     l1490:
  2827                           
  2828                           ;mcc_generated_files/system/src/pins.c: 84:     INLVLA = 0x3F;
  2829     024C  303F               	movlw	63
  2830     024D  0090               	movwf	16	;volatile
  2831     024E                     l1492:
  2832                           
  2833                           ;mcc_generated_files/system/src/pins.c: 85:     INLVLB = 0xA0;
  2834     024E  30A0               	movlw	160
  2835     024F  009A               	movwf	26	;volatile
  2836     0250                     l1494:
  2837                           
  2838                           ;mcc_generated_files/system/src/pins.c: 86:     INLVLC = 0xFF;
  2839     0250  30FF               	movlw	255
  2840     0251  00A4               	movwf	36	;volatile
  2841     0252                     l1496:
  2842                           
  2843                           ;mcc_generated_files/system/src/pins.c: 91:     SSP1CLKPPS = 0xE;
  2844     0252  300E               	movlw	14
  2845     0253  017C               	movlb	60	; select bank60
  2846     0254  00C7               	movwf	71	;volatile
  2847     0255                     l1498:
  2848                           
  2849                           ;mcc_generated_files/system/src/pins.c: 92:     RB6PPS = 0x1B;
  2850     0255  301B               	movlw	27
  2851     0256  017B               	movlb	59	; select bank59
  2852     0257  009A               	movwf	26	;volatile
  2853     0258                     l1500:
  2854                           
  2855                           ;mcc_generated_files/system/src/pins.c: 93:     SSP1DATPPS = 0xC;
  2856     0258  300C               	movlw	12
  2857     0259  017C               	movlb	60	; select bank60
  2858     025A  00C8               	movwf	72	;volatile
  2859     025B                     l1502:
  2860                           
  2861                           ;mcc_generated_files/system/src/pins.c: 94:     RB4PPS = 0x1C;
  2862     025B  301C               	movlw	28
  2863     025C  017B               	movlb	59	; select bank59
  2864     025D  0098               	movwf	24	;volatile
  2865                           
  2866                           ;mcc_generated_files/system/src/pins.c: 103:     IOCAP = 0x0;
  2867     025E  017D               	movlb	61	; select bank61
  2868     025F  0191               	clrf	17	;volatile
  2869                           
  2870                           ;mcc_generated_files/system/src/pins.c: 104:     IOCAN = 0x0;
  2871     0260  0192               	clrf	18	;volatile
  2872                           
  2873                           ;mcc_generated_files/system/src/pins.c: 105:     IOCAF = 0x0;
  2874     0261  0193               	clrf	19	;volatile
  2875                           
  2876                           ;mcc_generated_files/system/src/pins.c: 106:     IOCBP = 0x0;
  2877     0262  019B               	clrf	27	;volatile
  2878                           
  2879                           ;mcc_generated_files/system/src/pins.c: 107:     IOCBN = 0x0;
  2880     0263  019C               	clrf	28	;volatile
  2881                           
  2882                           ;mcc_generated_files/system/src/pins.c: 108:     IOCBF = 0x0;
  2883     0264  019D               	clrf	29	;volatile
  2884                           
  2885                           ;mcc_generated_files/system/src/pins.c: 109:     IOCCP = 0x0;
  2886     0265  01A5               	clrf	37	;volatile
  2887                           
  2888                           ;mcc_generated_files/system/src/pins.c: 110:     IOCCN = 0x0;
  2889     0266  01A6               	clrf	38	;volatile
  2890                           
  2891                           ;mcc_generated_files/system/src/pins.c: 111:     IOCCF = 0x0;
  2892     0267  01A7               	clrf	39	;volatile
  2893     0268                     l200:
  2894     0268  0008               	return
  2895     0269                     __end_of_PIN_MANAGER_Initialize:
  2896                           
  2897                           	psect	text3
  2898     043E                     __ptext3:	
  2899 ;; *************** function _INTERRUPT_Initialize *****************
  2900 ;; Defined at:
  2901 ;;		line 40 in file "mcc_generated_files/system/src/interrupt.c"
  2902 ;; Parameters:    Size  Location     Type
  2903 ;;		None
  2904 ;; Auto vars:     Size  Location     Type
  2905 ;;		None
  2906 ;; Return value:  Size  Location     Type
  2907 ;;                  1    wreg      void 
  2908 ;; Registers used:
  2909 ;;		wreg, status,2, status,0, pclath, cstack
  2910 ;; Tracked objects:
  2911 ;;		On entry : 0/0
  2912 ;;		On exit  : 0/0
  2913 ;;		Unchanged: 0/0
  2914 ;; Data sizes:     COMMON   BANK0   BANK1   BANK2   BANK3   BANK4   BANK5   BANK6   BANK7   BANK8   BANK9  BANK10  BANK1
      +1  BANK12
  2915 ;;      Params:         0       0       0       0       0       0       0       0       0       0       0       0       
      +0       0
  2916 ;;      Locals:         0       0       0       0       0       0       0       0       0       0       0       0       
      +0       0
  2917 ;;      Temps:          0       0       0       0       0       0       0       0       0       0       0       0       
      +0       0
  2918 ;;      Totals:         0       0       0       0       0       0       0       0       0       0       0       0       
      +0       0
  2919 ;;Total ram usage:        0 bytes
  2920 ;; Hardware stack levels used: 1
  2921 ;; Hardware stack levels required when called: 7
  2922 ;; This function calls:
  2923 ;;		_INT_SetInterruptHandler
  2924 ;; This function is called by:
  2925 ;;		_SYSTEM_Initialize
  2926 ;; This function uses a non-reentrant model
  2927 ;;
  2928                           
  2929     043E                     _INTERRUPT_Initialize:	
  2930                           ;psect for function _INTERRUPT_Initialize
  2931                           
  2932     043E                     l1464:	
  2933                           ;incstack = 0
  2934                           ; Regs used in _INTERRUPT_Initialize: [wreg+status,2+status,0+pclath+cstack]
  2935                           
  2936                           
  2937                           ;mcc_generated_files/system/src/interrupt.c: 44:     (PIR0bits.INTF = 0);
  2938     043E  0141               	movlb	1	; select bank1
  2939     043F  100C               	bcf	12,0	;volatile
  2940                           
  2941                           ;mcc_generated_files/system/src/interrupt.c: 45:     (INTCONbits.INTEDG = 1);
  2942     0440  140B               	bsf	11,0	;volatile
  2943     0441                     l1466:
  2944                           
  2945                           ;mcc_generated_files/system/src/interrupt.c: 47:     INT_SetInterruptHandler(INT_Default
      +                          InterruptHandler);
  2946     0441  3000               	movlw	0
  2947     0442  00F3               	movwf	INT_SetInterruptHandler@InterruptHandler
  2948     0443  3000               	movlw	0
  2949     0444  00F4               	movwf	INT_SetInterruptHandler@InterruptHandler+1
  2950     0445  3184  246D  3184   	fcall	_INT_SetInterruptHandler
  2951     0448                     l36:
  2952     0448  0008               	return
  2953     0449                     __end_of_INTERRUPT_Initialize:
  2954                           
  2955                           	psect	text4
  2956     046D                     __ptext4:	
  2957 ;; *************** function _INT_SetInterruptHandler *****************
  2958 ;; Defined at:
  2959 ;;		line 101 in file "mcc_generated_files/system/src/interrupt.c"
  2960 ;; Parameters:    Size  Location     Type
  2961 ;;  InterruptHan    2    3[COMMON] PTR FTN()void 
  2962 ;;		 -> INT_DefaultInterruptHandler(1), 
  2963 ;; Auto vars:     Size  Location     Type
  2964 ;;		None
  2965 ;; Return value:  Size  Location     Type
  2966 ;;                  1    wreg      void 
  2967 ;; Registers used:
  2968 ;;		wreg
  2969 ;; Tracked objects:
  2970 ;;		On entry : 0/0
  2971 ;;		On exit  : 0/0
  2972 ;;		Unchanged: 0/0
  2973 ;; Data sizes:     COMMON   BANK0   BANK1   BANK2   BANK3   BANK4   BANK5   BANK6   BANK7   BANK8   BANK9  BANK10  BANK1
      +1  BANK12
  2974 ;;      Params:         2       0       0       0       0       0       0       0       0       0       0       0       
      +0       0
  2975 ;;      Locals:         0       0       0       0       0       0       0       0       0       0       0       0       
      +0       0
  2976 ;;      Temps:          0       0       0       0       0       0       0       0       0       0       0       0       
      +0       0
  2977 ;;      Totals:         2       0       0       0       0       0       0       0       0       0       0       0       
      +0       0
  2978 ;;Total ram usage:        2 bytes
  2979 ;; Hardware stack levels used: 1
  2980 ;; Hardware stack levels required when called: 6
  2981 ;; This function calls:
  2982 ;;		Nothing
  2983 ;; This function is called by:
  2984 ;;		_INTERRUPT_Initialize
  2985 ;; This function uses a non-reentrant model
  2986 ;;
  2987                           
  2988     046D                     _INT_SetInterruptHandler:	
  2989                           ;psect for function _INT_SetInterruptHandler
  2990                           
  2991     046D                     l1372:	
  2992                           ;incstack = 0
  2993                           ; Regs used in _INT_SetInterruptHandler: [wreg]
  2994                           
  2995                           
  2996                           ;mcc_generated_files/system/src/interrupt.c: 102:     INT_InterruptHandler = InterruptHa
      +                          ndler;
  2997     046D  0874               	movf	INT_SetInterruptHandler@InterruptHandler+1,w
  2998     046E  0140               	movlb	0	; select bank0
  2999     046F  00DB               	movwf	_INT_InterruptHandler+1
  3000     0470  0873               	movf	INT_SetInterruptHandler@InterruptHandler,w
  3001     0471  00DA               	movwf	_INT_InterruptHandler
  3002     0472                     l57:
  3003     0472  0008               	return
  3004     0473                     __end_of_INT_SetInterruptHandler:
  3005                           
  3006                           	psect	text5
  3007     0422                     __ptext5:	
  3008 ;; *************** function _I2C1_Initialize *****************
  3009 ;; Defined at:
  3010 ;;		line 84 in file "mcc_generated_files/i2c_host/src/mssp1.c"
  3011 ;; Parameters:    Size  Location     Type
  3012 ;;		None
  3013 ;; Auto vars:     Size  Location     Type
  3014 ;;		None
  3015 ;; Return value:  Size  Location     Type
  3016 ;;                  1    wreg      void 
  3017 ;; Registers used:
  3018 ;;		status,2
  3019 ;; Tracked objects:
  3020 ;;		On entry : 0/0
  3021 ;;		On exit  : 0/0
  3022 ;;		Unchanged: 0/0
  3023 ;; Data sizes:     COMMON   BANK0   BANK1   BANK2   BANK3   BANK4   BANK5   BANK6   BANK7   BANK8   BANK9  BANK10  BANK1
      +1  BANK12
  3024 ;;      Params:         0       0       0       0       0       0       0       0       0       0       0       0       
      +0       0
  3025 ;;      Locals:         0       0       0       0       0       0       0       0       0       0       0       0       
      +0       0
  3026 ;;      Temps:          0       0       0       0       0       0       0       0       0       0       0       0       
      +0       0
  3027 ;;      Totals:         0       0       0       0       0       0       0       0       0       0       0       0       
      +0       0
  3028 ;;Total ram usage:        0 bytes
  3029 ;; Hardware stack levels used: 1
  3030 ;; Hardware stack levels required when called: 6
  3031 ;; This function calls:
  3032 ;;		Nothing
  3033 ;; This function is called by:
  3034 ;;		_SYSTEM_Initialize
  3035 ;;		_main
  3036 ;; This function uses a non-reentrant model
  3037 ;;
  3038                           
  3039     0422                     _I2C1_Initialize:	
  3040                           ;psect for function _I2C1_Initialize
  3041                           
  3042     0422                     l1504:	
  3043                           ;incstack = 0
  3044                           ; Regs used in _I2C1_Initialize: [status,2]
  3045                           
  3046                           
  3047                           ;mcc_generated_files/i2c_host/src/mssp1.c: 87:     SSP1STAT = 0x80;
  3048     0422  3080               	movlw	128
  3049     0423  014F               	movlb	15	; select bank15
  3050     0424  008F               	movwf	15	;volatile
  3051                           
  3052                           ;mcc_generated_files/i2c_host/src/mssp1.c: 89:     SSP1CON1 = 0x8;
  3053     0425  3008               	movlw	8
  3054     0426  0090               	movwf	16	;volatile
  3055     0427                     l1506:
  3056                           
  3057                           ;mcc_generated_files/i2c_host/src/mssp1.c: 91:     SSP1CON2 = 0x0;
  3058     0427  0191               	clrf	17	;volatile
  3059                           
  3060                           ;mcc_generated_files/i2c_host/src/mssp1.c: 93:     SSP1CON3 = 0x0;
  3061     0428  0192               	clrf	18	;volatile
  3062     0429                     l1508:
  3063                           
  3064                           ;mcc_generated_files/i2c_host/src/mssp1.c: 95:     SSP1ADD = 0x4F;
  3065     0429  304F               	movlw	79
  3066     042A  008D               	movwf	13	;volatile
  3067     042B                     l1510:
  3068                           
  3069                           ;mcc_generated_files/i2c_host/src/mssp1.c: 96:     PIE5bits.SSP1IE = 1;
  3070     042B  0141               	movlb	1	; select bank1
  3071     042C  151B               	bsf	27,2	;volatile
  3072     042D                     l1512:
  3073                           
  3074                           ;mcc_generated_files/i2c_host/src/mssp1.c: 97:     PIE5bits.BCL1IE = 1;
  3075     042D  159B               	bsf	27,3	;volatile
  3076     042E                     l1514:
  3077                           
  3078                           ;mcc_generated_files/i2c_host/src/mssp1.c: 98:     SSP1CON1bits.SSPEN = 1;
  3079     042E  014F               	movlb	15	; select bank15
  3080     042F  1690               	bsf	16,5	;volatile
  3081     0430                     l278:
  3082     0430  0008               	return
  3083     0431                     __end_of_I2C1_Initialize:
  3084                           
  3085                           	psect	text6
  3086     0449                     __ptext6:	
  3087 ;; *************** function _CLOCK_Initialize *****************
  3088 ;; Defined at:
  3089 ;;		line 39 in file "mcc_generated_files/system/src/clock.c"
  3090 ;; Parameters:    Size  Location     Type
  3091 ;;		None
  3092 ;; Auto vars:     Size  Location     Type
  3093 ;;		None
  3094 ;; Return value:  Size  Location     Type
  3095 ;;                  1    wreg      void 
  3096 ;; Registers used:
  3097 ;;		status,2
  3098 ;; Tracked objects:
  3099 ;;		On entry : 0/0
  3100 ;;		On exit  : 0/0
  3101 ;;		Unchanged: 0/0
  3102 ;; Data sizes:     COMMON   BANK0   BANK1   BANK2   BANK3   BANK4   BANK5   BANK6   BANK7   BANK8   BANK9  BANK10  BANK1
      +1  BANK12
  3103 ;;      Params:         0       0       0       0       0       0       0       0       0       0       0       0       
      +0       0
  3104 ;;      Locals:         0       0       0       0       0       0       0       0       0       0       0       0       
      +0       0
  3105 ;;      Temps:          0       0       0       0       0       0       0       0       0       0       0       0       
      +0       0
  3106 ;;      Totals:         0       0       0       0       0       0       0       0       0       0       0       0       
      +0       0
  3107 ;;Total ram usage:        0 bytes
  3108 ;; Hardware stack levels used: 1
  3109 ;; Hardware stack levels required when called: 6
  3110 ;; This function calls:
  3111 ;;		Nothing
  3112 ;; This function is called by:
  3113 ;;		_SYSTEM_Initialize
  3114 ;; This function uses a non-reentrant model
  3115 ;;
  3116                           
  3117     0449                     _CLOCK_Initialize:	
  3118                           ;psect for function _CLOCK_Initialize
  3119                           
  3120     0449                     l1458:	
  3121                           ;incstack = 0
  3122                           ; Regs used in _CLOCK_Initialize: [status,2]
  3123                           
  3124                           
  3125                           ;mcc_generated_files/system/src/clock.c: 42:     OSCCON1 = (0 << 0x0)
  3126     0449  3060               	movlw	96
  3127     044A  0145               	movlb	5	; select bank5
  3128     044B  008D               	movwf	13	;volatile
  3129     044C                     l1460:
  3130                           
  3131                           ;mcc_generated_files/system/src/clock.c: 44:     OSCCON3 = (0 << 0x7);
  3132     044C  018F               	clrf	15	;volatile
  3133                           
  3134                           ;mcc_generated_files/system/src/clock.c: 45:     OSCEN = (0 << 0x7)
  3135     044D  0191               	clrf	17	;volatile
  3136     044E                     l1462:
  3137                           
  3138                           ;mcc_generated_files/system/src/clock.c: 51:     OSCFRQ = (5 << 0x0);
  3139     044E  3005               	movlw	5
  3140     044F  0093               	movwf	19	;volatile
  3141                           
  3142                           ;mcc_generated_files/system/src/clock.c: 52:     OSCTUNE = (0 << 0x0);
  3143     0450  0192               	clrf	18	;volatile
  3144     0451                     l13:
  3145     0451  0008               	return
  3146     0452                     __end_of_CLOCK_Initialize:
  3147                           
  3148                           	psect	text7
  3149     0038                     __ptext7:	
  3150 ;; *************** function _MCP9808_Read *****************
  3151 ;; Defined at:
  3152 ;;		line 122 in file "main.c"
  3153 ;; Parameters:    Size  Location     Type
  3154 ;;		None
  3155 ;; Auto vars:     Size  Location     Type
  3156 ;;  temperature_    2   31[BANK0 ] short 
  3157 ;;  raw_temperat    2   29[BANK0 ] unsigned short 
  3158 ;;  temperature_    2   26[BANK0 ] short 
  3159 ;;  register_add    1   28[BANK0 ] unsigned char 
  3160 ;; Return value:  Size  Location     Type
  3161 ;;                  1    wreg      _Bool 
  3162 ;; Registers used:
  3163 ;;		wreg, status,2, status,0, pclath, cstack
  3164 ;; Tracked objects:
  3165 ;;		On entry : 0/0
  3166 ;;		On exit  : 0/0
  3167 ;;		Unchanged: 0/0
  3168 ;; Data sizes:     COMMON   BANK0   BANK1   BANK2   BANK3   BANK4   BANK5   BANK6   BANK7   BANK8   BANK9  BANK10  BANK1
      +1  BANK12
  3169 ;;      Params:         0       0       0       0       0       0       0       0       0       0       0       0       
      +0       0
  3170 ;;      Locals:         0       7       0       0       0       0       0       0       0       0       0       0       
      +0       0
  3171 ;;      Temps:          0       4       0       0       0       0       0       0       0       0       0       0       
      +0       0
  3172 ;;      Totals:         0      11       0       0       0       0       0       0       0       0       0       0       
      +0       0
  3173 ;;Total ram usage:       11 bytes
  3174 ;; Hardware stack levels used: 1
  3175 ;; Hardware stack levels required when called: 8
  3176 ;; This function calls:
  3177 ;;		_I2C1_ErrorGet
  3178 ;;		_I2C1_WriteRead
  3179 ;;		_MCP9808_WaitI2C
  3180 ;;		___aldiv
  3181 ;;		___awdiv
  3182 ;;		___lmul
  3183 ;; This function is called by:
  3184 ;;		_main
  3185 ;; This function uses a non-reentrant model
  3186 ;;
  3187                           
  3188     0038                     _MCP9808_Read:	
  3189                           ;psect for function _MCP9808_Read
  3190                           
  3191     0038                     l1942:	
  3192                           ;incstack = 0
  3193                           ; Regs used in _MCP9808_Read: [wreg+status,2+status,0+pclath+cstack]
  3194                           
  3195                           
  3196                           ;main.c: 124:     uint8_t register_address;;main.c: 126:     uint16_t raw_temperature;;m
      +                          ain.c: 128:     int16_t temperature_x16;;main.c: 130:     int16_t temperature_centi;;mai
      +                          n.c: 136:     register_address = 0x05;
  3197     0038  3005               	movlw	5
  3198     0039  0140               	movlb	0	; select bank0
  3199     003A  00BC               	movwf	MCP9808_Read@register_address
  3200     003B                     l1944:
  3201                           
  3202                           ;main.c: 142:     mcp9808_finished = 0;
  3203     003B  01D6               	clrf	_mcp9808_finished	;volatile
  3204                           
  3205                           ;main.c: 144:     mcp9808_ok = 0;
  3206     003C  01D7               	clrf	_mcp9808_ok	;volatile
  3207                           
  3208                           ;main.c: 146:     mcp9808_error = I2C_ERROR_NONE;
  3209     003D  01D5               	clrf	_mcp9808_error	;volatile
  3210                           
  3211                           ;main.c: 152:     mcp9808_data[0] = 0;
  3212     003E  01D8               	clrf	_mcp9808_data	;volatile
  3213                           
  3214                           ;main.c: 154:     mcp9808_data[1] = 0;
  3215     003F  01D9               	clrf	_mcp9808_data+1	;volatile
  3216     0040                     l1946:
  3217                           
  3218                           ;main.c: 168:     if (!I2C1_WriteRead(
  3219     0040  301C               	movlw	28
  3220     0041  00A0               	movwf	I2C1_WriteRead@address
  3221     0042  3000               	movlw	0
  3222     0043  00A1               	movwf	I2C1_WriteRead@address+1
  3223     0044  303C               	movlw	(low (MCP9808_Read@register_address| 0))& (0+255)
  3224     0045  00A2               	movwf	I2C1_WriteRead@writeData
  3225     0046  3001               	movlw	1
  3226     0047  00A3               	movwf	I2C1_WriteRead@writeLength
  3227     0048  3000               	movlw	0
  3228     0049  00A4               	movwf	I2C1_WriteRead@writeLength+1
  3229     004A  3058               	movlw	(low (_mcp9808_data| 0))& (0+255)
  3230     004B  00A5               	movwf	I2C1_WriteRead@readData
  3231     004C  3002               	movlw	2
  3232     004D  00A6               	movwf	I2C1_WriteRead@readLength
  3233     004E  3000               	movlw	0
  3234     004F  00A7               	movwf	I2C1_WriteRead@readLength+1
  3235     0050  3183  2389  3180   	fcall	_I2C1_WriteRead
  3236     0053  3A00               	xorlw	0
  3237     0054  1D03               	skipz
  3238     0055  2857               	goto	u1251
  3239     0056  2858               	goto	u1250
  3240     0057                     u1251:
  3241     0057  2860               	goto	l1954
  3242     0058                     u1250:
  3243     0058                     l1948:
  3244                           
  3245                           ;main.c: 174:     {;main.c: 178:         mcp9808_error = I2C1_ErrorGet();
  3246     0058  3184  2479  3180   	fcall	_I2C1_ErrorGet
  3247     005B  0140               	movlb	0	; select bank0
  3248     005C  00D5               	movwf	_mcp9808_error	;volatile
  3249     005D                     l1950:
  3250                           
  3251                           ;main.c: 180:         mcp9808_finished = 1;
  3252     005D  3001               	movlw	1
  3253     005E  00D6               	movwf	_mcp9808_finished	;volatile
  3254     005F  2945               	goto	l108
  3255     0060                     l1954:
  3256                           
  3257                           ;main.c: 189:     if (!MCP9808_WaitI2C())
  3258     0060  3183  2361  3180   	fcall	_MCP9808_WaitI2C
  3259     0063  3A00               	xorlw	0
  3260     0064  1D03               	skipz
  3261     0065  2867               	goto	u1261
  3262     0066  2868               	goto	u1260
  3263     0067                     u1261:
  3264     0067  286E               	goto	l1958
  3265     0068                     u1260:
  3266     0068                     l1956:
  3267                           
  3268                           ;main.c: 190:     {;main.c: 194:         mcp9808_error = I2C_ERROR_BUS_COLLISION;
  3269     0068  3003               	movlw	3
  3270     0069  0140               	movlb	0	; select bank0
  3271     006A  00D5               	movwf	_mcp9808_error	;volatile
  3272                           
  3273                           ;main.c: 196:         mcp9808_finished = 1;
  3274     006B  3001               	movlw	1
  3275     006C  00D6               	movwf	_mcp9808_finished	;volatile
  3276                           
  3277                           ;main.c: 198:         return 0;;	Return value of _MCP9808_Read is never used
  3278     006D  2945               	goto	l108
  3279     006E                     l1958:
  3280                           
  3281                           ;main.c: 205:     mcp9808_error = I2C1_ErrorGet();
  3282     006E  3184  2479  3180   	fcall	_I2C1_ErrorGet
  3283     0071  0140               	movlb	0	; select bank0
  3284     0072  00D5               	movwf	_mcp9808_error	;volatile
  3285     0073                     l1960:
  3286                           
  3287                           ;main.c: 211:     if (mcp9808_error != I2C_ERROR_NONE)
  3288     0073  0855               	movf	_mcp9808_error,w	;volatile
  3289     0074  1903               	btfsc	3,2
  3290     0075  2877               	goto	u1271
  3291     0076  2878               	goto	u1270
  3292     0077                     u1271:
  3293     0077  2879               	goto	l1964
  3294     0078                     u1270:
  3295     0078  285D               	goto	l1950
  3296     0079                     l1964:
  3297                           
  3298                           ;main.c: 230:     raw_temperature =
  3299     0079  0858               	movf	_mcp9808_data,w	;volatile
  3300     007A  00BE               	movwf	MCP9808_Read@raw_temperature+1
  3301     007B  0859               	movf	_mcp9808_data+1,w	;volatile
  3302     007C  00BD               	movwf	MCP9808_Read@raw_temperature
  3303     007D                     l1966:
  3304                           
  3305                           ;main.c: 261:     if ((raw_temperature & 0x1000U) != 0U)
  3306     007D  1E3E               	btfss	MCP9808_Read@raw_temperature+1,4
  3307     007E  2880               	goto	u1281
  3308     007F  2881               	goto	u1280
  3309     0080                     u1281:
  3310     0080  2899               	goto	l1972
  3311     0081                     u1280:
  3312     0081                     l1968:
  3313                           
  3314                           ;main.c: 262:     {;main.c: 267:         raw_temperature &= 0x0FFFU;
  3315     0081  30FF               	movlw	255
  3316     0082  05BD               	andwf	MCP9808_Read@raw_temperature,f
  3317     0083  300F               	movlw	15
  3318     0084  05BE               	andwf	MCP9808_Read@raw_temperature+1,f
  3319     0085                     l1970:
  3320                           
  3321                           ;main.c: 279:         temperature_x16 =
  3322     0085  3000               	movlw	0
  3323     0086  00B6               	movwf	??_MCP9808_Read
  3324     0087  3010               	movlw	16
  3325     0088  00B7               	movwf	??_MCP9808_Read+1
  3326     0089  083D               	movf	MCP9808_Read@raw_temperature,w
  3327     008A  0236               	subwf	??_MCP9808_Read,w
  3328     008B  00B8               	movwf	??_MCP9808_Read+2
  3329     008C  083E               	movf	MCP9808_Read@raw_temperature+1,w
  3330     008D  3B37               	subwfb	??_MCP9808_Read+1,w
  3331     008E  00B9               	movwf	??_MCP9808_Read+3
  3332     008F  09B8               	comf	??_MCP9808_Read+2,f
  3333     0090  09B9               	comf	??_MCP9808_Read+3,f
  3334     0091  0AB8               	incf	??_MCP9808_Read+2,f
  3335     0092  1903               	skipnz
  3336     0093  0AB9               	incf	??_MCP9808_Read+3,f
  3337     0094  0838               	movf	??_MCP9808_Read+2,w
  3338     0095  00BF               	movwf	MCP9808_Read@temperature_x16
  3339     0096  0839               	movf	??_MCP9808_Read+3,w
  3340     0097  00C0               	movwf	MCP9808_Read@temperature_x16+1
  3341                           
  3342                           ;main.c: 281:     }
  3343     0098  28A1               	goto	l112
  3344     0099                     l1972:
  3345                           
  3346                           ;main.c: 290:     {;main.c: 295:         raw_temperature &= 0x0FFFU;
  3347     0099  30FF               	movlw	255
  3348     009A  05BD               	andwf	MCP9808_Read@raw_temperature,f
  3349     009B  300F               	movlw	15
  3350     009C  05BE               	andwf	MCP9808_Read@raw_temperature+1,f
  3351                           
  3352                           ;main.c: 302:         temperature_x16 =
  3353     009D  083E               	movf	MCP9808_Read@raw_temperature+1,w
  3354     009E  00C0               	movwf	MCP9808_Read@temperature_x16+1
  3355     009F  083D               	movf	MCP9808_Read@raw_temperature,w
  3356     00A0  00BF               	movwf	MCP9808_Read@temperature_x16
  3357     00A1                     l112:	
  3358                           ;main.c: 304:     }
  3359                           
  3360                           
  3361                           ;main.c: 318:     mcp9808_temperature_x16 =
  3362     00A1  0840               	movf	MCP9808_Read@temperature_x16+1,w
  3363     00A2  00D2               	movwf	_mcp9808_temperature_x16+1	;volatile
  3364     00A3  083F               	movf	MCP9808_Read@temperature_x16,w
  3365     00A4  00D1               	movwf	_mcp9808_temperature_x16	;volatile
  3366     00A5                     l1974:
  3367                           
  3368                           ;main.c: 327:     if (temperature_x16 >= 0)
  3369     00A5  1BC0               	btfsc	MCP9808_Read@temperature_x16+1,7
  3370     00A6  28A8               	goto	u1291
  3371     00A7  28A9               	goto	u1290
  3372     00A8                     u1291:
  3373     00A8  28BA               	goto	l1978
  3374     00A9                     u1290:
  3375     00A9                     l1976:
  3376                           
  3377                           ;main.c: 328:     {;main.c: 329:         mcp9808_temperature =
  3378     00A9  3010               	movlw	16
  3379     00AA  00F3               	movwf	___awdiv@divisor
  3380     00AB  3000               	movlw	0
  3381     00AC  00F4               	movwf	___awdiv@divisor+1
  3382     00AD  0840               	movf	MCP9808_Read@temperature_x16+1,w
  3383     00AE  00F6               	movwf	___awdiv@dividend+1
  3384     00AF  083F               	movf	MCP9808_Read@temperature_x16,w
  3385     00B0  00F5               	movwf	___awdiv@dividend
  3386     00B1  3181  21D2  3180   	fcall	___awdiv
  3387     00B4  0874               	movf	?___awdiv+1,w
  3388     00B5  0140               	movlb	0	; select bank0
  3389     00B6  00D4               	movwf	_mcp9808_temperature+1	;volatile
  3390     00B7  0873               	movf	?___awdiv,w
  3391     00B8  00D3               	movwf	_mcp9808_temperature	;volatile
  3392                           
  3393                           ;main.c: 331:     }
  3394     00B9  28D1               	goto	l1980
  3395     00BA                     l1978:
  3396                           
  3397                           ;main.c: 333:     {;main.c: 334:         mcp9808_temperature =
  3398     00BA  30F0               	movlw	240
  3399     00BB  00F3               	movwf	___awdiv@divisor
  3400     00BC  30FF               	movlw	255
  3401     00BD  00F4               	movwf	___awdiv@divisor+1
  3402     00BE  0840               	movf	MCP9808_Read@temperature_x16+1,w
  3403     00BF  00F6               	movwf	___awdiv@dividend+1
  3404     00C0  083F               	movf	MCP9808_Read@temperature_x16,w
  3405     00C1  00F5               	movwf	___awdiv@dividend
  3406     00C2  3181  21D2  3180   	fcall	___awdiv
  3407     00C5  0973               	comf	?___awdiv,w
  3408     00C6  0140               	movlb	0	; select bank0
  3409     00C7  00B6               	movwf	??_MCP9808_Read
  3410     00C8  0974               	comf	?___awdiv+1,w
  3411     00C9  00B7               	movwf	??_MCP9808_Read+1
  3412     00CA  0AB6               	incf	??_MCP9808_Read,f
  3413     00CB  1903               	skipnz
  3414     00CC  0AB7               	incf	??_MCP9808_Read+1,f
  3415     00CD  0836               	movf	??_MCP9808_Read,w
  3416     00CE  00D3               	movwf	_mcp9808_temperature	;volatile
  3417     00CF  0837               	movf	??_MCP9808_Read+1,w
  3418     00D0  00D4               	movwf	_mcp9808_temperature+1	;volatile
  3419     00D1                     l1980:
  3420                           
  3421                           ;main.c: 377:     if (temperature_x16 >= 0)
  3422     00D1  1BC0               	btfsc	MCP9808_Read@temperature_x16+1,7
  3423     00D2  28D4               	goto	u1301
  3424     00D3  28D5               	goto	u1300
  3425     00D4                     u1301:
  3426     00D4  2903               	goto	l1984
  3427     00D5                     u1300:
  3428     00D5                     l1982:
  3429                           
  3430                           ;main.c: 378:     {;main.c: 379:         temperature_centi =
  3431     00D5  3000               	movlw	0
  3432     00D6  00AB               	movwf	___aldiv@divisor+3
  3433     00D7  3000               	movlw	0
  3434     00D8  00AA               	movwf	___aldiv@divisor+2
  3435     00D9  3000               	movlw	0
  3436     00DA  00A9               	movwf	___aldiv@divisor+1
  3437     00DB  3004               	movlw	4
  3438     00DC  00A8               	movwf	___aldiv@divisor
  3439     00DD  083F               	movf	MCP9808_Read@temperature_x16,w
  3440     00DE  00A0               	movwf	___lmul@multiplier
  3441     00DF  0840               	movf	MCP9808_Read@temperature_x16+1,w
  3442     00E0  00A1               	movwf	___lmul@multiplier+1
  3443     00E1  0D89               	rlf	9,f
  3444     00E2  3B89               	subwfb	9,f
  3445     00E3  0989               	comf	9,f
  3446     00E4  00A2               	movwf	___lmul@multiplier+2
  3447     00E5  00A3               	movwf	___lmul@multiplier+3
  3448     00E6  3000               	movlw	0
  3449     00E7  00A7               	movwf	___lmul@multiplicand+3
  3450     00E8  3000               	movlw	0
  3451     00E9  00A6               	movwf	___lmul@multiplicand+2
  3452     00EA  3000               	movlw	0
  3453     00EB  00A5               	movwf	___lmul@multiplicand+1
  3454     00EC  3019               	movlw	25
  3455     00ED  00A4               	movwf	___lmul@multiplicand
  3456     00EE  3182  22A4  3180   	fcall	___lmul
  3457     00F1  0140               	movlb	0	; select bank0
  3458     00F2  0823               	movf	?___lmul+3,w
  3459     00F3  00AF               	movwf	___aldiv@dividend+3
  3460     00F4  0822               	movf	?___lmul+2,w
  3461     00F5  00AE               	movwf	___aldiv@dividend+2
  3462     00F6  0821               	movf	?___lmul+1,w
  3463     00F7  00AD               	movwf	___aldiv@dividend+1
  3464     00F8  0820               	movf	?___lmul,w
  3465     00F9  00AC               	movwf	___aldiv@dividend
  3466     00FA  3181  2146  3180   	fcall	___aldiv
  3467     00FD  0140               	movlb	0	; select bank0
  3468     00FE  0829               	movf	?___aldiv+1,w
  3469     00FF  00BB               	movwf	MCP9808_Read@temperature_centi+1
  3470     0100  0828               	movf	?___aldiv,w
  3471     0101  00BA               	movwf	MCP9808_Read@temperature_centi
  3472                           
  3473                           ;main.c: 383:     }
  3474     0102  293E               	goto	l1986
  3475     0103                     l1984:
  3476                           
  3477                           ;main.c: 385:     {;main.c: 386:         temperature_centi =
  3478     0103  3000               	movlw	0
  3479     0104  00AB               	movwf	___aldiv@divisor+3
  3480     0105  3000               	movlw	0
  3481     0106  00AA               	movwf	___aldiv@divisor+2
  3482     0107  3000               	movlw	0
  3483     0108  00A9               	movwf	___aldiv@divisor+1
  3484     0109  3004               	movlw	4
  3485     010A  00A8               	movwf	___aldiv@divisor
  3486     010B  093F               	comf	MCP9808_Read@temperature_x16,w
  3487     010C  00B6               	movwf	??_MCP9808_Read
  3488     010D  0940               	comf	MCP9808_Read@temperature_x16+1,w
  3489     010E  00B7               	movwf	??_MCP9808_Read+1
  3490     010F  0AB6               	incf	??_MCP9808_Read,f
  3491     0110  1903               	skipnz
  3492     0111  0AB7               	incf	??_MCP9808_Read+1,f
  3493     0112  0836               	movf	??_MCP9808_Read,w
  3494     0113  00A0               	movwf	___lmul@multiplier
  3495     0114  0837               	movf	??_MCP9808_Read+1,w
  3496     0115  00A1               	movwf	___lmul@multiplier+1
  3497     0116  0D89               	rlf	9,f
  3498     0117  3B89               	subwfb	9,f
  3499     0118  0989               	comf	9,f
  3500     0119  00A2               	movwf	___lmul@multiplier+2
  3501     011A  00A3               	movwf	___lmul@multiplier+3
  3502     011B  3000               	movlw	0
  3503     011C  00A7               	movwf	___lmul@multiplicand+3
  3504     011D  3000               	movlw	0
  3505     011E  00A6               	movwf	___lmul@multiplicand+2
  3506     011F  3000               	movlw	0
  3507     0120  00A5               	movwf	___lmul@multiplicand+1
  3508     0121  3019               	movlw	25
  3509     0122  00A4               	movwf	___lmul@multiplicand
  3510     0123  3182  22A4  3180   	fcall	___lmul
  3511     0126  0140               	movlb	0	; select bank0
  3512     0127  0823               	movf	?___lmul+3,w
  3513     0128  00AF               	movwf	___aldiv@dividend+3
  3514     0129  0822               	movf	?___lmul+2,w
  3515     012A  00AE               	movwf	___aldiv@dividend+2
  3516     012B  0821               	movf	?___lmul+1,w
  3517     012C  00AD               	movwf	___aldiv@dividend+1
  3518     012D  0820               	movf	?___lmul,w
  3519     012E  00AC               	movwf	___aldiv@dividend
  3520     012F  3181  2146  3180   	fcall	___aldiv
  3521     0132  0140               	movlb	0	; select bank0
  3522     0133  0928               	comf	?___aldiv,w
  3523     0134  00B8               	movwf	??_MCP9808_Read+2
  3524     0135  0929               	comf	?___aldiv+1,w
  3525     0136  00B9               	movwf	??_MCP9808_Read+3
  3526     0137  0AB8               	incf	??_MCP9808_Read+2,f
  3527     0138  1903               	skipnz
  3528     0139  0AB9               	incf	??_MCP9808_Read+3,f
  3529     013A  0838               	movf	??_MCP9808_Read+2,w
  3530     013B  00BA               	movwf	MCP9808_Read@temperature_centi
  3531     013C  0839               	movf	??_MCP9808_Read+3,w
  3532     013D  00BB               	movwf	MCP9808_Read@temperature_centi+1
  3533     013E                     l1986:
  3534                           
  3535                           ;main.c: 396:     mcp9808_temperature_centi =
  3536     013E  083B               	movf	MCP9808_Read@temperature_centi+1,w
  3537     013F  00D0               	movwf	_mcp9808_temperature_centi+1	;volatile
  3538     0140  083A               	movf	MCP9808_Read@temperature_centi,w
  3539     0141  00CF               	movwf	_mcp9808_temperature_centi	;volatile
  3540     0142                     l1988:
  3541                           
  3542                           ;main.c: 403:     mcp9808_ok = 1;
  3543     0142  3001               	movlw	1
  3544     0143  00D7               	movwf	_mcp9808_ok	;volatile
  3545     0144  285D               	goto	l1950
  3546     0145                     l108:
  3547     0145  0008               	return
  3548     0146                     __end_of_MCP9808_Read:
  3549                           
  3550                           	psect	text8
  3551     02A4                     __ptext8:	
  3552 ;; *************** function ___lmul *****************
  3553 ;; Defined at:
  3554 ;;		line 15 in file "C:\Program Files\Microchip\xc8\v3.10\pic\sources\c99\common\Umul32.c"
  3555 ;; Parameters:    Size  Location     Type
  3556 ;;  multiplier      4    0[BANK0 ] unsigned long 
  3557 ;;  multiplicand    4    4[BANK0 ] unsigned long 
  3558 ;; Auto vars:     Size  Location     Type
  3559 ;;  product         4    3[COMMON] unsigned long 
  3560 ;; Return value:  Size  Location     Type
  3561 ;;                  4    0[BANK0 ] unsigned long 
  3562 ;; Registers used:
  3563 ;;		wreg, status,2, status,0
  3564 ;; Tracked objects:
  3565 ;;		On entry : 0/0
  3566 ;;		On exit  : 0/0
  3567 ;;		Unchanged: 0/0
  3568 ;; Data sizes:     COMMON   BANK0   BANK1   BANK2   BANK3   BANK4   BANK5   BANK6   BANK7   BANK8   BANK9  BANK10  BANK1
      +1  BANK12
  3569 ;;      Params:         0       8       0       0       0       0       0       0       0       0       0       0       
      +0       0
  3570 ;;      Locals:         4       0       0       0       0       0       0       0       0       0       0       0       
      +0       0
  3571 ;;      Temps:          0       0       0       0       0       0       0       0       0       0       0       0       
      +0       0
  3572 ;;      Totals:         4       8       0       0       0       0       0       0       0       0       0       0       
      +0       0
  3573 ;;Total ram usage:       12 bytes
  3574 ;; Hardware stack levels used: 1
  3575 ;; Hardware stack levels required when called: 6
  3576 ;; This function calls:
  3577 ;;		Nothing
  3578 ;; This function is called by:
  3579 ;;		_MCP9808_Read
  3580 ;; This function uses a non-reentrant model
  3581 ;;
  3582                           
  3583     02A4                     ___lmul:	
  3584                           ;psect for function ___lmul
  3585                           
  3586     02A4                     l1884:	
  3587                           ;incstack = 0
  3588                           ; Regs used in ___lmul: [wreg+status,2+status,0]
  3589                           
  3590     02A4  3000               	movlw	0
  3591     02A5  00F6               	movwf	___lmul@product+3
  3592     02A6  3000               	movlw	0
  3593     02A7  00F5               	movwf	___lmul@product+2
  3594     02A8  3000               	movlw	0
  3595     02A9  00F4               	movwf	___lmul@product+1
  3596     02AA  3000               	movlw	0
  3597     02AB  00F3               	movwf	___lmul@product
  3598     02AC                     l1886:
  3599     02AC  0140               	movlb	0	; select bank0
  3600     02AD  1C20               	btfss	___lmul@multiplier,0
  3601     02AE  2AB0               	goto	u1111
  3602     02AF  2AB1               	goto	u1110
  3603     02B0                     u1111:
  3604     02B0  2AB9               	goto	l1890
  3605     02B1                     u1110:
  3606     02B1                     l1888:
  3607     02B1  0824               	movf	___lmul@multiplicand,w
  3608     02B2  07F3               	addwf	___lmul@product,f
  3609     02B3  0825               	movf	___lmul@multiplicand+1,w
  3610     02B4  3DF4               	addwfc	___lmul@product+1,f
  3611     02B5  0826               	movf	___lmul@multiplicand+2,w
  3612     02B6  3DF5               	addwfc	___lmul@product+2,f
  3613     02B7  0827               	movf	___lmul@multiplicand+3,w
  3614     02B8  3DF6               	addwfc	___lmul@product+3,f
  3615     02B9                     l1890:
  3616     02B9  3001               	movlw	1
  3617     02BA                     u1125:
  3618     02BA  35A4               	lslf	___lmul@multiplicand,f
  3619     02BB  0DA5               	rlf	___lmul@multiplicand+1,f
  3620     02BC  0DA6               	rlf	___lmul@multiplicand+2,f
  3621     02BD  0DA7               	rlf	___lmul@multiplicand+3,f
  3622     02BE  0B89               	decfsz	9,f
  3623     02BF  2ABA               	goto	u1125
  3624     02C0                     l1892:
  3625     02C0  3001               	movlw	1
  3626     02C1                     u1135:
  3627     02C1  36A3               	lsrf	___lmul@multiplier+3,f
  3628     02C2  0CA2               	rrf	___lmul@multiplier+2,f
  3629     02C3  0CA1               	rrf	___lmul@multiplier+1,f
  3630     02C4  0CA0               	rrf	___lmul@multiplier,f
  3631     02C5  0B89               	decfsz	9,f
  3632     02C6  2AC1               	goto	u1135
  3633     02C7  0823               	movf	___lmul@multiplier+3,w
  3634     02C8  0422               	iorwf	___lmul@multiplier+2,w
  3635     02C9  0421               	iorwf	___lmul@multiplier+1,w
  3636     02CA  0420               	iorwf	___lmul@multiplier,w
  3637     02CB  1D03               	skipz
  3638     02CC  2ACE               	goto	u1141
  3639     02CD  2ACF               	goto	u1140
  3640     02CE                     u1141:
  3641     02CE  2AAC               	goto	l1886
  3642     02CF                     u1140:
  3643     02CF                     l1894:
  3644     02CF  0876               	movf	___lmul@product+3,w
  3645     02D0  00A3               	movwf	?___lmul+3
  3646     02D1  0875               	movf	___lmul@product+2,w
  3647     02D2  00A2               	movwf	?___lmul+2
  3648     02D3  0874               	movf	___lmul@product+1,w
  3649     02D4  00A1               	movwf	?___lmul+1
  3650     02D5  0873               	movf	___lmul@product,w
  3651     02D6  00A0               	movwf	?___lmul
  3652     02D7                     l396:
  3653     02D7  0008               	return
  3654     02D8                     __end_of___lmul:
  3655                           
  3656                           	psect	text9
  3657     01D2                     __ptext9:	
  3658 ;; *************** function ___awdiv *****************
  3659 ;; Defined at:
  3660 ;;		line 5 in file "C:\Program Files\Microchip\xc8\v3.10\pic\sources\c99\common\awdiv.c"
  3661 ;; Parameters:    Size  Location     Type
  3662 ;;  divisor         2    3[COMMON] int 
  3663 ;;  dividend        2    5[COMMON] int 
  3664 ;; Auto vars:     Size  Location     Type
  3665 ;;  quotient        2    2[BANK0 ] int 
  3666 ;;  sign            1    1[BANK0 ] unsigned char 
  3667 ;;  counter         1    0[BANK0 ] unsigned char 
  3668 ;; Return value:  Size  Location     Type
  3669 ;;                  2    3[COMMON] int 
  3670 ;; Registers used:
  3671 ;;		wreg, status,2, status,0
  3672 ;; Tracked objects:
  3673 ;;		On entry : 0/0
  3674 ;;		On exit  : 0/0
  3675 ;;		Unchanged: 0/0
  3676 ;; Data sizes:     COMMON   BANK0   BANK1   BANK2   BANK3   BANK4   BANK5   BANK6   BANK7   BANK8   BANK9  BANK10  BANK1
      +1  BANK12
  3677 ;;      Params:         4       0       0       0       0       0       0       0       0       0       0       0       
      +0       0
  3678 ;;      Locals:         0       4       0       0       0       0       0       0       0       0       0       0       
      +0       0
  3679 ;;      Temps:          0       0       0       0       0       0       0       0       0       0       0       0       
      +0       0
  3680 ;;      Totals:         4       4       0       0       0       0       0       0       0       0       0       0       
      +0       0
  3681 ;;Total ram usage:        8 bytes
  3682 ;; Hardware stack levels used: 1
  3683 ;; Hardware stack levels required when called: 6
  3684 ;; This function calls:
  3685 ;;		Nothing
  3686 ;; This function is called by:
  3687 ;;		_MCP9808_Read
  3688 ;; This function uses a non-reentrant model
  3689 ;;
  3690                           
  3691     01D2                     ___awdiv:	
  3692                           ;psect for function ___awdiv
  3693                           
  3694     01D2                     l1898:	
  3695                           ;incstack = 0
  3696                           ; Regs used in ___awdiv: [wreg+status,2+status,0]
  3697                           
  3698     01D2  0140               	movlb	0	; select bank0
  3699     01D3  01A1               	clrf	___awdiv@sign
  3700     01D4                     l1900:
  3701     01D4  1FF4               	btfss	___awdiv@divisor+1,7
  3702     01D5  29D7               	goto	u1151
  3703     01D6  29D8               	goto	u1150
  3704     01D7                     u1151:
  3705     01D7  29DF               	goto	l1906
  3706     01D8                     u1150:
  3707     01D8                     l1902:
  3708     01D8  09F3               	comf	___awdiv@divisor,f
  3709     01D9  09F4               	comf	___awdiv@divisor+1,f
  3710     01DA  0AF3               	incf	___awdiv@divisor,f
  3711     01DB  1903               	skipnz
  3712     01DC  0AF4               	incf	___awdiv@divisor+1,f
  3713     01DD                     l1904:
  3714     01DD  3001               	movlw	1
  3715     01DE  00A1               	movwf	___awdiv@sign
  3716     01DF                     l1906:
  3717     01DF  1FF6               	btfss	___awdiv@dividend+1,7
  3718     01E0  29E2               	goto	u1161
  3719     01E1  29E3               	goto	u1160
  3720     01E2                     u1161:
  3721     01E2  29EA               	goto	l1912
  3722     01E3                     u1160:
  3723     01E3                     l1908:
  3724     01E3  09F5               	comf	___awdiv@dividend,f
  3725     01E4  09F6               	comf	___awdiv@dividend+1,f
  3726     01E5  0AF5               	incf	___awdiv@dividend,f
  3727     01E6  1903               	skipnz
  3728     01E7  0AF6               	incf	___awdiv@dividend+1,f
  3729     01E8                     l1910:
  3730     01E8  3001               	movlw	1
  3731     01E9  06A1               	xorwf	___awdiv@sign,f
  3732     01EA                     l1912:
  3733     01EA  01A2               	clrf	___awdiv@quotient
  3734     01EB  01A3               	clrf	___awdiv@quotient+1
  3735     01EC                     l1914:
  3736     01EC  0873               	movf	___awdiv@divisor,w
  3737     01ED  0474               	iorwf	___awdiv@divisor+1,w
  3738     01EE  1903               	btfsc	3,2
  3739     01EF  29F1               	goto	u1171
  3740     01F0  29F2               	goto	u1170
  3741     01F1                     u1171:
  3742     01F1  2A1F               	goto	l1934
  3743     01F2                     u1170:
  3744     01F2                     l1916:
  3745     01F2  3001               	movlw	1
  3746     01F3  00A0               	movwf	___awdiv@counter
  3747     01F4  29FC               	goto	l1922
  3748     01F5                     l1918:
  3749     01F5  3001               	movlw	1
  3750     01F6                     u1185:
  3751     01F6  35F3               	lslf	___awdiv@divisor,f
  3752     01F7  0DF4               	rlf	___awdiv@divisor+1,f
  3753     01F8  0B89               	decfsz	9,f
  3754     01F9  29F6               	goto	u1185
  3755     01FA                     l1920:
  3756     01FA  3001               	movlw	1
  3757     01FB  07A0               	addwf	___awdiv@counter,f
  3758     01FC                     l1922:
  3759     01FC  1FF4               	btfss	___awdiv@divisor+1,7
  3760     01FD  29FF               	goto	u1191
  3761     01FE  2A00               	goto	u1190
  3762     01FF                     u1191:
  3763     01FF  29F5               	goto	l1918
  3764     0200                     u1190:
  3765     0200                     l1924:
  3766     0200  3001               	movlw	1
  3767     0201                     u1205:
  3768     0201  35A2               	lslf	___awdiv@quotient,f
  3769     0202  0DA3               	rlf	___awdiv@quotient+1,f
  3770     0203  0B89               	decfsz	9,f
  3771     0204  2A01               	goto	u1205
  3772     0205  0874               	movf	___awdiv@divisor+1,w
  3773     0206  0276               	subwf	___awdiv@dividend+1,w
  3774     0207  1D03               	skipz
  3775     0208  2A0B               	goto	u1215
  3776     0209  0873               	movf	___awdiv@divisor,w
  3777     020A  0275               	subwf	___awdiv@dividend,w
  3778     020B                     u1215:
  3779     020B  1C03               	skipc
  3780     020C  2A0E               	goto	u1211
  3781     020D  2A0F               	goto	u1210
  3782     020E                     u1211:
  3783     020E  2A14               	goto	l1930
  3784     020F                     u1210:
  3785     020F                     l1926:
  3786     020F  0873               	movf	___awdiv@divisor,w
  3787     0210  02F5               	subwf	___awdiv@dividend,f
  3788     0211  0874               	movf	___awdiv@divisor+1,w
  3789     0212  3BF6               	subwfb	___awdiv@dividend+1,f
  3790     0213                     l1928:
  3791     0213  1422               	bsf	___awdiv@quotient,0
  3792     0214                     l1930:
  3793     0214  3001               	movlw	1
  3794     0215                     u1225:
  3795     0215  36F4               	lsrf	___awdiv@divisor+1,f
  3796     0216  0CF3               	rrf	___awdiv@divisor,f
  3797     0217  0B89               	decfsz	9,f
  3798     0218  2A15               	goto	u1225
  3799     0219                     l1932:
  3800     0219  3001               	movlw	1
  3801     021A  02A0               	subwf	___awdiv@counter,f
  3802     021B  1D03               	btfss	3,2
  3803     021C  2A1E               	goto	u1231
  3804     021D  2A1F               	goto	u1230
  3805     021E                     u1231:
  3806     021E  2A00               	goto	l1924
  3807     021F                     u1230:
  3808     021F                     l1934:
  3809     021F  0821               	movf	___awdiv@sign,w
  3810     0220  1903               	btfsc	3,2
  3811     0221  2A23               	goto	u1241
  3812     0222  2A24               	goto	u1240
  3813     0223                     u1241:
  3814     0223  2A29               	goto	l1938
  3815     0224                     u1240:
  3816     0224                     l1936:
  3817     0224  09A2               	comf	___awdiv@quotient,f
  3818     0225  09A3               	comf	___awdiv@quotient+1,f
  3819     0226  0AA2               	incf	___awdiv@quotient,f
  3820     0227  1903               	skipnz
  3821     0228  0AA3               	incf	___awdiv@quotient+1,f
  3822     0229                     l1938:
  3823     0229  0823               	movf	___awdiv@quotient+1,w
  3824     022A  00F4               	movwf	?___awdiv+1
  3825     022B  0822               	movf	___awdiv@quotient,w
  3826     022C  00F3               	movwf	?___awdiv
  3827     022D                     l535:
  3828     022D  0008               	return
  3829     022E                     __end_of___awdiv:
  3830                           
  3831                           	psect	text10
  3832     0146                     __ptext10:	
  3833 ;; *************** function ___aldiv *****************
  3834 ;; Defined at:
  3835 ;;		line 5 in file "C:\Program Files\Microchip\xc8\v3.10\pic\sources\c99\common\aldiv.c"
  3836 ;; Parameters:    Size  Location     Type
  3837 ;;  divisor         4    8[BANK0 ] long 
  3838 ;;  dividend        4   12[BANK0 ] long 
  3839 ;; Auto vars:     Size  Location     Type
  3840 ;;  quotient        4   18[BANK0 ] long 
  3841 ;;  sign            1   17[BANK0 ] unsigned char 
  3842 ;;  counter         1   16[BANK0 ] unsigned char 
  3843 ;; Return value:  Size  Location     Type
  3844 ;;                  4    8[BANK0 ] long 
  3845 ;; Registers used:
  3846 ;;		wreg, status,2, status,0
  3847 ;; Tracked objects:
  3848 ;;		On entry : 0/0
  3849 ;;		On exit  : 0/0
  3850 ;;		Unchanged: 0/0
  3851 ;; Data sizes:     COMMON   BANK0   BANK1   BANK2   BANK3   BANK4   BANK5   BANK6   BANK7   BANK8   BANK9  BANK10  BANK1
      +1  BANK12
  3852 ;;      Params:         0       8       0       0       0       0       0       0       0       0       0       0       
      +0       0
  3853 ;;      Locals:         0       6       0       0       0       0       0       0       0       0       0       0       
      +0       0
  3854 ;;      Temps:          0       0       0       0       0       0       0       0       0       0       0       0       
      +0       0
  3855 ;;      Totals:         0      14       0       0       0       0       0       0       0       0       0       0       
      +0       0
  3856 ;;Total ram usage:       14 bytes
  3857 ;; Hardware stack levels used: 1
  3858 ;; Hardware stack levels required when called: 6
  3859 ;; This function calls:
  3860 ;;		Nothing
  3861 ;; This function is called by:
  3862 ;;		_MCP9808_Read
  3863 ;; This function uses a non-reentrant model
  3864 ;;
  3865                           
  3866     0146                     ___aldiv:	
  3867                           ;psect for function ___aldiv
  3868                           
  3869     0146                     l1590:	
  3870                           ;incstack = 0
  3871                           ; Regs used in ___aldiv: [wreg+status,2+status,0]
  3872                           
  3873     0146  0140               	movlb	0	; select bank0
  3874     0147  01B1               	clrf	___aldiv@sign
  3875     0148                     l1592:
  3876     0148  1FAB               	btfss	___aldiv@divisor+3,7
  3877     0149  294B               	goto	u721
  3878     014A  294C               	goto	u720
  3879     014B                     u721:
  3880     014B  2959               	goto	l447
  3881     014C                     u720:
  3882     014C                     l1594:
  3883     014C  09A8               	comf	___aldiv@divisor,f
  3884     014D  09A9               	comf	___aldiv@divisor+1,f
  3885     014E  09AA               	comf	___aldiv@divisor+2,f
  3886     014F  09AB               	comf	___aldiv@divisor+3,f
  3887     0150  0AA8               	incf	___aldiv@divisor,f
  3888     0151  1903               	skipnz
  3889     0152  0AA9               	incf	___aldiv@divisor+1,f
  3890     0153  1903               	skipnz
  3891     0154  0AAA               	incf	___aldiv@divisor+2,f
  3892     0155  1903               	skipnz
  3893     0156  0AAB               	incf	___aldiv@divisor+3,f
  3894     0157  3001               	movlw	1
  3895     0158  00B1               	movwf	___aldiv@sign
  3896     0159                     l447:
  3897     0159  1FAF               	btfss	___aldiv@dividend+3,7
  3898     015A  295C               	goto	u731
  3899     015B  295D               	goto	u730
  3900     015C                     u731:
  3901     015C  296A               	goto	l1600
  3902     015D                     u730:
  3903     015D                     l1596:
  3904     015D  09AC               	comf	___aldiv@dividend,f
  3905     015E  09AD               	comf	___aldiv@dividend+1,f
  3906     015F  09AE               	comf	___aldiv@dividend+2,f
  3907     0160  09AF               	comf	___aldiv@dividend+3,f
  3908     0161  0AAC               	incf	___aldiv@dividend,f
  3909     0162  1903               	skipnz
  3910     0163  0AAD               	incf	___aldiv@dividend+1,f
  3911     0164  1903               	skipnz
  3912     0165  0AAE               	incf	___aldiv@dividend+2,f
  3913     0166  1903               	skipnz
  3914     0167  0AAF               	incf	___aldiv@dividend+3,f
  3915     0168                     l1598:
  3916     0168  3001               	movlw	1
  3917     0169  06B1               	xorwf	___aldiv@sign,f
  3918     016A                     l1600:
  3919     016A  3000               	movlw	0
  3920     016B  00B5               	movwf	___aldiv@quotient+3
  3921     016C  3000               	movlw	0
  3922     016D  00B4               	movwf	___aldiv@quotient+2
  3923     016E  3000               	movlw	0
  3924     016F  00B3               	movwf	___aldiv@quotient+1
  3925     0170  3000               	movlw	0
  3926     0171  00B2               	movwf	___aldiv@quotient
  3927     0172                     l1602:
  3928     0172  082B               	movf	___aldiv@divisor+3,w
  3929     0173  042A               	iorwf	___aldiv@divisor+2,w
  3930     0174  0429               	iorwf	___aldiv@divisor+1,w
  3931     0175  0428               	iorwf	___aldiv@divisor,w
  3932     0176  1903               	skipnz
  3933     0177  2979               	goto	u741
  3934     0178  297A               	goto	u740
  3935     0179                     u741:
  3936     0179  29B9               	goto	l1622
  3937     017A                     u740:
  3938     017A                     l1604:
  3939     017A  3001               	movlw	1
  3940     017B  00B0               	movwf	___aldiv@counter
  3941     017C  2986               	goto	l1608
  3942     017D                     l1606:
  3943     017D  3001               	movlw	1
  3944     017E                     u755:
  3945     017E  35A8               	lslf	___aldiv@divisor,f
  3946     017F  0DA9               	rlf	___aldiv@divisor+1,f
  3947     0180  0DAA               	rlf	___aldiv@divisor+2,f
  3948     0181  0DAB               	rlf	___aldiv@divisor+3,f
  3949     0182  0B89               	decfsz	9,f
  3950     0183  297E               	goto	u755
  3951     0184  3001               	movlw	1
  3952     0185  07B0               	addwf	___aldiv@counter,f
  3953     0186                     l1608:
  3954     0186  1FAB               	btfss	___aldiv@divisor+3,7
  3955     0187  2989               	goto	u761
  3956     0188  298A               	goto	u760
  3957     0189                     u761:
  3958     0189  297D               	goto	l1606
  3959     018A                     u760:
  3960     018A                     l1610:
  3961     018A  3001               	movlw	1
  3962     018B                     u775:
  3963     018B  35B2               	lslf	___aldiv@quotient,f
  3964     018C  0DB3               	rlf	___aldiv@quotient+1,f
  3965     018D  0DB4               	rlf	___aldiv@quotient+2,f
  3966     018E  0DB5               	rlf	___aldiv@quotient+3,f
  3967     018F  0B89               	decfsz	9,f
  3968     0190  298B               	goto	u775
  3969     0191                     l1612:
  3970     0191  082B               	movf	___aldiv@divisor+3,w
  3971     0192  022F               	subwf	___aldiv@dividend+3,w
  3972     0193  1D03               	skipz
  3973     0194  299F               	goto	u785
  3974     0195  082A               	movf	___aldiv@divisor+2,w
  3975     0196  022E               	subwf	___aldiv@dividend+2,w
  3976     0197  1D03               	skipz
  3977     0198  299F               	goto	u785
  3978     0199  0829               	movf	___aldiv@divisor+1,w
  3979     019A  022D               	subwf	___aldiv@dividend+1,w
  3980     019B  1D03               	skipz
  3981     019C  299F               	goto	u785
  3982     019D  0828               	movf	___aldiv@divisor,w
  3983     019E  022C               	subwf	___aldiv@dividend,w
  3984     019F                     u785:
  3985     019F  1C03               	skipc
  3986     01A0  29A2               	goto	u781
  3987     01A1  29A3               	goto	u780
  3988     01A2                     u781:
  3989     01A2  29AC               	goto	l1618
  3990     01A3                     u780:
  3991     01A3                     l1614:
  3992     01A3  0828               	movf	___aldiv@divisor,w
  3993     01A4  02AC               	subwf	___aldiv@dividend,f
  3994     01A5  0829               	movf	___aldiv@divisor+1,w
  3995     01A6  3BAD               	subwfb	___aldiv@dividend+1,f
  3996     01A7  082A               	movf	___aldiv@divisor+2,w
  3997     01A8  3BAE               	subwfb	___aldiv@dividend+2,f
  3998     01A9  082B               	movf	___aldiv@divisor+3,w
  3999     01AA  3BAF               	subwfb	___aldiv@dividend+3,f
  4000     01AB                     l1616:
  4001     01AB  1432               	bsf	___aldiv@quotient,0
  4002     01AC                     l1618:
  4003     01AC  3001               	movlw	1
  4004     01AD                     u795:
  4005     01AD  36AB               	lsrf	___aldiv@divisor+3,f
  4006     01AE  0CAA               	rrf	___aldiv@divisor+2,f
  4007     01AF  0CA9               	rrf	___aldiv@divisor+1,f
  4008     01B0  0CA8               	rrf	___aldiv@divisor,f
  4009     01B1  0B89               	decfsz	9,f
  4010     01B2  29AD               	goto	u795
  4011     01B3                     l1620:
  4012     01B3  3001               	movlw	1
  4013     01B4  02B0               	subwf	___aldiv@counter,f
  4014     01B5  1D03               	btfss	3,2
  4015     01B6  29B8               	goto	u801
  4016     01B7  29B9               	goto	u800
  4017     01B8                     u801:
  4018     01B8  298A               	goto	l1610
  4019     01B9                     u800:
  4020     01B9                     l1622:
  4021     01B9  0831               	movf	___aldiv@sign,w
  4022     01BA  1903               	btfsc	3,2
  4023     01BB  29BD               	goto	u811
  4024     01BC  29BE               	goto	u810
  4025     01BD                     u811:
  4026     01BD  29C9               	goto	l1626
  4027     01BE                     u810:
  4028     01BE                     l1624:
  4029     01BE  09B2               	comf	___aldiv@quotient,f
  4030     01BF  09B3               	comf	___aldiv@quotient+1,f
  4031     01C0  09B4               	comf	___aldiv@quotient+2,f
  4032     01C1  09B5               	comf	___aldiv@quotient+3,f
  4033     01C2  0AB2               	incf	___aldiv@quotient,f
  4034     01C3  1903               	skipnz
  4035     01C4  0AB3               	incf	___aldiv@quotient+1,f
  4036     01C5  1903               	skipnz
  4037     01C6  0AB4               	incf	___aldiv@quotient+2,f
  4038     01C7  1903               	skipnz
  4039     01C8  0AB5               	incf	___aldiv@quotient+3,f
  4040     01C9                     l1626:
  4041     01C9  0835               	movf	___aldiv@quotient+3,w
  4042     01CA  00AB               	movwf	?___aldiv+3
  4043     01CB  0834               	movf	___aldiv@quotient+2,w
  4044     01CC  00AA               	movwf	?___aldiv+2
  4045     01CD  0833               	movf	___aldiv@quotient+1,w
  4046     01CE  00A9               	movwf	?___aldiv+1
  4047     01CF  0832               	movf	___aldiv@quotient,w
  4048     01D0  00A8               	movwf	?___aldiv
  4049     01D1                     l457:
  4050     01D1  0008               	return
  4051     01D2                     __end_of___aldiv:
  4052                           
  4053                           	psect	text11
  4054     0361                     __ptext11:	
  4055 ;; *************** function _MCP9808_WaitI2C *****************
  4056 ;; Defined at:
  4057 ;;		line 88 in file "main.c"
  4058 ;; Parameters:    Size  Location     Type
  4059 ;;		None
  4060 ;; Auto vars:     Size  Location     Type
  4061 ;;  timeout         4    3[COMMON] unsigned long 
  4062 ;; Return value:  Size  Location     Type
  4063 ;;                  1    wreg      _Bool 
  4064 ;; Registers used:
  4065 ;;		wreg, status,2, status,0, pclath, cstack
  4066 ;; Tracked objects:
  4067 ;;		On entry : 0/0
  4068 ;;		On exit  : 0/0
  4069 ;;		Unchanged: 0/0
  4070 ;; Data sizes:     COMMON   BANK0   BANK1   BANK2   BANK3   BANK4   BANK5   BANK6   BANK7   BANK8   BANK9  BANK10  BANK1
      +1  BANK12
  4071 ;;      Params:         0       0       0       0       0       0       0       0       0       0       0       0       
      +0       0
  4072 ;;      Locals:         4       0       0       0       0       0       0       0       0       0       0       0       
      +0       0
  4073 ;;      Temps:          0       0       0       0       0       0       0       0       0       0       0       0       
      +0       0
  4074 ;;      Totals:         4       0       0       0       0       0       0       0       0       0       0       0       
      +0       0
  4075 ;;Total ram usage:        4 bytes
  4076 ;; Hardware stack levels used: 1
  4077 ;; Hardware stack levels required when called: 7
  4078 ;; This function calls:
  4079 ;;		_I2C1_IsBusy
  4080 ;; This function is called by:
  4081 ;;		_MCP9808_Read
  4082 ;; This function uses a non-reentrant model
  4083 ;;
  4084                           
  4085     0361                     _MCP9808_WaitI2C:	
  4086                           ;psect for function _MCP9808_WaitI2C
  4087                           
  4088     0361                     l1850:	
  4089                           ;incstack = 0
  4090                           ; Regs used in _MCP9808_WaitI2C: [wreg+status,2+status,0+pclath+cstack]
  4091                           
  4092                           
  4093                           ;main.c: 90:     uint32_t timeout = 0;
  4094     0361  3000               	movlw	0
  4095     0362  00F6               	movwf	MCP9808_WaitI2C@timeout+3
  4096     0363  3000               	movlw	0
  4097     0364  00F5               	movwf	MCP9808_WaitI2C@timeout+2
  4098     0365  3000               	movlw	0
  4099     0366  00F4               	movwf	MCP9808_WaitI2C@timeout+1
  4100     0367  3000               	movlw	0
  4101     0368  00F3               	movwf	MCP9808_WaitI2C@timeout
  4102                           
  4103                           ;main.c: 99:     while (I2C1_IsBusy())
  4104     0369  2B7F               	goto	l1858
  4105     036A                     l1852:
  4106                           
  4107                           ;main.c: 100:     {;main.c: 101:         timeout++;
  4108     036A  3001               	movlw	1
  4109     036B  07F3               	addwf	MCP9808_WaitI2C@timeout,f
  4110     036C  3000               	movlw	0
  4111     036D  3DF4               	addwfc	MCP9808_WaitI2C@timeout+1,f
  4112     036E  3DF5               	addwfc	MCP9808_WaitI2C@timeout+2,f
  4113     036F  3DF6               	addwfc	MCP9808_WaitI2C@timeout+3,f
  4114                           
  4115                           ;main.c: 107:         if (timeout > 100000UL)
  4116     0370  0876               	movf	MCP9808_WaitI2C@timeout+3,w
  4117     0371  1D03               	btfss	3,2
  4118     0372  2B7D               	goto	u1080
  4119     0373  30A1               	movlw	161
  4120     0374  0273               	subwf	MCP9808_WaitI2C@timeout,w
  4121     0375  3086               	movlw	134
  4122     0376  3B74               	subwfb	MCP9808_WaitI2C@timeout+1,w
  4123     0377  3001               	movlw	1
  4124     0378  3B75               	subwfb	MCP9808_WaitI2C@timeout+2,w
  4125     0379  1C03               	btfss	3,0
  4126     037A  2B7C               	goto	u1081
  4127     037B  2B7D               	goto	u1080
  4128     037C                     u1081:
  4129     037C  2B7F               	goto	l1858
  4130     037D                     u1080:
  4131     037D                     l1854:
  4132                           
  4133                           ;main.c: 108:         {;main.c: 109:             return 0;
  4134     037D  3000               	movlw	0
  4135     037E  2B88               	goto	l103
  4136     037F                     l1858:
  4137                           
  4138                           ;main.c: 99:     while (I2C1_IsBusy())
  4139     037F  3184  249D  3183   	fcall	_I2C1_IsBusy
  4140     0382  3A00               	xorlw	0
  4141     0383  1D03               	skipz
  4142     0384  2B86               	goto	u1091
  4143     0385  2B87               	goto	u1090
  4144     0386                     u1091:
  4145     0386  2B6A               	goto	l1852
  4146     0387                     u1090:
  4147     0387                     l1860:
  4148                           
  4149                           ;main.c: 114:     return 1;
  4150     0387  3001               	movlw	1
  4151     0388                     l103:
  4152     0388  0008               	return
  4153     0389                     __end_of_MCP9808_WaitI2C:
  4154                           
  4155                           	psect	text12
  4156     0389                     __ptext12:	
  4157 ;; *************** function _I2C1_WriteRead *****************
  4158 ;; Defined at:
  4159 ;;		line 150 in file "mcc_generated_files/i2c_host/src/mssp1.c"
  4160 ;; Parameters:    Size  Location     Type
  4161 ;;  address         2    0[BANK0 ] unsigned short 
  4162 ;;  writeData       1    2[BANK0 ] PTR unsigned char 
  4163 ;;		 -> MCP9808_Read@register_address(1), 
  4164 ;;  writeLength     2    3[BANK0 ] unsigned int 
  4165 ;;  readData        1    5[BANK0 ] PTR unsigned char 
  4166 ;;		 -> mcp9808_data(2), 
  4167 ;;  readLength      2    6[BANK0 ] unsigned int 
  4168 ;; Auto vars:     Size  Location     Type
  4169 ;;  retStatus       1    3[COMMON] _Bool 
  4170 ;; Return value:  Size  Location     Type
  4171 ;;                  1    wreg      _Bool 
  4172 ;; Registers used:
  4173 ;;		wreg, status,2, status,0, pclath, cstack
  4174 ;; Tracked objects:
  4175 ;;		On entry : 0/0
  4176 ;;		On exit  : 0/0
  4177 ;;		Unchanged: 0/0
  4178 ;; Data sizes:     COMMON   BANK0   BANK1   BANK2   BANK3   BANK4   BANK5   BANK6   BANK7   BANK8   BANK9  BANK10  BANK1
      +1  BANK12
  4179 ;;      Params:         0       8       0       0       0       0       0       0       0       0       0       0       
      +0       0
  4180 ;;      Locals:         1       0       0       0       0       0       0       0       0       0       0       0       
      +0       0
  4181 ;;      Temps:          0       0       0       0       0       0       0       0       0       0       0       0       
      +0       0
  4182 ;;      Totals:         1       8       0       0       0       0       0       0       0       0       0       0       
      +0       0
  4183 ;;Total ram usage:        9 bytes
  4184 ;; Hardware stack levels used: 1
  4185 ;; Hardware stack levels required when called: 7
  4186 ;; This function calls:
  4187 ;;		_I2C1_IsBusy
  4188 ;;		_I2C1_WriteStart
  4189 ;; This function is called by:
  4190 ;;		_MCP9808_Read
  4191 ;; This function uses a non-reentrant model
  4192 ;;
  4193                           
  4194     0389                     _I2C1_WriteRead:	
  4195                           ;psect for function _I2C1_WriteRead
  4196                           
  4197     0389                     l1864:	
  4198                           ;incstack = 0
  4199                           ; Regs used in _I2C1_WriteRead: [wreg+status,2+status,0+pclath+cstack]
  4200                           
  4201                           
  4202                           ;mcc_generated_files/i2c_host/src/mssp1.c: 150: _Bool I2C1_WriteRead(uint16_t address, u
      +                          int8_t *writeData, size_t writeLength, uint8_t *readData, size_t readLength);mcc_generat
      +                          ed_files/i2c_host/src/mssp1.c: 151: {;mcc_generated_files/i2c_host/src/mssp1.c: 152:    
      +                           _Bool retStatus = 0;
  4203     0389  01F3               	clrf	I2C1_WriteRead@retStatus
  4204     038A                     l1866:
  4205                           
  4206                           ;mcc_generated_files/i2c_host/src/mssp1.c: 153:     if (!I2C1_IsBusy())
  4207     038A  3184  249D  3183   	fcall	_I2C1_IsBusy
  4208     038D  3A00               	xorlw	0
  4209     038E  1D03               	skipz
  4210     038F  2B91               	goto	u1101
  4211     0390  2B92               	goto	u1100
  4212     0391                     u1101:
  4213     0391  2BAF               	goto	l1880
  4214     0392                     u1100:
  4215     0392                     l1868:
  4216                           
  4217                           ;mcc_generated_files/i2c_host/src/mssp1.c: 154:     {;mcc_generated_files/i2c_host/src/m
      +                          ssp1.c: 155:         i2c1Status.busy = 1;
  4218     0392  3001               	movlw	1
  4219     0393  0140               	movlb	0	; select bank0
  4220     0394  00C1               	movwf	_i2c1Status	;volatile
  4221     0395                     l1870:
  4222                           
  4223                           ;mcc_generated_files/i2c_host/src/mssp1.c: 156:         i2c1Status.address = address;
  4224     0395  0821               	movf	I2C1_WriteRead@address+1,w
  4225     0396  00C3               	movwf	_i2c1Status+2	;volatile
  4226     0397  0820               	movf	I2C1_WriteRead@address,w
  4227     0398  00C2               	movwf	_i2c1Status+1	;volatile
  4228     0399                     l1872:
  4229                           
  4230                           ;mcc_generated_files/i2c_host/src/mssp1.c: 157:         i2c1Status.switchToRead = 1;
  4231     0399  3001               	movlw	1
  4232     039A  00CC               	movwf	_i2c1Status+11	;volatile
  4233                           
  4234                           ;mcc_generated_files/i2c_host/src/mssp1.c: 158:         i2c1Status.writePtr = writeData;
  4235     039B  0822               	movf	I2C1_WriteRead@writeData,w
  4236     039C  00C4               	movwf	_i2c1Status+3	;volatile
  4237     039D  01C5               	clrf	_i2c1Status+4	;volatile
  4238                           
  4239                           ;mcc_generated_files/i2c_host/src/mssp1.c: 159:         i2c1Status.writeLength = writeLe
      +                          ngth;
  4240     039E  0824               	movf	I2C1_WriteRead@writeLength+1,w
  4241     039F  00C7               	movwf	_i2c1Status+6	;volatile
  4242     03A0  0823               	movf	I2C1_WriteRead@writeLength,w
  4243     03A1  00C6               	movwf	_i2c1Status+5	;volatile
  4244                           
  4245                           ;mcc_generated_files/i2c_host/src/mssp1.c: 160:         i2c1Status.readPtr = readData;
  4246     03A2  0825               	movf	I2C1_WriteRead@readData,w
  4247     03A3  00C8               	movwf	_i2c1Status+7	;volatile
  4248     03A4  01C9               	clrf	_i2c1Status+8	;volatile
  4249                           
  4250                           ;mcc_generated_files/i2c_host/src/mssp1.c: 161:         i2c1Status.readLength = readLeng
      +                          th;
  4251     03A5  0827               	movf	I2C1_WriteRead@readLength+1,w
  4252     03A6  00CB               	movwf	_i2c1Status+10	;volatile
  4253     03A7  0826               	movf	I2C1_WriteRead@readLength,w
  4254     03A8  00CA               	movwf	_i2c1Status+9	;volatile
  4255     03A9                     l1874:
  4256                           
  4257                           ;mcc_generated_files/i2c_host/src/mssp1.c: 162:         i2c1Status.errorState = I2C_ERRO
      +                          R_NONE;
  4258     03A9  01CD               	clrf	_i2c1Status+12	;volatile
  4259     03AA                     l1876:
  4260                           
  4261                           ;mcc_generated_files/i2c_host/src/mssp1.c: 163:         I2C1_WriteStart();
  4262     03AA  3184  2473  3183   	fcall	_I2C1_WriteStart
  4263     03AD                     l1878:
  4264                           
  4265                           ;mcc_generated_files/i2c_host/src/mssp1.c: 164:         retStatus = 1;
  4266     03AD  3001               	movlw	1
  4267     03AE  00F3               	movwf	I2C1_WriteRead@retStatus
  4268     03AF                     l1880:
  4269                           
  4270                           ;mcc_generated_files/i2c_host/src/mssp1.c: 166:     return retStatus;
  4271     03AF  0873               	movf	I2C1_WriteRead@retStatus,w
  4272     03B0                     l293:
  4273     03B0  0008               	return
  4274     03B1                     __end_of_I2C1_WriteRead:
  4275                           
  4276                           	psect	text13
  4277     0473                     __ptext13:	
  4278 ;; *************** function _I2C1_WriteStart *****************
  4279 ;; Defined at:
  4280 ;;		line 208 in file "mcc_generated_files/i2c_host/src/mssp1.c"
  4281 ;; Parameters:    Size  Location     Type
  4282 ;;		None
  4283 ;; Auto vars:     Size  Location     Type
  4284 ;;		None
  4285 ;; Return value:  Size  Location     Type
  4286 ;;                  1    wreg      void 
  4287 ;; Registers used:
  4288 ;;		None
  4289 ;; Tracked objects:
  4290 ;;		On entry : 0/0
  4291 ;;		On exit  : 0/0
  4292 ;;		Unchanged: 0/0
  4293 ;; Data sizes:     COMMON   BANK0   BANK1   BANK2   BANK3   BANK4   BANK5   BANK6   BANK7   BANK8   BANK9  BANK10  BANK1
      +1  BANK12
  4294 ;;      Params:         0       0       0       0       0       0       0       0       0       0       0       0       
      +0       0
  4295 ;;      Locals:         0       0       0       0       0       0       0       0       0       0       0       0       
      +0       0
  4296 ;;      Temps:          0       0       0       0       0       0       0       0       0       0       0       0       
      +0       0
  4297 ;;      Totals:         0       0       0       0       0       0       0       0       0       0       0       0       
      +0       0
  4298 ;;Total ram usage:        0 bytes
  4299 ;; Hardware stack levels used: 1
  4300 ;; Hardware stack levels required when called: 6
  4301 ;; This function calls:
  4302 ;;		Nothing
  4303 ;; This function is called by:
  4304 ;;		_I2C1_WriteRead
  4305 ;;		_I2C1_Write
  4306 ;; This function uses a non-reentrant model
  4307 ;;
  4308                           
  4309     0473                     _I2C1_WriteStart:	
  4310                           ;psect for function _I2C1_WriteStart
  4311                           
  4312     0473                     l1848:	
  4313                           ;incstack = 0
  4314                           ; Regs used in _I2C1_WriteStart: []
  4315                           
  4316                           
  4317                           ;mcc_generated_files/i2c_host/src/mssp1.c: 210:     SSP1CON2bits.SEN = 1;
  4318     0473  014F               	movlb	15	; select bank15
  4319     0474  1411               	bsf	17,0	;volatile
  4320                           
  4321                           ;mcc_generated_files/i2c_host/src/mssp1.c: 211:     i2c1Status.state = I2C_STATE_SEND_WR
      +                          _ADDR;
  4322     0475  3002               	movlw	2
  4323     0476  0140               	movlb	0	; select bank0
  4324     0477  00CE               	movwf	_i2c1Status+13	;volatile
  4325     0478                     l315:
  4326     0478  0008               	return
  4327     0479                     __end_of_I2C1_WriteStart:
  4328                           
  4329                           	psect	text14
  4330     049D                     __ptext14:	
  4331 ;; *************** function _I2C1_IsBusy *****************
  4332 ;; Defined at:
  4333 ;;		line 176 in file "mcc_generated_files/i2c_host/src/mssp1.c"
  4334 ;; Parameters:    Size  Location     Type
  4335 ;;		None
  4336 ;; Auto vars:     Size  Location     Type
  4337 ;;		None
  4338 ;; Return value:  Size  Location     Type
  4339 ;;                  1    wreg      _Bool 
  4340 ;; Registers used:
  4341 ;;		wreg
  4342 ;; Tracked objects:
  4343 ;;		On entry : 0/0
  4344 ;;		On exit  : 0/0
  4345 ;;		Unchanged: 0/0
  4346 ;; Data sizes:     COMMON   BANK0   BANK1   BANK2   BANK3   BANK4   BANK5   BANK6   BANK7   BANK8   BANK9  BANK10  BANK1
      +1  BANK12
  4347 ;;      Params:         0       0       0       0       0       0       0       0       0       0       0       0       
      +0       0
  4348 ;;      Locals:         0       0       0       0       0       0       0       0       0       0       0       0       
      +0       0
  4349 ;;      Temps:          0       0       0       0       0       0       0       0       0       0       0       0       
      +0       0
  4350 ;;      Totals:         0       0       0       0       0       0       0       0       0       0       0       0       
      +0       0
  4351 ;;Total ram usage:        0 bytes
  4352 ;; Hardware stack levels used: 1
  4353 ;; Hardware stack levels required when called: 6
  4354 ;; This function calls:
  4355 ;;		Nothing
  4356 ;; This function is called by:
  4357 ;;		_MCP9808_WaitI2C
  4358 ;;		_I2C1_WriteRead
  4359 ;;		_I2C1_Write
  4360 ;;		_I2C1_Read
  4361 ;; This function uses a non-reentrant model
  4362 ;;
  4363                           
  4364     049D                     _I2C1_IsBusy:	
  4365                           ;psect for function _I2C1_IsBusy
  4366                           
  4367     049D                     l1844:	
  4368                           ;incstack = 0
  4369                           ; Regs used in _I2C1_IsBusy: [wreg]
  4370                           
  4371                           
  4372                           ;mcc_generated_files/i2c_host/src/mssp1.c: 178:     return i2c1Status.busy;
  4373     049D  0140               	movlb	0	; select bank0
  4374     049E  0841               	movf	_i2c1Status,w	;volatile
  4375     049F                     l299:
  4376     049F  0008               	return
  4377     04A0                     __end_of_I2C1_IsBusy:
  4378                           
  4379                           	psect	text15
  4380     0479                     __ptext15:	
  4381 ;; *************** function _I2C1_ErrorGet *****************
  4382 ;; Defined at:
  4383 ;;		line 169 in file "mcc_generated_files/i2c_host/src/mssp1.c"
  4384 ;; Parameters:    Size  Location     Type
  4385 ;;		None
  4386 ;; Auto vars:     Size  Location     Type
  4387 ;;  retErrorStat    1    3[COMMON] enum E6507
  4388 ;; Return value:  Size  Location     Type
  4389 ;;                  1    wreg      enum E6520
  4390 ;; Registers used:
  4391 ;;		wreg, status,2
  4392 ;; Tracked objects:
  4393 ;;		On entry : 0/0
  4394 ;;		On exit  : 0/0
  4395 ;;		Unchanged: 0/0
  4396 ;; Data sizes:     COMMON   BANK0   BANK1   BANK2   BANK3   BANK4   BANK5   BANK6   BANK7   BANK8   BANK9  BANK10  BANK1
      +1  BANK12
  4397 ;;      Params:         0       0       0       0       0       0       0       0       0       0       0       0       
      +0       0
  4398 ;;      Locals:         1       0       0       0       0       0       0       0       0       0       0       0       
      +0       0
  4399 ;;      Temps:          0       0       0       0       0       0       0       0       0       0       0       0       
      +0       0
  4400 ;;      Totals:         1       0       0       0       0       0       0       0       0       0       0       0       
      +0       0
  4401 ;;Total ram usage:        1 bytes
  4402 ;; Hardware stack levels used: 1
  4403 ;; Hardware stack levels required when called: 6
  4404 ;; This function calls:
  4405 ;;		Nothing
  4406 ;; This function is called by:
  4407 ;;		_MCP9808_Read
  4408 ;; This function uses a non-reentrant model
  4409 ;;
  4410                           
  4411     0479                     _I2C1_ErrorGet:	
  4412                           ;psect for function _I2C1_ErrorGet
  4413                           
  4414     0479                     l1550:	
  4415                           ;incstack = 0
  4416                           ; Regs used in _I2C1_ErrorGet: [wreg+status,2]
  4417                           
  4418                           
  4419                           ;mcc_generated_files/i2c_host/src/mssp1.c: 171:     i2c_host_error_t retErrorState = i2c
      +                          1Status.errorState;
  4420     0479  0140               	movlb	0	; select bank0
  4421     047A  084D               	movf	_i2c1Status+12,w	;volatile
  4422     047B  00F3               	movwf	I2C1_ErrorGet@retErrorState
  4423     047C                     l1552:
  4424                           
  4425                           ;mcc_generated_files/i2c_host/src/mssp1.c: 172:     i2c1Status.errorState = I2C_ERROR_NO
      +                          NE;
  4426     047C  01CD               	clrf	_i2c1Status+12	;volatile
  4427     047D                     l1554:
  4428                           
  4429                           ;mcc_generated_files/i2c_host/src/mssp1.c: 173:     return retErrorState;
  4430     047D  0873               	movf	I2C1_ErrorGet@retErrorState,w
  4431     047E                     l296:
  4432     047E  0008               	return
  4433     047F                     __end_of_I2C1_ErrorGet:
  4434                           
  4435                           	psect	text16
  4436     030A                     __ptext16:	
  4437 ;; *************** function _MCP9808_Delay *****************
  4438 ;; Defined at:
  4439 ;;		line 416 in file "main.c"
  4440 ;; Parameters:    Size  Location     Type
  4441 ;;		None
  4442 ;; Auto vars:     Size  Location     Type
  4443 ;;  delay           4    3[COMMON] volatile unsigned long 
  4444 ;; Return value:  Size  Location     Type
  4445 ;;                  1    wreg      void 
  4446 ;; Registers used:
  4447 ;;		wreg, status,2, status,0
  4448 ;; Tracked objects:
  4449 ;;		On entry : 0/0
  4450 ;;		On exit  : 0/0
  4451 ;;		Unchanged: 0/0
  4452 ;; Data sizes:     COMMON   BANK0   BANK1   BANK2   BANK3   BANK4   BANK5   BANK6   BANK7   BANK8   BANK9  BANK10  BANK1
      +1  BANK12
  4453 ;;      Params:         0       0       0       0       0       0       0       0       0       0       0       0       
      +0       0
  4454 ;;      Locals:         4       0       0       0       0       0       0       0       0       0       0       0       
      +0       0
  4455 ;;      Temps:          0       0       0       0       0       0       0       0       0       0       0       0       
      +0       0
  4456 ;;      Totals:         4       0       0       0       0       0       0       0       0       0       0       0       
      +0       0
  4457 ;;Total ram usage:        4 bytes
  4458 ;; Hardware stack levels used: 1
  4459 ;; Hardware stack levels required when called: 6
  4460 ;; This function calls:
  4461 ;;		Nothing
  4462 ;; This function is called by:
  4463 ;;		_main
  4464 ;; This function uses a non-reentrant model
  4465 ;;
  4466                           
  4467     030A                     _MCP9808_Delay:	
  4468                           ;psect for function _MCP9808_Delay
  4469                           
  4470     030A                     l1734:	
  4471                           ;incstack = 0
  4472                           ; Regs used in _MCP9808_Delay: [wreg+status,2+status,0]
  4473                           
  4474                           
  4475                           ;main.c: 418:     volatile uint32_t delay;;main.c: 421:     for (delay = 0;
  4476     030A  3000               	movlw	0
  4477     030B  00F6               	movwf	MCP9808_Delay@delay+3	;volatile
  4478     030C  3000               	movlw	0
  4479     030D  00F5               	movwf	MCP9808_Delay@delay+2	;volatile
  4480     030E  3000               	movlw	0
  4481     030F  00F4               	movwf	MCP9808_Delay@delay+1	;volatile
  4482     0310  3000               	movlw	0
  4483     0311  00F3               	movwf	MCP9808_Delay@delay	;volatile
  4484     0312                     l1736:
  4485     0312  0876               	movf	MCP9808_Delay@delay+3,w	;volatile
  4486     0313  1D03               	btfss	3,2
  4487     0314  2B20               	goto	u980
  4488     0315  0875               	movf	MCP9808_Delay@delay+2,w	;volatile
  4489     0316  1D03               	btfss	3,2
  4490     0317  2B20               	goto	u980
  4491     0318  3050               	movlw	80
  4492     0319  0273               	subwf	MCP9808_Delay@delay,w	;volatile
  4493     031A  30C3               	movlw	195
  4494     031B  3B74               	subwfb	MCP9808_Delay@delay+1,w	;volatile
  4495     031C  1C03               	btfss	3,0
  4496     031D  2B1F               	goto	u981
  4497     031E  2B20               	goto	u980
  4498     031F                     u981:
  4499     031F  2B21               	goto	l1740
  4500     0320                     u980:
  4501     0320  2B35               	goto	l121
  4502     0321                     l1740:
  4503                           
  4504                           ;main.c: 424:     {;main.c: 426:     }
  4505     0321  3001               	movlw	1
  4506     0322  07F3               	addwf	MCP9808_Delay@delay,f	;volatile
  4507     0323  3000               	movlw	0
  4508     0324  3DF4               	addwfc	MCP9808_Delay@delay+1,f	;volatile
  4509     0325  3DF5               	addwfc	MCP9808_Delay@delay+2,f	;volatile
  4510     0326  3DF6               	addwfc	MCP9808_Delay@delay+3,f	;volatile
  4511     0327  0876               	movf	MCP9808_Delay@delay+3,w	;volatile
  4512     0328  1D03               	btfss	3,2
  4513     0329  2B35               	goto	u990
  4514     032A  0875               	movf	MCP9808_Delay@delay+2,w	;volatile
  4515     032B  1D03               	btfss	3,2
  4516     032C  2B35               	goto	u990
  4517     032D  3050               	movlw	80
  4518     032E  0273               	subwf	MCP9808_Delay@delay,w	;volatile
  4519     032F  30C3               	movlw	195
  4520     0330  3B74               	subwfb	MCP9808_Delay@delay+1,w	;volatile
  4521     0331  1C03               	btfss	3,0
  4522     0332  2B34               	goto	u991
  4523     0333  2B35               	goto	u990
  4524     0334                     u991:
  4525     0334  2B21               	goto	l1740
  4526     0335                     u990:
  4527     0335                     l121:
  4528     0335  0008               	return
  4529     0336                     __end_of_MCP9808_Delay:
  4530                           
  4531                           	psect	intentry
  4532     0004                     __pintentry:	
  4533 ;; *************** function _INTERRUPT_InterruptManager *****************
  4534 ;; Defined at:
  4535 ;;		line 59 in file "mcc_generated_files/system/src/interrupt.c"
  4536 ;; Parameters:    Size  Location     Type
  4537 ;;		None
  4538 ;; Auto vars:     Size  Location     Type
  4539 ;;		None
  4540 ;; Return value:  Size  Location     Type
  4541 ;;                  1    wreg      void 
  4542 ;; Registers used:
  4543 ;;		wreg, fsr0l, fsr0h, fsr1l, fsr1h, status,2, status,0, pclath, cstack
  4544 ;; Tracked objects:
  4545 ;;		On entry : 0/0
  4546 ;;		On exit  : 0/0
  4547 ;;		Unchanged: 0/0
  4548 ;; Data sizes:     COMMON   BANK0   BANK1   BANK2   BANK3   BANK4   BANK5   BANK6   BANK7   BANK8   BANK9  BANK10  BANK1
      +1  BANK12
  4549 ;;      Params:         0       0       0       0       0       0       0       0       0       0       0       0       
      +0       0
  4550 ;;      Locals:         0       0       0       0       0       0       0       0       0       0       0       0       
      +0       0
  4551 ;;      Temps:          0       0       0       0       0       0       0       0       0       0       0       0       
      +0       0
  4552 ;;      Totals:         0       0       0       0       0       0       0       0       0       0       0       0       
      +0       0
  4553 ;;Total ram usage:        0 bytes
  4554 ;; Hardware stack levels used: 1
  4555 ;; Hardware stack levels required when called: 5
  4556 ;; This function calls:
  4557 ;;		_I2C1_ERROR_ISR
  4558 ;;		_I2C1_ISR
  4559 ;; This function is called by:
  4560 ;;		Interrupt level 1
  4561 ;; This function uses a non-reentrant model
  4562 ;;
  4563                           
  4564     0004                     _INTERRUPT_InterruptManager:
  4565                           
  4566                           ;incstack = 0
  4567     0004  147E               	bsf	int$flags,0	;set compiler interrupt flag (level 1)
  4568                           
  4569                           ; Regs used in _INTERRUPT_InterruptManager: [wreg-fsr1h+status,2+status,0+pclath+cstack]
  4570     0005  3180               	pagesel	$
  4571     0006  3000               	movlw	low ___int_sp
  4572     0007  0086               	movwf	6
  4573     0008  3000               	movlw	high ___int_sp
  4574     0009  0087               	movwf	7
  4575     000A                     i1l1742:
  4576                           
  4577                           ;mcc_generated_files/system/src/interrupt.c: 62:     if(INTCONbits.PEIE == 1)
  4578     000A  1F0B               	btfss	11,6	;volatile
  4579     000B  280D               	goto	u100_21
  4580     000C  280E               	goto	u100_20
  4581     000D                     u100_21:
  4582     000D  2826               	goto	i1l47
  4583     000E                     u100_20:
  4584     000E                     i1l1744:
  4585                           
  4586                           ;mcc_generated_files/system/src/interrupt.c: 63:     {;mcc_generated_files/system/src/in
      +                          terrupt.c: 64:         if(PIE5bits.BCL1IE == 1 && PIR5bits.BCL1IF == 1)
  4587     000E  0141               	movlb	1	; select bank1
  4588     000F  1D9B               	btfss	27,3	;volatile
  4589     0010  2812               	goto	u101_21
  4590     0011  2813               	goto	u101_20
  4591     0012                     u101_21:
  4592     0012  281B               	goto	i1l42
  4593     0013                     u101_20:
  4594     0013                     i1l1746:
  4595     0013  1D91               	btfss	17,3	;volatile
  4596     0014  2816               	goto	u102_21
  4597     0015  2817               	goto	u102_20
  4598     0016                     u102_21:
  4599     0016  281B               	goto	i1l42
  4600     0017                     u102_20:
  4601     0017                     i1l1748:
  4602                           
  4603                           ;mcc_generated_files/system/src/interrupt.c: 65:         {;mcc_generated_files/system/sr
      +                          c/interrupt.c: 66:             I2C1_ERROR_ISR();
  4604     0017  3184  2495  3180   	fcall	_I2C1_ERROR_ISR
  4605                           
  4606                           ;mcc_generated_files/system/src/interrupt.c: 67:         }
  4607     001A  2826               	goto	i1l47
  4608     001B                     i1l42:	
  4609                           ;mcc_generated_files/system/src/interrupt.c: 68:         else if(PIE5bits.SSP1IE == 1 &&
      +                           PIR5bits.SSP1IF == 1)
  4610                           
  4611     001B  1D1B               	btfss	27,2	;volatile
  4612     001C  281E               	goto	u103_21
  4613     001D  281F               	goto	u103_20
  4614     001E                     u103_21:
  4615     001E  2826               	goto	i1l47
  4616     001F                     u103_20:
  4617     001F                     i1l1750:
  4618     001F  1D11               	btfss	17,2	;volatile
  4619     0020  2822               	goto	u104_21
  4620     0021  2823               	goto	u104_20
  4621     0022                     u104_21:
  4622     0022  2826               	goto	i1l47
  4623     0023                     u104_20:
  4624     0023                     i1l1752:
  4625                           
  4626                           ;mcc_generated_files/system/src/interrupt.c: 69:         {;mcc_generated_files/system/sr
      +                          c/interrupt.c: 70:             I2C1_ISR();
  4627     0023  3184  2491  3180   	fcall	_I2C1_ISR
  4628     0026                     i1l47:	
  4629                           ;mcc_generated_files/system/src/interrupt.c: 71:         }
  4630                           
  4631     0026  107E               	bcf	int$flags,0	;clear compiler interrupt flag (level 1)
  4632     0027  0009               	retfie
  4633     0028                     __end_of_INTERRUPT_InterruptManager:
  4634                           
  4635                           	psect	text18
  4636     0491                     __ptext18:	
  4637 ;; *************** function _I2C1_ISR *****************
  4638 ;; Defined at:
  4639 ;;		line 189 in file "mcc_generated_files/i2c_host/src/mssp1.c"
  4640 ;; Parameters:    Size  Location     Type
  4641 ;;		None
  4642 ;; Auto vars:     Size  Location     Type
  4643 ;;		None
  4644 ;; Return value:  Size  Location     Type
  4645 ;;                  1    wreg      void 
  4646 ;; Registers used:
  4647 ;;		wreg, fsr0l, fsr0h, fsr1l, fsr1h, status,2, status,0, pclath, cstack
  4648 ;; Tracked objects:
  4649 ;;		On entry : 0/0
  4650 ;;		On exit  : 0/0
  4651 ;;		Unchanged: 0/0
  4652 ;; Data sizes:     COMMON   BANK0   BANK1   BANK2   BANK3   BANK4   BANK5   BANK6   BANK7   BANK8   BANK9  BANK10  BANK1
      +1  BANK12
  4653 ;;      Params:         0       0       0       0       0       0       0       0       0       0       0       0       
      +0       0
  4654 ;;      Locals:         0       0       0       0       0       0       0       0       0       0       0       0       
      +0       0
  4655 ;;      Temps:          0       0       0       0       0       0       0       0       0       0       0       0       
      +0       0
  4656 ;;      Totals:         0       0       0       0       0       0       0       0       0       0       0       0       
      +0       0
  4657 ;;Total ram usage:        0 bytes
  4658 ;; Hardware stack levels used: 1
  4659 ;; Hardware stack levels required when called: 2
  4660 ;; This function calls:
  4661 ;;		_I2C1_EventHandler
  4662 ;; This function is called by:
  4663 ;;		_INTERRUPT_InterruptManager
  4664 ;; This function uses a non-reentrant model
  4665 ;;
  4666                           
  4667     0491                     _I2C1_ISR:	
  4668                           ;psect for function _I2C1_ISR
  4669                           
  4670     0491                     i1l1676:	
  4671                           ;incstack = 0
  4672                           ; Regs used in _I2C1_ISR: [wreg-fsr1h+status,2+status,0+pclath+cstack]
  4673                           
  4674                           
  4675                           ;mcc_generated_files/i2c_host/src/mssp1.c: 191:     I2C1_EventHandler();
  4676     0491  3182  2269  3184   	fcall	_I2C1_EventHandler
  4677     0494                     i1l306:
  4678     0494  0008               	return
  4679     0495                     __end_of_I2C1_ISR:
  4680                           
  4681                           	psect	text19
  4682     0269                     __ptext19:	
  4683 ;; *************** function _I2C1_EventHandler *****************
  4684 ;; Defined at:
  4685 ;;		line 227 in file "mcc_generated_files/i2c_host/src/mssp1.c"
  4686 ;; Parameters:    Size  Location     Type
  4687 ;;		None
  4688 ;; Auto vars:     Size  Location     Type
  4689 ;;		None
  4690 ;; Return value:  Size  Location     Type
  4691 ;;                  1    wreg      void 
  4692 ;; Registers used:
  4693 ;;		wreg, fsr0l, fsr0h, fsr1l, fsr1h, status,2, status,0, pclath, cstack
  4694 ;; Tracked objects:
  4695 ;;		On entry : 0/0
  4696 ;;		On exit  : 0/0
  4697 ;;		Unchanged: 0/0
  4698 ;; Data sizes:     COMMON   BANK0   BANK1   BANK2   BANK3   BANK4   BANK5   BANK6   BANK7   BANK8   BANK9  BANK10  BANK1
      +1  BANK12
  4699 ;;      Params:         0       0       0       0       0       0       0       0       0       0       0       0       
      +0       0
  4700 ;;      Locals:         0       0       0       0       0       0       0       0       0       0       0       0       
      +0       0
  4701 ;;      Temps:          2       0       0       0       0       0       0       0       0       0       0       0       
      +0       0
  4702 ;;      Totals:         2       0       0       0       0       0       0       0       0       0       0       0       
      +0       0
  4703 ;;Total ram usage:        2 bytes
  4704 ;; Hardware stack levels used: 1
  4705 ;; Hardware stack levels required when called: 1
  4706 ;; This function calls:
  4707 ;;		_I2C1_Close
  4708 ;;		_I2C1_EVENT_ERROR
  4709 ;;		_I2C1_EVENT_IDLE
  4710 ;;		_I2C1_EVENT_NACK
  4711 ;;		_I2C1_EVENT_RESET
  4712 ;;		_I2C1_EVENT_RX
  4713 ;;		_I2C1_EVENT_SEND_RD_ADDR
  4714 ;;		_I2C1_EVENT_SEND_WR_ADDR
  4715 ;;		_I2C1_EVENT_STOP
  4716 ;;		_I2C1_EVENT_TX
  4717 ;; This function is called by:
  4718 ;;		_I2C1_ISR
  4719 ;; This function uses a non-reentrant model
  4720 ;;
  4721                           
  4722     0269                     _I2C1_EventHandler:	
  4723                           ;psect for function _I2C1_EventHandler
  4724                           
  4725     0269                     i1l1558:	
  4726                           ;incstack = 0
  4727                           ; Regs used in _I2C1_EventHandler: [wreg-fsr1h+status,2+status,0+pclath+cstack]
  4728                           
  4729                           
  4730                           ;mcc_generated_files/i2c_host/src/mssp1.c: 229:     PIR5bits.SSP1IF = 0;
  4731     0269  0141               	movlb	1	; select bank1
  4732     026A  1111               	bcf	17,2	;volatile
  4733                           
  4734                           ;mcc_generated_files/i2c_host/src/mssp1.c: 230:     if (0U != SSP1STATbits.P)
  4735     026B  014F               	movlb	15	; select bank15
  4736     026C  1E0F               	btfss	15,4	;volatile
  4737     026D  2A6F               	goto	u63_21
  4738     026E  2A70               	goto	u63_20
  4739     026F                     u63_21:
  4740     026F  2A74               	goto	i1l321
  4741     0270                     u63_20:
  4742     0270                     i1l1560:
  4743                           
  4744                           ;mcc_generated_files/i2c_host/src/mssp1.c: 231:     {;mcc_generated_files/i2c_host/src/m
      +                          ssp1.c: 232:         I2C1_Close();
  4745     0270  3184  2410  3182   	fcall	_I2C1_Close
  4746                           
  4747                           ;mcc_generated_files/i2c_host/src/mssp1.c: 233:     }
  4748     0273  2A8F               	goto	i1l1570
  4749     0274                     i1l321:	
  4750                           ;mcc_generated_files/i2c_host/src/mssp1.c: 234:     else
  4751                           
  4752                           
  4753                           ;mcc_generated_files/i2c_host/src/mssp1.c: 235:     {;mcc_generated_files/i2c_host/src/m
      +                          ssp1.c: 236:         if ((SSP1STATbits.D_nA == 0U) && (SSP1CON2bits.ACKSTAT == 1U))
  4754     0274  1A8F               	btfsc	15,5	;volatile
  4755     0275  2A77               	goto	u64_21
  4756     0276  2A78               	goto	u64_20
  4757     0277                     u64_21:
  4758     0277  2A82               	goto	i1l323
  4759     0278                     u64_20:
  4760     0278                     i1l1562:
  4761     0278  1F11               	btfss	17,6	;volatile
  4762     0279  2A7B               	goto	u65_21
  4763     027A  2A7C               	goto	u65_20
  4764     027B                     u65_21:
  4765     027B  2A82               	goto	i1l323
  4766     027C                     u65_20:
  4767     027C                     i1l1564:
  4768                           
  4769                           ;mcc_generated_files/i2c_host/src/mssp1.c: 237:         {;mcc_generated_files/i2c_host/s
      +                          rc/mssp1.c: 238:             i2c1Status.state = I2C_STATE_NACK;
  4770     027C  3005               	movlw	5
  4771     027D  0140               	movlb	0	; select bank0
  4772     027E  00CE               	movwf	_i2c1Status+13	;volatile
  4773                           
  4774                           ;mcc_generated_files/i2c_host/src/mssp1.c: 239:             i2c1Status.errorState = I2C_
      +                          ERROR_ADDR_NACK;
  4775     027F  3001               	movlw	1
  4776     0280  00CD               	movwf	_i2c1Status+12	;volatile
  4777                           
  4778                           ;mcc_generated_files/i2c_host/src/mssp1.c: 240:         }
  4779     0281  2A8F               	goto	i1l1570
  4780     0282                     i1l323:	
  4781                           ;mcc_generated_files/i2c_host/src/mssp1.c: 241:         else if ((SSP1STATbits.D_nA == 1
      +                          U) && (SSP1CON2bits.ACKSTAT == 1U))
  4782                           
  4783     0282  1E8F               	btfss	15,5	;volatile
  4784     0283  2A85               	goto	u66_21
  4785     0284  2A86               	goto	u66_20
  4786     0285                     u66_21:
  4787     0285  2A8F               	goto	i1l1570
  4788     0286                     u66_20:
  4789     0286                     i1l1566:
  4790     0286  1F11               	btfss	17,6	;volatile
  4791     0287  2A89               	goto	u67_21
  4792     0288  2A8A               	goto	u67_20
  4793     0289                     u67_21:
  4794     0289  2A8F               	goto	i1l1570
  4795     028A                     u67_20:
  4796     028A                     i1l1568:
  4797                           
  4798                           ;mcc_generated_files/i2c_host/src/mssp1.c: 242:         {;mcc_generated_files/i2c_host/s
      +                          rc/mssp1.c: 243:             i2c1Status.state = I2C_STATE_NACK;
  4799     028A  3005               	movlw	5
  4800     028B  0140               	movlb	0	; select bank0
  4801     028C  00CE               	movwf	_i2c1Status+13	;volatile
  4802                           
  4803                           ;mcc_generated_files/i2c_host/src/mssp1.c: 244:             i2c1Status.errorState = I2C_
      +                          ERROR_DATA_NACK;
  4804     028D  3002               	movlw	2
  4805     028E  00CD               	movwf	_i2c1Status+12	;volatile
  4806     028F                     i1l1570:	
  4807                           ;mcc_generated_files/i2c_host/src/mssp1.c: 245:         }
  4808                           
  4809                           
  4810                           ;mcc_generated_files/i2c_host/src/mssp1.c: 252:     i2c1Status.state = i2c1_eventTable[i
      +                          2c1Status.state]();
  4811     028F  0140               	movlb	0	; select bank0
  4812     0290  084E               	movf	_i2c1Status+13,w	;volatile
  4813     0291  00F1               	movwf	??_I2C1_EventHandler
  4814     0292  01F2               	clrf	??_I2C1_EventHandler+1
  4815     0293  35F1               	lslf	??_I2C1_EventHandler,f
  4816     0294  0DF2               	rlf	??_I2C1_EventHandler+1,f
  4817     0295  30FE               	movlw	low _i2c1_eventTable
  4818     0296  0771               	addwf	??_I2C1_EventHandler,w
  4819     0297  0084               	movwf	4
  4820     0298  3003               	movlw	high _i2c1_eventTable
  4821     0299  3D72               	addwfc	??_I2C1_EventHandler+1,w
  4822     029A  3880               	iorlw	128
  4823     029B  0085               	movwf	5
  4824     029C  3F01               	moviw [1]fsr0
  4825     029D  008A               	movwf	10
  4826     029E  3F00               	moviw [0]fsr0
  4827     029F  000A               	callw
  4828     02A0  3182               	pagesel	$
  4829     02A1  0140               	movlb	0	; select bank0
  4830     02A2  00CE               	movwf	_i2c1Status+13	;volatile
  4831     02A3                     i1l327:
  4832     02A3  0008               	return
  4833     02A4                     __end_of_I2C1_EventHandler:
  4834                           
  4835                           	psect	text20
  4836     0495                     __ptext20:	
  4837 ;; *************** function _I2C1_ERROR_ISR *****************
  4838 ;; Defined at:
  4839 ;;		line 194 in file "mcc_generated_files/i2c_host/src/mssp1.c"
  4840 ;; Parameters:    Size  Location     Type
  4841 ;;		None
  4842 ;; Auto vars:     Size  Location     Type
  4843 ;;		None
  4844 ;; Return value:  Size  Location     Type
  4845 ;;                  1    wreg      void 
  4846 ;; Registers used:
  4847 ;;		wreg, fsr0l, fsr0h, fsr1l, fsr1h, status,2, status,0, pclath, cstack
  4848 ;; Tracked objects:
  4849 ;;		On entry : 0/0
  4850 ;;		On exit  : 0/0
  4851 ;;		Unchanged: 0/0
  4852 ;; Data sizes:     COMMON   BANK0   BANK1   BANK2   BANK3   BANK4   BANK5   BANK6   BANK7   BANK8   BANK9  BANK10  BANK1
      +1  BANK12
  4853 ;;      Params:         0       0       0       0       0       0       0       0       0       0       0       0       
      +0       0
  4854 ;;      Locals:         0       0       0       0       0       0       0       0       0       0       0       0       
      +0       0
  4855 ;;      Temps:          0       0       0       0       0       0       0       0       0       0       0       0       
      +0       0
  4856 ;;      Totals:         0       0       0       0       0       0       0       0       0       0       0       0       
      +0       0
  4857 ;;Total ram usage:        0 bytes
  4858 ;; Hardware stack levels used: 1
  4859 ;; Hardware stack levels required when called: 4
  4860 ;; This function calls:
  4861 ;;		_I2C1_ErrorEventHandler
  4862 ;; This function is called by:
  4863 ;;		_INTERRUPT_InterruptManager
  4864 ;; This function uses a non-reentrant model
  4865 ;;
  4866                           
  4867     0495                     _I2C1_ERROR_ISR:	
  4868                           ;psect for function _I2C1_ERROR_ISR
  4869                           
  4870     0495                     i1l1674:	
  4871                           ;incstack = 0
  4872                           ; Regs used in _I2C1_ERROR_ISR: [wreg-fsr1h+status,2+status,0+pclath+cstack]
  4873                           
  4874                           
  4875                           ;mcc_generated_files/i2c_host/src/mssp1.c: 196:     I2C1_ErrorEventHandler();
  4876     0495  3183  23CE  3184   	fcall	_I2C1_ErrorEventHandler
  4877     0498                     i1l309:
  4878     0498  0008               	return
  4879     0499                     __end_of_I2C1_ERROR_ISR:
  4880                           
  4881                           	psect	text21
  4882     03CE                     __ptext21:	
  4883 ;; *************** function _I2C1_ErrorEventHandler *****************
  4884 ;; Defined at:
  4885 ;;		line 255 in file "mcc_generated_files/i2c_host/src/mssp1.c"
  4886 ;; Parameters:    Size  Location     Type
  4887 ;;		None
  4888 ;; Auto vars:     Size  Location     Type
  4889 ;;		None
  4890 ;; Return value:  Size  Location     Type
  4891 ;;                  1    wreg      void 
  4892 ;; Registers used:
  4893 ;;		wreg, fsr0l, fsr0h, fsr1l, fsr1h, status,2, status,0, pclath, cstack
  4894 ;; Tracked objects:
  4895 ;;		On entry : 0/0
  4896 ;;		On exit  : 0/0
  4897 ;;		Unchanged: 0/0
  4898 ;; Data sizes:     COMMON   BANK0   BANK1   BANK2   BANK3   BANK4   BANK5   BANK6   BANK7   BANK8   BANK9  BANK10  BANK1
      +1  BANK12
  4899 ;;      Params:         0       0       0       0       0       0       0       0       0       0       0       0       
      +0       0
  4900 ;;      Locals:         0       0       0       0       0       0       0       0       0       0       0       0       
      +0       0
  4901 ;;      Temps:          2       0       0       0       0       0       0       0       0       0       0       0       
      +0       0
  4902 ;;      Totals:         2       0       0       0       0       0       0       0       0       0       0       0       
      +0       0
  4903 ;;Total ram usage:        2 bytes
  4904 ;; Hardware stack levels used: 1
  4905 ;; Hardware stack levels required when called: 3
  4906 ;; This function calls:
  4907 ;;		_I2C1_EVENT_ERROR
  4908 ;;		_I2C1_EVENT_IDLE
  4909 ;;		_I2C1_EVENT_NACK
  4910 ;;		_I2C1_EVENT_RESET
  4911 ;;		_I2C1_EVENT_RX
  4912 ;;		_I2C1_EVENT_SEND_RD_ADDR
  4913 ;;		_I2C1_EVENT_SEND_WR_ADDR
  4914 ;;		_I2C1_EVENT_STOP
  4915 ;;		_I2C1_EVENT_TX
  4916 ;; This function is called by:
  4917 ;;		_I2C1_ERROR_ISR
  4918 ;; This function uses a non-reentrant model
  4919 ;;
  4920                           
  4921     03CE                     _I2C1_ErrorEventHandler:	
  4922                           ;psect for function _I2C1_ErrorEventHandler
  4923                           
  4924     03CE                     i1l1572:	
  4925                           ;incstack = 0
  4926                           ; Regs used in _I2C1_ErrorEventHandler: [wreg-fsr1h+status,2+status,0+pclath+cstack]
  4927                           
  4928                           
  4929                           ;mcc_generated_files/i2c_host/src/mssp1.c: 257:     i2c1Status.state = I2C_STATE_ERROR;
  4930     03CE  3006               	movlw	6
  4931     03CF  0140               	movlb	0	; select bank0
  4932     03D0  00CE               	movwf	_i2c1Status+13	;volatile
  4933                           
  4934                           ;mcc_generated_files/i2c_host/src/mssp1.c: 258:     i2c1Status.errorState = I2C_ERROR_BU
      +                          S_COLLISION;
  4935     03D1  3003               	movlw	3
  4936     03D2  00CD               	movwf	_i2c1Status+12	;volatile
  4937                           
  4938                           ;mcc_generated_files/i2c_host/src/mssp1.c: 259:     PIR5bits.BCL1IF = 0;
  4939     03D3  0141               	movlb	1	; select bank1
  4940     03D4  1191               	bcf	17,3	;volatile
  4941     03D5                     i1l1574:
  4942                           
  4943                           ;mcc_generated_files/i2c_host/src/mssp1.c: 261:     I2C1_Callback();
  4944     03D5  0140               	movlb	0	; select bank0
  4945     03D6  084E               	movf	_i2c1Status+13,w	;volatile
  4946     03D7  00F1               	movwf	??_I2C1_ErrorEventHandler
  4947     03D8  01F2               	clrf	??_I2C1_ErrorEventHandler+1
  4948     03D9  35F1               	lslf	??_I2C1_ErrorEventHandler,f
  4949     03DA  0DF2               	rlf	??_I2C1_ErrorEventHandler+1,f
  4950     03DB  30FE               	movlw	low _i2c1_eventTable
  4951     03DC  0771               	addwf	??_I2C1_ErrorEventHandler,w
  4952     03DD  0084               	movwf	4
  4953     03DE  3003               	movlw	high _i2c1_eventTable
  4954     03DF  3D72               	addwfc	??_I2C1_ErrorEventHandler+1,w
  4955     03E0  3880               	iorlw	128
  4956     03E1  0085               	movwf	5
  4957     03E2  3F01               	moviw [1]fsr0
  4958     03E3  008A               	movwf	10
  4959     03E4  3F00               	moviw [0]fsr0
  4960     03E5  000A               	callw
  4961     03E6  3183               	pagesel	$
  4962     03E7  0140               	movlb	0	; select bank0
  4963     03E8  00CE               	movwf	_i2c1Status+13	;volatile
  4964     03E9                     i1l330:
  4965     03E9  0008               	return
  4966     03EA                     __end_of_I2C1_ErrorEventHandler:
  4967                           
  4968                           	psect	text22
  4969     0452                     __ptext22:	
  4970 ;; *************** function _I2C1_EVENT_RESET *****************
  4971 ;; Defined at:
  4972 ;;		line 365 in file "mcc_generated_files/i2c_host/src/mssp1.c"
  4973 ;; Parameters:    Size  Location     Type
  4974 ;;		None
  4975 ;; Auto vars:     Size  Location     Type
  4976 ;;		None
  4977 ;; Return value:  Size  Location     Type
  4978 ;;                  1    wreg      enum E6516
  4979 ;; Registers used:
  4980 ;;		wreg, status,2
  4981 ;; Tracked objects:
  4982 ;;		On entry : 0/0
  4983 ;;		On exit  : 0/0
  4984 ;;		Unchanged: 0/0
  4985 ;; Data sizes:     COMMON   BANK0   BANK1   BANK2   BANK3   BANK4   BANK5   BANK6   BANK7   BANK8   BANK9  BANK10  BANK1
      +1  BANK12
  4986 ;;      Params:         0       0       0       0       0       0       0       0       0       0       0       0       
      +0       0
  4987 ;;      Locals:         0       0       0       0       0       0       0       0       0       0       0       0       
      +0       0
  4988 ;;      Temps:          0       0       0       0       0       0       0       0       0       0       0       0       
      +0       0
  4989 ;;      Totals:         0       0       0       0       0       0       0       0       0       0       0       0       
      +0       0
  4990 ;;Total ram usage:        0 bytes
  4991 ;; Hardware stack levels used: 1
  4992 ;; This function calls:
  4993 ;;		Nothing
  4994 ;; This function is called by:
  4995 ;;		_I2C1_EVENT_ERROR
  4996 ;;		_I2C1_EventHandler
  4997 ;;		_I2C1_ErrorEventHandler
  4998 ;; This function uses a non-reentrant model
  4999 ;;
  5000                           
  5001     0452                     _I2C1_EVENT_RESET:	
  5002                           ;psect for function _I2C1_EVENT_RESET
  5003                           
  5004     0452                     i1l1364:	
  5005                           ;incstack = 0
  5006                           ; Regs used in _I2C1_EVENT_RESET: [wreg+status,2]
  5007                           
  5008                           
  5009                           ;mcc_generated_files/i2c_host/src/mssp1.c: 367:     SSP1CON1bits.SSPEN = 0;
  5010     0452  014F               	movlb	15	; select bank15
  5011     0453  1290               	bcf	16,5	;volatile
  5012                           
  5013                           ;mcc_generated_files/i2c_host/src/mssp1.c: 368:     SSP1CON1bits.SSPEN = 1;
  5014     0454  1690               	bsf	16,5	;volatile
  5015     0455                     i1l1366:
  5016                           
  5017                           ;mcc_generated_files/i2c_host/src/mssp1.c: 369:     i2c1Status.busy = 0;
  5018     0455  0140               	movlb	0	; select bank0
  5019     0456  01C1               	clrf	_i2c1Status	;volatile
  5020     0457                     i1l1368:
  5021                           
  5022                           ;mcc_generated_files/i2c_host/src/mssp1.c: 370:     return I2C_STATE_IDLE;
  5023     0457  3000               	movlw	0
  5024     0458                     i1l366:
  5025     0458  0008               	return
  5026     0459                     __end_of_I2C1_EVENT_RESET:
  5027                           
  5028                           	psect	text23
  5029     0459                     __ptext23:	
  5030 ;; *************** function _I2C1_EVENT_STOP *****************
  5031 ;; Defined at:
  5032 ;;		line 358 in file "mcc_generated_files/i2c_host/src/mssp1.c"
  5033 ;; Parameters:    Size  Location     Type
  5034 ;;		None
  5035 ;; Auto vars:     Size  Location     Type
  5036 ;;		None
  5037 ;; Return value:  Size  Location     Type
  5038 ;;                  1    wreg      enum E6516
  5039 ;; Registers used:
  5040 ;;		wreg, status,2, status,0, pclath, cstack
  5041 ;; Tracked objects:
  5042 ;;		On entry : 0/0
  5043 ;;		On exit  : 0/0
  5044 ;;		Unchanged: 0/0
  5045 ;; Data sizes:     COMMON   BANK0   BANK1   BANK2   BANK3   BANK4   BANK5   BANK6   BANK7   BANK8   BANK9  BANK10  BANK1
      +1  BANK12
  5046 ;;      Params:         0       0       0       0       0       0       0       0       0       0       0       0       
      +0       0
  5047 ;;      Locals:         0       0       0       0       0       0       0       0       0       0       0       0       
      +0       0
  5048 ;;      Temps:          0       0       0       0       0       0       0       0       0       0       0       0       
      +0       0
  5049 ;;      Totals:         0       0       0       0       0       0       0       0       0       0       0       0       
      +0       0
  5050 ;;Total ram usage:        0 bytes
  5051 ;; Hardware stack levels used: 1
  5052 ;; This function calls:
  5053 ;;		_I2C1_Close
  5054 ;; This function is called by:
  5055 ;;		_I2C1_EVENT_TX
  5056 ;;		_I2C1_EVENT_NACK
  5057 ;;		_I2C1_EventHandler
  5058 ;;		_I2C1_ErrorEventHandler
  5059 ;; This function uses a non-reentrant model
  5060 ;;
  5061                           
  5062     0459                     _I2C1_EVENT_STOP:	
  5063                           ;psect for function _I2C1_EVENT_STOP
  5064                           
  5065     0459                     i1l1356:	
  5066                           ;incstack = 0
  5067                           ; Regs used in _I2C1_EVENT_STOP: [wreg+status,2+status,0+pclath+cstack]
  5068                           
  5069                           
  5070                           ;mcc_generated_files/i2c_host/src/mssp1.c: 360:     SSP1CON2bits.PEN = 1;
  5071     0459  014F               	movlb	15	; select bank15
  5072     045A  1511               	bsf	17,2	;volatile
  5073     045B                     i1l1358:
  5074                           
  5075                           ;mcc_generated_files/i2c_host/src/mssp1.c: 361:     I2C1_Close();
  5076     045B  3184  2410  3184   	fcall	_I2C1_Close
  5077     045E                     i1l1360:
  5078                           
  5079                           ;mcc_generated_files/i2c_host/src/mssp1.c: 362:     return I2C_STATE_IDLE;
  5080     045E  3000               	movlw	0
  5081     045F                     i1l363:
  5082     045F  0008               	return
  5083     0460                     __end_of_I2C1_EVENT_STOP:
  5084                           
  5085                           	psect	text24
  5086     047F                     __ptext24:	
  5087 ;; *************** function _I2C1_EVENT_ERROR *****************
  5088 ;; Defined at:
  5089 ;;		line 351 in file "mcc_generated_files/i2c_host/src/mssp1.c"
  5090 ;; Parameters:    Size  Location     Type
  5091 ;;		None
  5092 ;; Auto vars:     Size  Location     Type
  5093 ;;  retEventStat    1    0[COMMON] enum E6516
  5094 ;; Return value:  Size  Location     Type
  5095 ;;                  1    wreg      enum E6516
  5096 ;; Registers used:
  5097 ;;		wreg, status,2, pclath, cstack
  5098 ;; Tracked objects:
  5099 ;;		On entry : 0/0
  5100 ;;		On exit  : 0/0
  5101 ;;		Unchanged: 0/0
  5102 ;; Data sizes:     COMMON   BANK0   BANK1   BANK2   BANK3   BANK4   BANK5   BANK6   BANK7   BANK8   BANK9  BANK10  BANK1
      +1  BANK12
  5103 ;;      Params:         0       0       0       0       0       0       0       0       0       0       0       0       
      +0       0
  5104 ;;      Locals:         1       0       0       0       0       0       0       0       0       0       0       0       
      +0       0
  5105 ;;      Temps:          0       0       0       0       0       0       0       0       0       0       0       0       
      +0       0
  5106 ;;      Totals:         1       0       0       0       0       0       0       0       0       0       0       0       
      +0       0
  5107 ;;Total ram usage:        1 bytes
  5108 ;; Hardware stack levels used: 1
  5109 ;; This function calls:
  5110 ;;		_I2C1_EVENT_RESET
  5111 ;; This function is called by:
  5112 ;;		_I2C1_EventHandler
  5113 ;;		_I2C1_ErrorEventHandler
  5114 ;; This function uses a non-reentrant model
  5115 ;;
  5116                           
  5117     047F                     _I2C1_EVENT_ERROR:	
  5118                           ;psect for function _I2C1_EVENT_ERROR
  5119                           
  5120     047F                     i1l1450:	
  5121                           ;incstack = 0
  5122                           ; Regs used in _I2C1_EVENT_ERROR: [wreg+status,2+pclath+cstack]
  5123                           
  5124     047F                     i1l1452:
  5125                           
  5126                           ;mcc_generated_files/i2c_host/src/mssp1.c: 354:     retEventState = I2C1_EVENT_RESET();
  5127     047F  3184  2452  3184   	fcall	_I2C1_EVENT_RESET
  5128     0482  00F0               	movwf	I2C1_EVENT_ERROR@retEventState
  5129     0483                     i1l1454:
  5130                           
  5131                           ;mcc_generated_files/i2c_host/src/mssp1.c: 355:     return retEventState;
  5132     0483  0870               	movf	I2C1_EVENT_ERROR@retEventState,w
  5133     0484                     i1l360:
  5134     0484  0008               	return
  5135     0485                     __end_of_I2C1_EVENT_ERROR:
  5136                           
  5137                           	psect	text25
  5138     0485                     __ptext25:	
  5139 ;; *************** function _I2C1_EVENT_NACK *****************
  5140 ;; Defined at:
  5141 ;;		line 344 in file "mcc_generated_files/i2c_host/src/mssp1.c"
  5142 ;; Parameters:    Size  Location     Type
  5143 ;;		None
  5144 ;; Auto vars:     Size  Location     Type
  5145 ;;  retEventStat    1    0[COMMON] enum E6516
  5146 ;; Return value:  Size  Location     Type
  5147 ;;                  1    wreg      enum E6516
  5148 ;; Registers used:
  5149 ;;		wreg, status,2, status,0, pclath, cstack
  5150 ;; Tracked objects:
  5151 ;;		On entry : 0/0
  5152 ;;		On exit  : 0/0
  5153 ;;		Unchanged: 0/0
  5154 ;; Data sizes:     COMMON   BANK0   BANK1   BANK2   BANK3   BANK4   BANK5   BANK6   BANK7   BANK8   BANK9  BANK10  BANK1
      +1  BANK12
  5155 ;;      Params:         0       0       0       0       0       0       0       0       0       0       0       0       
      +0       0
  5156 ;;      Locals:         1       0       0       0       0       0       0       0       0       0       0       0       
      +0       0
  5157 ;;      Temps:          0       0       0       0       0       0       0       0       0       0       0       0       
      +0       0
  5158 ;;      Totals:         1       0       0       0       0       0       0       0       0       0       0       0       
      +0       0
  5159 ;;Total ram usage:        1 bytes
  5160 ;; Hardware stack levels used: 1
  5161 ;; This function calls:
  5162 ;;		_I2C1_EVENT_STOP
  5163 ;; This function is called by:
  5164 ;;		_I2C1_EventHandler
  5165 ;;		_I2C1_ErrorEventHandler
  5166 ;; This function uses a non-reentrant model
  5167 ;;
  5168                           
  5169     0485                     _I2C1_EVENT_NACK:	
  5170                           ;psect for function _I2C1_EVENT_NACK
  5171                           
  5172     0485                     i1l1442:	
  5173                           ;incstack = 0
  5174                           ; Regs used in _I2C1_EVENT_NACK: [wreg+status,2+status,0+pclath+cstack]
  5175                           
  5176     0485                     i1l1444:
  5177                           
  5178                           ;mcc_generated_files/i2c_host/src/mssp1.c: 347:     retEventState = I2C1_EVENT_STOP();
  5179     0485  3184  2459  3184   	fcall	_I2C1_EVENT_STOP
  5180     0488  00F0               	movwf	I2C1_EVENT_NACK@retEventState
  5181     0489                     i1l1446:
  5182                           
  5183                           ;mcc_generated_files/i2c_host/src/mssp1.c: 348:     return retEventState;
  5184     0489  0870               	movf	I2C1_EVENT_NACK@retEventState,w
  5185     048A                     i1l357:
  5186     048A  0008               	return
  5187     048B                     __end_of_I2C1_EVENT_NACK:
  5188                           
  5189                           	psect	text26
  5190     02D8                     __ptext26:	
  5191 ;; *************** function _I2C1_EVENT_RX *****************
  5192 ;; Defined at:
  5193 ;;		line 309 in file "mcc_generated_files/i2c_host/src/mssp1.c"
  5194 ;; Parameters:    Size  Location     Type
  5195 ;;		None
  5196 ;; Auto vars:     Size  Location     Type
  5197 ;;  retEventStat    1    0[COMMON] enum E6516
  5198 ;; Return value:  Size  Location     Type
  5199 ;;                  1    wreg      enum E6516
  5200 ;; Registers used:
  5201 ;;		wreg, fsr1l, fsr1h, status,2, status,0
  5202 ;; Tracked objects:
  5203 ;;		On entry : 0/0
  5204 ;;		On exit  : 0/0
  5205 ;;		Unchanged: 0/0
  5206 ;; Data sizes:     COMMON   BANK0   BANK1   BANK2   BANK3   BANK4   BANK5   BANK6   BANK7   BANK8   BANK9  BANK10  BANK1
      +1  BANK12
  5207 ;;      Params:         0       0       0       0       0       0       0       0       0       0       0       0       
      +0       0
  5208 ;;      Locals:         1       0       0       0       0       0       0       0       0       0       0       0       
      +0       0
  5209 ;;      Temps:          0       0       0       0       0       0       0       0       0       0       0       0       
      +0       0
  5210 ;;      Totals:         1       0       0       0       0       0       0       0       0       0       0       0       
      +0       0
  5211 ;;Total ram usage:        1 bytes
  5212 ;; Hardware stack levels used: 1
  5213 ;; This function calls:
  5214 ;;		Nothing
  5215 ;; This function is called by:
  5216 ;;		_I2C1_EventHandler
  5217 ;;		_I2C1_ErrorEventHandler
  5218 ;; This function uses a non-reentrant model
  5219 ;;
  5220                           
  5221     02D8                     _I2C1_EVENT_RX:	
  5222                           ;psect for function _I2C1_EVENT_RX
  5223                           
  5224     02D8                     i1l1424:	
  5225                           ;incstack = 0
  5226                           ; Regs used in _I2C1_EVENT_RX: [wreg+fsr1l+fsr1h+status,2+status,0]
  5227                           
  5228                           
  5229                           ;mcc_generated_files/i2c_host/src/mssp1.c: 311:     i2c_host_event_states_t retEventStat
      +                          e = I2C_STATE_RX;
  5230     02D8  3004               	movlw	4
  5231     02D9  00F0               	movwf	I2C1_EVENT_RX@retEventState
  5232                           
  5233                           ;mcc_generated_files/i2c_host/src/mssp1.c: 313:     if (1U == SSP1STATbits.BF)
  5234     02DA  014F               	movlb	15	; select bank15
  5235     02DB  1C0F               	btfss	15,0	;volatile
  5236     02DC  2ADE               	goto	u57_21
  5237     02DD  2ADF               	goto	u57_20
  5238     02DE                     u57_21:
  5239     02DE  2B07               	goto	i1l349
  5240     02DF                     u57_20:
  5241     02DF                     i1l1426:
  5242                           
  5243                           ;mcc_generated_files/i2c_host/src/mssp1.c: 314:     {;mcc_generated_files/i2c_host/src/m
      +                          ssp1.c: 315:         if (i2c1Status.readLength > 0U)
  5244     02DF  0140               	movlb	0	; select bank0
  5245     02E0  084A               	movf	_i2c1Status+9,w	;volatile
  5246     02E1  044B               	iorwf	_i2c1Status+10,w	;volatile
  5247     02E2  1903               	btfsc	3,2
  5248     02E3  2AE5               	goto	u58_21
  5249     02E4  2AE6               	goto	u58_20
  5250     02E5                     u58_21:
  5251     02E5  2AF6               	goto	i1l1434
  5252     02E6                     u58_20:
  5253     02E6                     i1l1428:
  5254                           
  5255                           ;mcc_generated_files/i2c_host/src/mssp1.c: 316:         {;mcc_generated_files/i2c_host/s
      +                          rc/mssp1.c: 317:             *i2c1Status.readPtr = SSP1BUF;
  5256     02E6  0848               	movf	_i2c1Status+7,w	;volatile
  5257     02E7  0086               	movwf	6
  5258     02E8  0849               	movf	_i2c1Status+8,w	;volatile
  5259     02E9  0087               	movwf	7
  5260     02EA  014F               	movlb	15	; select bank15
  5261     02EB  080C               	movf	12,w	;volatile
  5262     02EC  0081               	movwf	1
  5263     02ED                     i1l1430:
  5264                           
  5265                           ;mcc_generated_files/i2c_host/src/mssp1.c: 318:             i2c1Status.readPtr++;
  5266     02ED  3001               	movlw	1
  5267     02EE  0140               	movlb	0	; select bank0
  5268     02EF  07C8               	addwf	_i2c1Status+7,f	;volatile
  5269     02F0  3000               	movlw	0
  5270     02F1  3DC9               	addwfc	_i2c1Status+8,f	;volatile
  5271     02F2                     i1l1432:
  5272                           
  5273                           ;mcc_generated_files/i2c_host/src/mssp1.c: 319:             i2c1Status.readLength--;
  5274     02F2  3001               	movlw	1
  5275     02F3  02CA               	subwf	_i2c1Status+9,f	;volatile
  5276     02F4  3000               	movlw	0
  5277     02F5  3BCB               	subwfb	_i2c1Status+10,f	;volatile
  5278     02F6                     i1l1434:
  5279                           
  5280                           ;mcc_generated_files/i2c_host/src/mssp1.c: 323:         if (i2c1Status.readLength > 0U)
  5281     02F6  084A               	movf	_i2c1Status+9,w	;volatile
  5282     02F7  044B               	iorwf	_i2c1Status+10,w	;volatile
  5283     02F8  1903               	btfsc	3,2
  5284     02F9  2AFB               	goto	u59_21
  5285     02FA  2AFC               	goto	u59_20
  5286     02FB                     u59_21:
  5287     02FB  2B00               	goto	i1l351
  5288     02FC                     u59_20:
  5289     02FC                     i1l1436:
  5290                           
  5291                           ;mcc_generated_files/i2c_host/src/mssp1.c: 324:         {;mcc_generated_files/i2c_host/s
      +                          rc/mssp1.c: 325:             SSP1CON2bits.ACKDT = 0;
  5292     02FC  014F               	movlb	15	; select bank15
  5293     02FD  1291               	bcf	17,5	;volatile
  5294                           
  5295                           ;mcc_generated_files/i2c_host/src/mssp1.c: 326:             SSP1CON2bits.ACKEN = 1;
  5296     02FE  1611               	bsf	17,4	;volatile
  5297                           
  5298                           ;mcc_generated_files/i2c_host/src/mssp1.c: 327:         }
  5299     02FF  2B08               	goto	i1l1438
  5300     0300                     i1l351:	
  5301                           ;mcc_generated_files/i2c_host/src/mssp1.c: 328:         else
  5302                           
  5303                           
  5304                           ;mcc_generated_files/i2c_host/src/mssp1.c: 329:         {;mcc_generated_files/i2c_host/s
      +                          rc/mssp1.c: 330:             SSP1CON2bits.RSEN = 0;
  5305     0300  014F               	movlb	15	; select bank15
  5306     0301  1091               	bcf	17,1	;volatile
  5307                           
  5308                           ;mcc_generated_files/i2c_host/src/mssp1.c: 331:             SSP1CON2bits.ACKDT = 1;
  5309     0302  1691               	bsf	17,5	;volatile
  5310                           
  5311                           ;mcc_generated_files/i2c_host/src/mssp1.c: 332:             SSP1CON2bits.ACKEN = 1;
  5312     0303  1611               	bsf	17,4	;volatile
  5313                           
  5314                           ;mcc_generated_files/i2c_host/src/mssp1.c: 333:             retEventState = I2C_STATE_ST
      +                          OP;
  5315     0304  3007               	movlw	7
  5316     0305  00F0               	movwf	I2C1_EVENT_RX@retEventState
  5317     0306  2B08               	goto	i1l1438
  5318     0307                     i1l349:	
  5319                           ;mcc_generated_files/i2c_host/src/mssp1.c: 337:     else
  5320                           
  5321                           
  5322                           ;mcc_generated_files/i2c_host/src/mssp1.c: 338:     {;mcc_generated_files/i2c_host/src/m
      +                          ssp1.c: 339:         SSP1CON2bits.RCEN = 1;
  5323     0307  1591               	bsf	17,3	;volatile
  5324     0308                     i1l1438:
  5325                           
  5326                           ;mcc_generated_files/i2c_host/src/mssp1.c: 341:     return retEventState;
  5327     0308  0870               	movf	I2C1_EVENT_RX@retEventState,w
  5328     0309                     i1l354:
  5329     0309  0008               	return
  5330     030A                     __end_of_I2C1_EVENT_RX:
  5331                           
  5332                           	psect	text27
  5333     048B                     __ptext27:	
  5334 ;; *************** function _I2C1_EVENT_SEND_WR_ADDR *****************
  5335 ;; Defined at:
  5336 ;;		line 276 in file "mcc_generated_files/i2c_host/src/mssp1.c"
  5337 ;; Parameters:    Size  Location     Type
  5338 ;;		None
  5339 ;; Auto vars:     Size  Location     Type
  5340 ;;		None
  5341 ;; Return value:  Size  Location     Type
  5342 ;;                  1    wreg      enum E6516
  5343 ;; Registers used:
  5344 ;;		wreg, status,2, status,0
  5345 ;; Tracked objects:
  5346 ;;		On entry : 0/0
  5347 ;;		On exit  : 0/0
  5348 ;;		Unchanged: 0/0
  5349 ;; Data sizes:     COMMON   BANK0   BANK1   BANK2   BANK3   BANK4   BANK5   BANK6   BANK7   BANK8   BANK9  BANK10  BANK1
      +1  BANK12
  5350 ;;      Params:         0       0       0       0       0       0       0       0       0       0       0       0       
      +0       0
  5351 ;;      Locals:         0       0       0       0       0       0       0       0       0       0       0       0       
      +0       0
  5352 ;;      Temps:          0       0       0       0       0       0       0       0       0       0       0       0       
      +0       0
  5353 ;;      Totals:         0       0       0       0       0       0       0       0       0       0       0       0       
      +0       0
  5354 ;;Total ram usage:        0 bytes
  5355 ;; Hardware stack levels used: 1
  5356 ;; This function calls:
  5357 ;;		Nothing
  5358 ;; This function is called by:
  5359 ;;		_I2C1_EventHandler
  5360 ;;		_I2C1_ErrorEventHandler
  5361 ;; This function uses a non-reentrant model
  5362 ;;
  5363                           
  5364     048B                     _I2C1_EVENT_SEND_WR_ADDR:	
  5365                           ;psect for function _I2C1_EVENT_SEND_WR_ADDR
  5366                           
  5367     048B                     i1l1392:	
  5368                           ;incstack = 0
  5369                           ; Regs used in _I2C1_EVENT_SEND_WR_ADDR: [wreg+status,2+status,0]
  5370                           
  5371                           
  5372                           ;mcc_generated_files/i2c_host/src/mssp1.c: 278:     SSP1BUF = ((uint8_t) (i2c1Status.add
      +                          ress << 1));
  5373     048B  0140               	movlb	0	; select bank0
  5374     048C  3542               	lslf	_i2c1Status+1,w	;volatile
  5375     048D  014F               	movlb	15	; select bank15
  5376     048E  008C               	movwf	12	;volatile
  5377     048F                     i1l1394:
  5378                           
  5379                           ;mcc_generated_files/i2c_host/src/mssp1.c: 279:     return I2C_STATE_TX;
  5380     048F  3003               	movlw	3
  5381     0490                     i1l339:
  5382     0490  0008               	return
  5383     0491                     __end_of_I2C1_EVENT_SEND_WR_ADDR:
  5384                           
  5385                           	psect	text28
  5386     0460                     __ptext28:	
  5387 ;; *************** function _I2C1_EVENT_SEND_RD_ADDR *****************
  5388 ;; Defined at:
  5389 ;;		line 270 in file "mcc_generated_files/i2c_host/src/mssp1.c"
  5390 ;; Parameters:    Size  Location     Type
  5391 ;;		None
  5392 ;; Auto vars:     Size  Location     Type
  5393 ;;		None
  5394 ;; Return value:  Size  Location     Type
  5395 ;;                  1    wreg      enum E6516
  5396 ;; Registers used:
  5397 ;;		wreg, status,2, status,0
  5398 ;; Tracked objects:
  5399 ;;		On entry : 0/0
  5400 ;;		On exit  : 0/0
  5401 ;;		Unchanged: 0/0
  5402 ;; Data sizes:     COMMON   BANK0   BANK1   BANK2   BANK3   BANK4   BANK5   BANK6   BANK7   BANK8   BANK9  BANK10  BANK1
      +1  BANK12
  5403 ;;      Params:         0       0       0       0       0       0       0       0       0       0       0       0       
      +0       0
  5404 ;;      Locals:         0       0       0       0       0       0       0       0       0       0       0       0       
      +0       0
  5405 ;;      Temps:          0       0       0       0       0       0       0       0       0       0       0       0       
      +0       0
  5406 ;;      Totals:         0       0       0       0       0       0       0       0       0       0       0       0       
      +0       0
  5407 ;;Total ram usage:        0 bytes
  5408 ;; Hardware stack levels used: 1
  5409 ;; This function calls:
  5410 ;;		Nothing
  5411 ;; This function is called by:
  5412 ;;		_I2C1_EventHandler
  5413 ;;		_I2C1_ErrorEventHandler
  5414 ;; This function uses a non-reentrant model
  5415 ;;
  5416                           
  5417     0460                     _I2C1_EVENT_SEND_RD_ADDR:	
  5418                           ;psect for function _I2C1_EVENT_SEND_RD_ADDR
  5419                           
  5420     0460                     i1l1386:	
  5421                           ;incstack = 0
  5422                           ; Regs used in _I2C1_EVENT_SEND_RD_ADDR: [wreg+status,2+status,0]
  5423                           
  5424                           
  5425                           ;mcc_generated_files/i2c_host/src/mssp1.c: 272:     SSP1BUF = ((uint8_t) ((i2c1Status.ad
      +                          dress << 1) | 1U));
  5426     0460  1403               	setc
  5427     0461  0140               	movlb	0	; select bank0
  5428     0462  0D42               	rlf	_i2c1Status+1,w	;volatile
  5429     0463  014F               	movlb	15	; select bank15
  5430     0464  008C               	movwf	12	;volatile
  5431     0465                     i1l1388:
  5432                           
  5433                           ;mcc_generated_files/i2c_host/src/mssp1.c: 273:     return I2C_STATE_RX;
  5434     0465  3004               	movlw	4
  5435     0466                     i1l336:
  5436     0466  0008               	return
  5437     0467                     __end_of_I2C1_EVENT_SEND_RD_ADDR:
  5438                           
  5439                           	psect	text29
  5440     0499                     __ptext29:	
  5441 ;; *************** function _I2C1_EVENT_IDLE *****************
  5442 ;; Defined at:
  5443 ;;		line 264 in file "mcc_generated_files/i2c_host/src/mssp1.c"
  5444 ;; Parameters:    Size  Location     Type
  5445 ;;		None
  5446 ;; Auto vars:     Size  Location     Type
  5447 ;;		None
  5448 ;; Return value:  Size  Location     Type
  5449 ;;                  1    wreg      enum E6516
  5450 ;; Registers used:
  5451 ;;		wreg, status,2
  5452 ;; Tracked objects:
  5453 ;;		On entry : 0/0
  5454 ;;		On exit  : 0/0
  5455 ;;		Unchanged: 0/0
  5456 ;; Data sizes:     COMMON   BANK0   BANK1   BANK2   BANK3   BANK4   BANK5   BANK6   BANK7   BANK8   BANK9  BANK10  BANK1
      +1  BANK12
  5457 ;;      Params:         0       0       0       0       0       0       0       0       0       0       0       0       
      +0       0
  5458 ;;      Locals:         0       0       0       0       0       0       0       0       0       0       0       0       
      +0       0
  5459 ;;      Temps:          0       0       0       0       0       0       0       0       0       0       0       0       
      +0       0
  5460 ;;      Totals:         0       0       0       0       0       0       0       0       0       0       0       0       
      +0       0
  5461 ;;Total ram usage:        0 bytes
  5462 ;; Hardware stack levels used: 1
  5463 ;; This function calls:
  5464 ;;		Nothing
  5465 ;; This function is called by:
  5466 ;;		_I2C1_EventHandler
  5467 ;;		_I2C1_ErrorEventHandler
  5468 ;; This function uses a non-reentrant model
  5469 ;;
  5470                           
  5471     0499                     _I2C1_EVENT_IDLE:	
  5472                           ;psect for function _I2C1_EVENT_IDLE
  5473                           
  5474     0499                     i1l1380:	
  5475                           ;incstack = 0
  5476                           ; Regs used in _I2C1_EVENT_IDLE: [wreg+status,2]
  5477                           
  5478                           
  5479                           ;mcc_generated_files/i2c_host/src/mssp1.c: 266:     i2c1Status.busy = 0;
  5480     0499  0140               	movlb	0	; select bank0
  5481     049A  01C1               	clrf	_i2c1Status	;volatile
  5482     049B                     i1l1382:
  5483                           
  5484                           ;mcc_generated_files/i2c_host/src/mssp1.c: 267:     return I2C_STATE_RESET;
  5485     049B  3008               	movlw	8
  5486     049C                     i1l333:
  5487     049C  0008               	return
  5488     049D                     __end_of_I2C1_EVENT_IDLE:
  5489                           
  5490                           	psect	text30
  5491     0336                     __ptext30:	
  5492 ;; *************** function _I2C1_EVENT_TX *****************
  5493 ;; Defined at:
  5494 ;;		line 282 in file "mcc_generated_files/i2c_host/src/mssp1.c"
  5495 ;; Parameters:    Size  Location     Type
  5496 ;;		None
  5497 ;; Auto vars:     Size  Location     Type
  5498 ;;  retEventStat    1    0[COMMON] enum E6516
  5499 ;; Return value:  Size  Location     Type
  5500 ;;                  1    wreg      enum E6516
  5501 ;; Registers used:
  5502 ;;		wreg, fsr1l, fsr1h, status,2, status,0, pclath, cstack
  5503 ;; Tracked objects:
  5504 ;;		On entry : 0/0
  5505 ;;		On exit  : 0/0
  5506 ;;		Unchanged: 0/0
  5507 ;; Data sizes:     COMMON   BANK0   BANK1   BANK2   BANK3   BANK4   BANK5   BANK6   BANK7   BANK8   BANK9  BANK10  BANK1
      +1  BANK12
  5508 ;;      Params:         0       0       0       0       0       0       0       0       0       0       0       0       
      +0       0
  5509 ;;      Locals:         1       0       0       0       0       0       0       0       0       0       0       0       
      +0       0
  5510 ;;      Temps:          0       0       0       0       0       0       0       0       0       0       0       0       
      +0       0
  5511 ;;      Totals:         1       0       0       0       0       0       0       0       0       0       0       0       
      +0       0
  5512 ;;Total ram usage:        1 bytes
  5513 ;; Hardware stack levels used: 1
  5514 ;; This function calls:
  5515 ;;		_I2C1_EVENT_STOP
  5516 ;; This function is called by:
  5517 ;;		_I2C1_EventHandler
  5518 ;;		_I2C1_ErrorEventHandler
  5519 ;; This function uses a non-reentrant model
  5520 ;;
  5521                           
  5522     0336                     _I2C1_EVENT_TX:	
  5523                           ;psect for function _I2C1_EVENT_TX
  5524                           
  5525     0336                     i1l1398:	
  5526                           ;incstack = 0
  5527                           ; Regs used in _I2C1_EVENT_TX: [wreg+fsr1l+fsr1h+status,2+status,0+pclath+cstack]
  5528                           
  5529     0336                     i1l1400:
  5530                           
  5531                           ;mcc_generated_files/i2c_host/src/mssp1.c: 285:     if (0U != i2c1Status.writeLength)
  5532     0336  0140               	movlb	0	; select bank0
  5533     0337  0846               	movf	_i2c1Status+5,w	;volatile
  5534     0338  0447               	iorwf	_i2c1Status+6,w	;volatile
  5535     0339  1903               	btfsc	3,2
  5536     033A  2B3C               	goto	u55_21
  5537     033B  2B3D               	goto	u55_20
  5538     033C                     u55_21:
  5539     033C  2B50               	goto	i1l1410
  5540     033D                     u55_20:
  5541     033D                     i1l1402:
  5542                           
  5543                           ;mcc_generated_files/i2c_host/src/mssp1.c: 286:     {;mcc_generated_files/i2c_host/src/m
      +                          ssp1.c: 287:         i2c1Status.writeLength--;
  5544     033D  3001               	movlw	1
  5545     033E  02C6               	subwf	_i2c1Status+5,f	;volatile
  5546     033F  3000               	movlw	0
  5547     0340  3BC7               	subwfb	_i2c1Status+6,f	;volatile
  5548     0341                     i1l1404:
  5549                           
  5550                           ;mcc_generated_files/i2c_host/src/mssp1.c: 288:         SSP1BUF = *i2c1Status.writePtr;
  5551     0341  0844               	movf	_i2c1Status+3,w	;volatile
  5552     0342  0086               	movwf	6
  5553     0343  0845               	movf	_i2c1Status+4,w	;volatile
  5554     0344  0087               	movwf	7
  5555     0345  0801               	movf	1,w
  5556     0346  014F               	movlb	15	; select bank15
  5557     0347  008C               	movwf	12	;volatile
  5558     0348                     i1l1406:
  5559                           
  5560                           ;mcc_generated_files/i2c_host/src/mssp1.c: 289:         i2c1Status.writePtr++;
  5561     0348  3001               	movlw	1
  5562     0349  0140               	movlb	0	; select bank0
  5563     034A  07C4               	addwf	_i2c1Status+3,f	;volatile
  5564     034B  3000               	movlw	0
  5565     034C  3DC5               	addwfc	_i2c1Status+4,f	;volatile
  5566     034D                     i1l1408:
  5567                           
  5568                           ;mcc_generated_files/i2c_host/src/mssp1.c: 290:         retEventState = I2C_STATE_TX;
  5569     034D  3003               	movlw	3
  5570     034E  00F0               	movwf	I2C1_EVENT_TX@retEventState
  5571                           
  5572                           ;mcc_generated_files/i2c_host/src/mssp1.c: 291:     }
  5573     034F  2B5F               	goto	i1l1420
  5574     0350                     i1l1410:
  5575                           
  5576                           ;mcc_generated_files/i2c_host/src/mssp1.c: 293:     {;mcc_generated_files/i2c_host/src/m
      +                          ssp1.c: 294:         if (0U != i2c1Status.switchToRead)
  5577     0350  084C               	movf	_i2c1Status+11,w	;volatile
  5578     0351  1903               	btfsc	3,2
  5579     0352  2B54               	goto	u56_21
  5580     0353  2B55               	goto	u56_20
  5581     0354                     u56_21:
  5582     0354  2B5B               	goto	i1l1418
  5583     0355                     u56_20:
  5584     0355                     i1l1412:
  5585                           
  5586                           ;mcc_generated_files/i2c_host/src/mssp1.c: 295:         {;mcc_generated_files/i2c_host/s
      +                          rc/mssp1.c: 296:             i2c1Status.switchToRead = 0;
  5587     0355  01CC               	clrf	_i2c1Status+11	;volatile
  5588     0356                     i1l1414:
  5589                           
  5590                           ;mcc_generated_files/i2c_host/src/mssp1.c: 297:             SSP1CON2bits.RSEN = 1;
  5591     0356  014F               	movlb	15	; select bank15
  5592     0357  1491               	bsf	17,1	;volatile
  5593     0358                     i1l1416:
  5594                           
  5595                           ;mcc_generated_files/i2c_host/src/mssp1.c: 298:             retEventState = I2C_STATE_SE
      +                          ND_RD_ADDR;
  5596     0358  3001               	movlw	1
  5597     0359  00F0               	movwf	I2C1_EVENT_TX@retEventState
  5598                           
  5599                           ;mcc_generated_files/i2c_host/src/mssp1.c: 299:         }
  5600     035A  2B5F               	goto	i1l1420
  5601     035B                     i1l1418:
  5602                           
  5603                           ;mcc_generated_files/i2c_host/src/mssp1.c: 301:         {;mcc_generated_files/i2c_host/s
      +                          rc/mssp1.c: 302:             retEventState = I2C1_EVENT_STOP();
  5604     035B  3184  2459  3183   	fcall	_I2C1_EVENT_STOP
  5605     035E  00F0               	movwf	I2C1_EVENT_TX@retEventState
  5606     035F                     i1l1420:
  5607                           
  5608                           ;mcc_generated_files/i2c_host/src/mssp1.c: 306:     return retEventState;
  5609     035F  0870               	movf	I2C1_EVENT_TX@retEventState,w
  5610     0360                     i1l346:
  5611     0360  0008               	return
  5612     0361                     __end_of_I2C1_EVENT_TX:
  5613                           
  5614                           	psect	text31
  5615     0410                     __ptext31:	
  5616 ;; *************** function _I2C1_Close *****************
  5617 ;; Defined at:
  5618 ;;		line 214 in file "mcc_generated_files/i2c_host/src/mssp1.c"
  5619 ;; Parameters:    Size  Location     Type
  5620 ;;		None
  5621 ;; Auto vars:     Size  Location     Type
  5622 ;;		None
  5623 ;; Return value:  Size  Location     Type
  5624 ;;                  1    wreg      void 
  5625 ;; Registers used:
  5626 ;;		status,2
  5627 ;; Tracked objects:
  5628 ;;		On entry : 0/0
  5629 ;;		On exit  : 0/0
  5630 ;;		Unchanged: 0/0
  5631 ;; Data sizes:     COMMON   BANK0   BANK1   BANK2   BANK3   BANK4   BANK5   BANK6   BANK7   BANK8   BANK9  BANK10  BANK1
      +1  BANK12
  5632 ;;      Params:         0       0       0       0       0       0       0       0       0       0       0       0       
      +0       0
  5633 ;;      Locals:         0       0       0       0       0       0       0       0       0       0       0       0       
      +0       0
  5634 ;;      Temps:          0       0       0       0       0       0       0       0       0       0       0       0       
      +0       0
  5635 ;;      Totals:         0       0       0       0       0       0       0       0       0       0       0       0       
      +0       0
  5636 ;;Total ram usage:        0 bytes
  5637 ;; Hardware stack levels used: 1
  5638 ;; This function calls:
  5639 ;;		Nothing
  5640 ;; This function is called by:
  5641 ;;		_I2C1_EventHandler
  5642 ;;		_I2C1_EVENT_STOP
  5643 ;; This function uses a non-reentrant model
  5644 ;;
  5645                           
  5646     0410                     _I2C1_Close:	
  5647                           ;psect for function _I2C1_Close
  5648                           
  5649     0410                     i1l1344:	
  5650                           ;incstack = 0
  5651                           ; Regs used in _I2C1_Close: [status,2]
  5652                           
  5653                           
  5654                           ;mcc_generated_files/i2c_host/src/mssp1.c: 216:     i2c1Status.busy = 0;
  5655     0410  0140               	movlb	0	; select bank0
  5656     0411  01C1               	clrf	_i2c1Status	;volatile
  5657     0412                     i1l1346:
  5658                           
  5659                           ;mcc_generated_files/i2c_host/src/mssp1.c: 217:     i2c1Status.address = 0xFF;
  5660     0412  3000               	movlw	0
  5661     0413  00C3               	movwf	_i2c1Status+2	;volatile
  5662     0414  30FF               	movlw	255
  5663     0415  00C2               	movwf	_i2c1Status+1	;volatile
  5664                           
  5665                           ;mcc_generated_files/i2c_host/src/mssp1.c: 218:     i2c1Status.writePtr = ((void*)0);
  5666     0416  01C4               	clrf	_i2c1Status+3	;volatile
  5667     0417  01C5               	clrf	_i2c1Status+4	;volatile
  5668                           
  5669                           ;mcc_generated_files/i2c_host/src/mssp1.c: 219:     i2c1Status.readPtr = ((void*)0);
  5670     0418  01C8               	clrf	_i2c1Status+7	;volatile
  5671     0419  01C9               	clrf	_i2c1Status+8	;volatile
  5672                           
  5673                           ;mcc_generated_files/i2c_host/src/mssp1.c: 220:     i2c1Status.state = I2C_STATE_IDLE;
  5674     041A  01CE               	clrf	_i2c1Status+13	;volatile
  5675     041B                     i1l1348:
  5676                           
  5677                           ;mcc_generated_files/i2c_host/src/mssp1.c: 221:     PIR5bits.SSP1IF = 0;
  5678     041B  0141               	movlb	1	; select bank1
  5679     041C  1111               	bcf	17,2	;volatile
  5680     041D                     i1l1350:
  5681                           
  5682                           ;mcc_generated_files/i2c_host/src/mssp1.c: 222:     PIR5bits.BCL1IF = 0;
  5683     041D  1191               	bcf	17,3	;volatile
  5684     041E                     i1l1352:
  5685                           
  5686                           ;mcc_generated_files/i2c_host/src/mssp1.c: 223:     SSP1CON1bits.WCOL = 0;
  5687     041E  014F               	movlb	15	; select bank15
  5688     041F  1390               	bcf	16,7	;volatile
  5689     0420                     i1l1354:
  5690                           
  5691                           ;mcc_generated_files/i2c_host/src/mssp1.c: 224:     SSP1CON1bits.SSPOV = 0;
  5692     0420  1310               	bcf	16,6	;volatile
  5693     0421                     i1l318:
  5694     0421  0008               	return
  5695     0422                     __end_of_I2C1_Close:
  5696     0002                     ___latbits      equ	2
  5697     007E                     btemp           set	126	;btemp
  5698     007E                     int$flags       set	126
  5699     007E                     btemp0          set	126
  5700     007F                     btemp1          set	127
  5701     007E                     wtemp0          set	126
  5702     007F                     wtemp0a         set	127
  5703     007F                     ttemp0a         set	127
  5704     0080                     ltemp0a         set	128
  5705                           
  5706                           	psect	config
  5707                           
  5708                           ;Config register CONFIG1 @ 0x8007
  5709                           ;	External Oscillator Selection bits
  5710                           ;	FEXTOSC = ECH, EC (external clock) above 16 MHz
  5711                           ;	Reset Oscillator Selection bits
  5712                           ;	RSTOSC = HFINTOSC_32MHz, HFINTOSC (32 MHz)
  5713                           ;	Clock Out Enable bit
  5714                           ;	CLKOUTEN = OFF, CLKOUT function is disabled; i/o or oscillator function on OSC2
  5715                           ;	Clock Switch Enable bit
  5716                           ;	CSWEN = ON, Writing to NOSC and NDIV is allowed
  5717                           ;	VDD Range Analog Calibration Selection bit
  5718                           ;	VDDAR = HI, Internal analog systems are calibrated for operation between VDD = 2.3 - 5
      +                          .5V
  5719                           ;	Fail-Safe Clock Monitor Enable bit
  5720                           ;	FCMEN = ON, Fail-Safe Clock Monitor enabled
  5721     8007                     	org	32775
  5722     8007  3F8F               	dw	16271
  5723                           
  5724                           ;Config register CONFIG2 @ 0x8008
  5725                           ;	Master Clear Enable bit
  5726                           ;	MCLRE = EXTMCLR, If LVP = 0, MCLR pin is MCLR; If LVP = 1, RA3 pin function is MCLR
  5727                           ;	Power-up Timer Selection bits
  5728                           ;	PWRTS = PWRT_OFF, PWRT is disabled
  5729                           ;	Low-Power BOR Enable bit
  5730                           ;	LPBOREN = OFF, ULPBOR disabled
  5731                           ;	Brown-out Reset Enable bits
  5732                           ;	BOREN = ON, Brown-out Reset enabled, SBOREN bit is ignored
  5733                           ;	DAC Buffer Automatic Range Select Enable bit
  5734                           ;	DACAUTOEN = OFF, DAC Buffer reference range is determined by the REFRNG bit
  5735                           ;	Brown-out Reset Voltage Selection bit
  5736                           ;	BORV = LO, Brown-out Reset Voltage (VBOR) set to 1.9V
  5737                           ;	PPSLOCKED One-Way Set Enable bit
  5738                           ;	PPS1WAY = ON, The PPSLOCKED bit can be cleared and set only once after an unlocking se
      +                          quence is executed; once PPSLOCKED is set, all future changes to PPS registers are preve
      +                          nted
  5739                           ;	Stack Overflow/Underflow Reset Enable bit
  5740                           ;	STVREN = ON, Stack Overflow or Underflow will cause a reset
  5741                           ;	Background Debugger
  5742                           ;	DEBUG = 0x1, unprogrammed default
  5743     8008                     	org	32776
  5744     8008  3FFF               	dw	16383
  5745                           
  5746                           ;Config register CONFIG3 @ 0x8009
  5747                           ;	WDT Period Select bits
  5748                           ;	WDTCPS = WDTCPS_31, Divider ratio 1:65536; software control of WDTPS
  5749                           ;	WDT Operating Mode bits
  5750                           ;	WDTE = OFF, WDT Disabled, SEN is ignored
  5751                           ;	WDT Window Select bits
  5752                           ;	WDTCWS = WDTCWS_7, window always open (100%); software control; keyed access not requi
      +                          red
  5753                           ;	WDT Input Clock Select bits
  5754                           ;	WDTCCS = SC, Software Control
  5755     8009                     	org	32777
  5756     8009  3F9F               	dw	16287
  5757                           
  5758                           ;Config register CONFIG4 @ 0x800A
  5759                           ;	Boot Block Size Selection bits
  5760                           ;	BBSIZE = BB512, 512 words boot block size
  5761                           ;	Boot Block Enable bit
  5762                           ;	BBEN = OFF, Boot Block disabled
  5763                           ;	Storage Area Flash (SAF) Enable bit
  5764                           ;	SAFEN = OFF, SAF disabled
  5765                           ;	Application Block Write Protection bit
  5766                           ;	WRTAPP = OFF, Application Block is NOT write-protected
  5767                           ;	Boot Block Write Protection bit
  5768                           ;	WRTB = OFF, Boot Block is NOT write-protected
  5769                           ;	Configuration Register Write Protection bit
  5770                           ;	WRTC = OFF, Configuration Register is NOT write-protected
  5771                           ;	Storage Area Flash (SAF) Write Protection bit
  5772                           ;	WRTSAF = OFF, SAF is NOT write-protected
  5773                           ;	Low Voltage Programming Enable bit
  5774                           ;	LVP = ON, Low Voltage programming enabled. MCLR/Vpp pin function is MCLR. MCLRE Config
      +                          uration bit is ignored
  5775     800A                     	org	32778
  5776     800A  3FFF               	dw	16383
  5777                           
  5778                           ;Config register CONFIG5 @ 0x800B
  5779                           ;	Program Flash Memory Code Protection bit
  5780                           ;	CP = OFF, Program Flash Memory code protection is disabled
  5781     800B                     	org	32779
  5782     800B  3FFF               	dw	16383

Data Sizes:
    Strings     0
    Constant    38
    Data        0
    BSS         27
    Persistent  50
    Stack       0

Auto Spaces:
    Space          Size  Autos    Used
    COMMON           14      7       9
    BANK0            80     33      60
    BANK1            80      0       0
    BANK2            80      0       0
    BANK3            80      0       0
    BANK4            80      0       0
    BANK5            80      0       0
    BANK6            80      0       0
    BANK7            80      0       0
    BANK8            80      0       0
    BANK9            80      0       0
    BANK10           80      0       0
    BANK11           80      0       0
    BANK12           48      0       0

Pointer List with Targets:

    I2C1_Callback	PTR FTN()void  size(2) Largest target is 1
		 -> NULL(), 

    i2c1_eventTable	const PTR FTN()enum E6516[9] size(2) Largest target is 1
		 -> I2C1_EVENT_ERROR(), I2C1_EVENT_IDLE(), I2C1_EVENT_NACK(), I2C1_EVENT_RESET(), 
		 -> I2C1_EVENT_RX(), I2C1_EVENT_SEND_RD_ADDR(), I2C1_EVENT_SEND_WR_ADDR(), I2C1_EVENT_STOP(), 
		 -> I2C1_EVENT_TX(), 

    I2C1_Host$CallbackRegister	PTR FTN(PTR FTN()void ,)void  size(2) Largest target is 1
		 -> I2C1_CallbackRegister(), 

    I2C1_Host$Deinitialize	PTR FTN()void  size(2) Largest target is 1
		 -> I2C1_Deinitialize(), 

    I2C1_Host$ErrorGet	PTR FTN()enum E6507 size(2) Largest target is 1
		 -> I2C1_ErrorGet(), 

    I2C1_Host$Initialize	PTR FTN()void  size(2) Largest target is 1
		 -> I2C1_Initialize(), 

    I2C1_Host$IsBusy	PTR FTN()_Bool  size(2) Largest target is 1
		 -> I2C1_IsBusy(), 

    I2C1_Host$Read	PTR FTN(unsigned short ,PTR unsigned char ,unsigned int ,)_Bool  size(2) Largest target is 1
		 -> I2C1_Read(), 

    I2C1_Host$Tasks	PTR FTN()void  size(2) Largest target is 1
		 -> NULL(), 

    I2C1_Host$TransferSetup	PTR FTN(PTR struct i2c_transfer_setup,unsigned long ,)_Bool  size(2) Largest target is 1
		 -> NULL(), 

    I2C1_Host$Write	PTR FTN(unsigned short ,PTR unsigned char ,unsigned int ,)_Bool  size(2) Largest target is 1
		 -> I2C1_Write(), 

    I2C1_Host$WriteRead	PTR FTN(unsigned short ,PTR unsigned char ,unsigned int ,PTR unsigned char ,unsigned int ,)_Bool  size(2) Largest target is 1
		 -> I2C1_WriteRead(), 

    I2C1_WriteRead@readData	PTR unsigned char  size(1) Largest target is 2
		 -> mcp9808_data(BANK0[2]), 

    I2C1_WriteRead@writeData	PTR unsigned char  size(1) Largest target is 1
		 -> MCP9808_Read@register_address(BANK0[1]), 

    i2c1Status$readPtr	PTR unsigned char  size(2) Largest target is 2
		 -> mcp9808_data(BANK0[2]), NULL(NULL[0]), 

    i2c1Status$writePtr	PTR unsigned char  size(2) Largest target is 1
		 -> MCP9808_Read@register_address(BANK0[1]), NULL(NULL[0]), 

    INT_InterruptHandler	PTR FTN()void  size(2) Largest target is 1
		 -> INT_DefaultInterruptHandler(), NULL(), 

    INT_SetInterruptHandler@InterruptHandler	PTR FTN()void  size(2) Largest target is 1
		 -> INT_DefaultInterruptHandler(), 

    S275$2$1	PTR unsigned char  size(2) Largest target is 0

    S275$3$1	PTR unsigned char  size(2) Largest target is 0

    S275$4$1	PTR unsigned char  size(1) Largest target is 1
		 -> MCP9808_Read@register_address(BANK0[1]), 

    S275$4$3	PTR unsigned char  size(1) Largest target is 2
		 -> mcp9808_data(BANK0[2]), 

    S275$8$0	PTR FTN()void  size(2) Largest target is 0

    S275$CallbackRegister	PTR FTN(PTR FTN()void ,)void  size(2) Largest target is 1
		 -> I2C1_CallbackRegister(), 

    S275$Deinitialize	PTR FTN()void  size(2) Largest target is 1
		 -> I2C1_Deinitialize(), 

    S275$ErrorGet	PTR FTN()enum E6507 size(2) Largest target is 1
		 -> I2C1_ErrorGet(), 

    S275$Initialize	PTR FTN()void  size(2) Largest target is 1
		 -> I2C1_Initialize(), 

    S275$IsBusy	PTR FTN()_Bool  size(2) Largest target is 1
		 -> I2C1_IsBusy(), 

    S275$Read	PTR FTN(unsigned short ,PTR unsigned char ,unsigned int ,)_Bool  size(2) Largest target is 1
		 -> I2C1_Read(), 

    S275$Tasks	PTR FTN()void  size(2) Largest target is 1
		 -> NULL(), 

    S275$TransferSetup	PTR FTN(PTR struct i2c_transfer_setup,unsigned long ,)_Bool  size(2) Largest target is 1
		 -> NULL(), 

    S275$Write	PTR FTN(unsigned short ,PTR unsigned char ,unsigned int ,)_Bool  size(2) Largest target is 1
		 -> I2C1_Write(), 

    S275$WriteRead	PTR FTN(unsigned short ,PTR unsigned char ,unsigned int ,PTR unsigned char ,unsigned int ,)_Bool  size(2) Largest target is 1
		 -> I2C1_WriteRead(), 

    S357$readPtr	PTR unsigned char  size(2) Largest target is 2
		 -> mcp9808_data(BANK0[2]), NULL(NULL[0]), 

    S357$writePtr	PTR unsigned char  size(2) Largest target is 1
		 -> MCP9808_Read@register_address(BANK0[1]), NULL(NULL[0]), 


Critical Paths under _main in COMMON

    _main->_MCP9808_Delay
    _INTERRUPT_Initialize->_INT_SetInterruptHandler
    _MCP9808_Read->_MCP9808_WaitI2C
    _MCP9808_Read->___awdiv
    _MCP9808_Read->___lmul
    ___aldiv->___lmul

Critical Paths under _INTERRUPT_InterruptManager in COMMON

    _I2C1_ISR->_I2C1_EventHandler
    _I2C1_EventHandler->_I2C1_EVENT_ERROR
    _I2C1_EventHandler->_I2C1_EVENT_NACK
    _I2C1_EventHandler->_I2C1_EVENT_RX
    _I2C1_EventHandler->_I2C1_EVENT_TX
    _I2C1_ERROR_ISR->_I2C1_ErrorEventHandler
    _I2C1_ErrorEventHandler->_I2C1_EVENT_ERROR
    _I2C1_ErrorEventHandler->_I2C1_EVENT_NACK
    _I2C1_ErrorEventHandler->_I2C1_EVENT_RX
    _I2C1_ErrorEventHandler->_I2C1_EVENT_TX

Critical Paths under _main in BANK0

    _main->_MCP9808_Read
    _MCP9808_Read->___aldiv
    ___aldiv->___lmul

Critical Paths under _INTERRUPT_InterruptManager in BANK0

    None.

Critical Paths under _main in BANK1

    None.

Critical Paths under _INTERRUPT_InterruptManager in BANK1

    None.

Critical Paths under _main in BANK2

    None.

Critical Paths under _INTERRUPT_InterruptManager in BANK2

    None.

Critical Paths under _main in BANK3

    None.

Critical Paths under _INTERRUPT_InterruptManager in BANK3

    None.

Critical Paths under _main in BANK4

    None.

Critical Paths under _INTERRUPT_InterruptManager in BANK4

    None.

Critical Paths under _main in BANK5

    None.

Critical Paths under _INTERRUPT_InterruptManager in BANK5

    None.

Critical Paths under _main in BANK6

    None.

Critical Paths under _INTERRUPT_InterruptManager in BANK6

    None.

Critical Paths under _main in BANK7

    None.

Critical Paths under _INTERRUPT_InterruptManager in BANK7

    None.

Critical Paths under _main in BANK8

    None.

Critical Paths under _INTERRUPT_InterruptManager in BANK8

    None.

Critical Paths under _main in BANK9

    None.

Critical Paths under _INTERRUPT_InterruptManager in BANK9

    None.

Critical Paths under _main in BANK10

    None.

Critical Paths under _INTERRUPT_InterruptManager in BANK10

    None.

Critical Paths under _main in BANK11

    None.

Critical Paths under _INTERRUPT_InterruptManager in BANK11

    None.

Critical Paths under _main in BANK12

    None.

Critical Paths under _INTERRUPT_InterruptManager in BANK12

    None.

Call Graph Tables:

 ---------------------------------------------------------------------------------
 (Depth) Function   	        Calls       Base Space   Used Autos Params    Refs
 ---------------------------------------------------------------------------------
 (0) _main                                                 0     0      0    1644
                    _I2C1_Initialize
                      _MCP9808_Delay
                       _MCP9808_Read
                  _SYSTEM_Initialize
 ---------------------------------------------------------------------------------
 (1) _SYSTEM_Initialize                                    0     0      0      23
                   _CLOCK_Initialize
                    _I2C1_Initialize
               _INTERRUPT_Initialize
             _PIN_MANAGER_Initialize
 ---------------------------------------------------------------------------------
 (2) _PIN_MANAGER_Initialize                               0     0      0       0
 ---------------------------------------------------------------------------------
 (2) _INTERRUPT_Initialize                                 0     0      0      23
            _INT_SetInterruptHandler
 ---------------------------------------------------------------------------------
 (3) _INT_SetInterruptHandler                              2     0      2      23
                                              3 COMMON     2     0      2
 ---------------------------------------------------------------------------------
 (2) _I2C1_Initialize                                      0     0      0       0
 ---------------------------------------------------------------------------------
 (2) _CLOCK_Initialize                                     0     0      0       0
 ---------------------------------------------------------------------------------
 (1) _MCP9808_Read                                        11    11      0    1575
                                             22 BANK0     11    11      0
                      _I2C1_ErrorGet
                     _I2C1_WriteRead
                    _MCP9808_WaitI2C
                            ___aldiv
                            ___awdiv
                             ___lmul
 ---------------------------------------------------------------------------------
 (2) ___lmul                                              12     4      8     148
                                              3 COMMON     4     4      0
                                              0 BANK0      8     0      8
 ---------------------------------------------------------------------------------
 (2) ___awdiv                                              8     4      4     457
                                              3 COMMON     4     0      4
                                              0 BANK0      4     4      0
 ---------------------------------------------------------------------------------
 (2) ___aldiv                                             14     6      8     304
                                              8 BANK0     14     6      8
                             ___lmul (ARG)
 ---------------------------------------------------------------------------------
 (2) _MCP9808_WaitI2C                                      4     4      0      37
                                              3 COMMON     4     4      0
                        _I2C1_IsBusy
 ---------------------------------------------------------------------------------
 (2) _I2C1_WriteRead                                       9     1      8     207
                                              3 COMMON     1     1      0
                                              0 BANK0      8     0      8
                        _I2C1_IsBusy
                    _I2C1_WriteStart
 ---------------------------------------------------------------------------------
 (3) _I2C1_WriteStart                                      0     0      0       0
 ---------------------------------------------------------------------------------
 (3) _I2C1_IsBusy                                          0     0      0       0
 ---------------------------------------------------------------------------------
 (2) _I2C1_ErrorGet                                        1     1      0      23
                                              3 COMMON     1     1      0
 ---------------------------------------------------------------------------------
 (1) _MCP9808_Delay                                        4     4      0      46
                                              3 COMMON     4     4      0
 ---------------------------------------------------------------------------------
 Estimated maximum stack depth 3
 ---------------------------------------------------------------------------------
 (Depth) Function   	        Calls       Base Space   Used Autos Params    Refs
 ---------------------------------------------------------------------------------
 (4) _INTERRUPT_InterruptManager                           0     0      0     196
                     _I2C1_ERROR_ISR
                           _I2C1_ISR
 ---------------------------------------------------------------------------------
 (5) _I2C1_ISR                                             0     0      0      98
                  _I2C1_EventHandler
 ---------------------------------------------------------------------------------
 (6) _I2C1_EventHandler                                    2     2      0      98
                                              1 COMMON     2     2      0
                         _I2C1_Close
                   _I2C1_EVENT_ERROR *
                    _I2C1_EVENT_IDLE *
                    _I2C1_EVENT_NACK *
                   _I2C1_EVENT_RESET *
                      _I2C1_EVENT_RX *
            _I2C1_EVENT_SEND_RD_ADDR *
            _I2C1_EVENT_SEND_WR_ADDR *
                    _I2C1_EVENT_STOP *
                      _I2C1_EVENT_TX *
 ---------------------------------------------------------------------------------
 (5) _I2C1_ERROR_ISR                                       0     0      0      98
             _I2C1_ErrorEventHandler
 ---------------------------------------------------------------------------------
 (6) _I2C1_ErrorEventHandler                               2     2      0      98
                                              1 COMMON     2     2      0
                   _I2C1_EVENT_ERROR *
                    _I2C1_EVENT_IDLE *
                    _I2C1_EVENT_NACK *
                   _I2C1_EVENT_RESET *
                      _I2C1_EVENT_RX *
            _I2C1_EVENT_SEND_RD_ADDR *
            _I2C1_EVENT_SEND_WR_ADDR *
                    _I2C1_EVENT_STOP *
                      _I2C1_EVENT_TX *
 ---------------------------------------------------------------------------------
 (7) _I2C1_EVENT_TX                                        1     1      0      26
                                              0 COMMON     1     1      0
                    _I2C1_EVENT_STOP
 ---------------------------------------------------------------------------------
 (7) _I2C1_EVENT_SEND_WR_ADDR                              0     0      0       0
 ---------------------------------------------------------------------------------
 (7) _I2C1_EVENT_SEND_RD_ADDR                              0     0      0       0
 ---------------------------------------------------------------------------------
 (7) _I2C1_EVENT_RX                                        1     1      0      24
                                              0 COMMON     1     1      0
 ---------------------------------------------------------------------------------
 (7) _I2C1_EVENT_NACK                                      1     1      0      24
                                              0 COMMON     1     1      0
                    _I2C1_EVENT_STOP
 ---------------------------------------------------------------------------------
 (8) _I2C1_EVENT_STOP                                      0     0      0       0
                         _I2C1_Close
 ---------------------------------------------------------------------------------
 (9) _I2C1_Close                                           0     0      0       0
 ---------------------------------------------------------------------------------
 (7) _I2C1_EVENT_IDLE                                      0     0      0       0
 ---------------------------------------------------------------------------------
 (7) _I2C1_EVENT_ERROR                                     1     1      0      24
                                              0 COMMON     1     1      0
                   _I2C1_EVENT_RESET
 ---------------------------------------------------------------------------------
 (8) _I2C1_EVENT_RESET                                     0     0      0       0
 ---------------------------------------------------------------------------------
 Estimated maximum stack depth 9
 ---------------------------------------------------------------------------------

 Call Graph Graphs:

 _main (ROOT)
   _I2C1_Initialize
   _MCP9808_Delay
   _MCP9808_Read
     _I2C1_ErrorGet
     _I2C1_WriteRead
       _I2C1_IsBusy
       _I2C1_WriteStart
     _MCP9808_WaitI2C
       _I2C1_IsBusy
     ___aldiv
       ___lmul (ARG)
     ___awdiv
     ___lmul
   _SYSTEM_Initialize
     _CLOCK_Initialize
     _I2C1_Initialize
     _INTERRUPT_Initialize
       _INT_SetInterruptHandler
     _PIN_MANAGER_Initialize

 _INTERRUPT_InterruptManager (ROOT)
   _I2C1_ERROR_ISR
     _I2C1_ErrorEventHandler
       _I2C1_EVENT_ERROR *
         _I2C1_EVENT_RESET
       _I2C1_EVENT_IDLE *
       _I2C1_EVENT_NACK *
         _I2C1_EVENT_STOP
           _I2C1_Close
       _I2C1_EVENT_RESET *
       _I2C1_EVENT_RX *
       _I2C1_EVENT_SEND_RD_ADDR *
       _I2C1_EVENT_SEND_WR_ADDR *
       _I2C1_EVENT_STOP *
       _I2C1_EVENT_TX *
         _I2C1_EVENT_STOP
   _I2C1_ISR
     _I2C1_EventHandler
       _I2C1_Close
       _I2C1_EVENT_ERROR *
       _I2C1_EVENT_IDLE *
       _I2C1_EVENT_NACK *
       _I2C1_EVENT_RESET *
       _I2C1_EVENT_RX *
       _I2C1_EVENT_SEND_RD_ADDR *
       _I2C1_EVENT_SEND_WR_ADDR *
       _I2C1_EVENT_STOP *
       _I2C1_EVENT_TX *

Address spaces:
Name               Size   Autos  Total    Usage
BITCOMMON           14      0       0      0.0%
BITBANK0            80      0       0      0.0%
BITBANK1            80      0       0      0.0%
BITBANK2            80      0       0      0.0%
BITBANK3            80      0       0      0.0%
BITBANK4            80      0       0      0.0%
BITBANK5            80      0       0      0.0%
BITBANK6            80      0       0      0.0%
BITBANK7            80      0       0      0.0%
BITBANK8            80      0       0      0.0%
BITBANK9            80      0       0      0.0%
BITBANK10           80      0       0      0.0%
BITBANK11           80      0       0      0.0%
BITBANK12           48      0       0      0.0%
BIGRAM            1008      0       0      0.0%
COMMON              14      7       9     64.3%
BANK0               80     33      60     75.0%
BANK1               80      0       0      0.0%
BANK2               80      0       0      0.0%
BANK3               80      0       0      0.0%
BANK4               80      0       0      0.0%
BANK5               80      0       0      0.0%
BANK6               80      0       0      0.0%
BANK7               80      0       0      0.0%
BANK8               80      0       0      0.0%
BANK9               80      0       0      0.0%
BANK10              80      0       0      0.0%
BANK11              80      0       0      0.0%
BANK12              48      0       0      0.0%
STACK                0      0       0      0.0%
DATA                 0      0      69      0.0%


Microchip Technology PIC Macro Assembler V3.10 build 20250813170317 
Symbol Table                                                                                   Tue Aug 25 21:48:59 2026

               I2C1_WriteRead@readLength 0026                                       l13 0451  
                                     l36 0448                                       l71 043D  
                                     l57 0472                             ___awdiv@sign 0021  
                                    l103 0388                                      l112 00A1  
                                    l200 0268                                      l121 0335  
                                    l108 0145                                      l315 0478  
                                    l293 03B0                                      l278 0430  
                                    l447 0159                                      l535 022D  
                                    l296 047E                                      l457 01D1  
                                    l299 049F                                      l396 02D7  
                                    u800 01B9                                      u720 014C  
                                    u801 01B8                                      u721 014B  
                                    u810 01BE                                      u730 015D  
                                    u811 01BD                                      u731 015C  
                                    u740 017A                                      u741 0179  
                                    u760 018A                                      u761 0189  
                                    u755 017E                                      u780 01A3  
                                    u781 01A2                          ??_I2C1_ErrorGet 0073  
                                    u775 018B                                      u785 019F  
                                    u795 01AD                                      u980 0320  
                                    u981 031F                                      u990 0335  
                                    u991 0334                                      wreg 0009  
                       __end_of_I2C1_ISR 0495                                     l2000 03B9  
                                   l2010 03C1                                     l2002 03BA  
                                   l2020 03C8                                     l2012 03C2  
                                   l2004 03BC                                     l2014 03C3  
                                   l2006 03BE                                     l2016 03C4  
                                   l2008 03C0                                     l2018 03C5  
                                   l1500 0258                                     l1510 042B  
                                   l1502 025B                                     l1600 016A  
                                   l1512 042D                                     l1504 0422  
                                   l1610 018A                                     l1602 0172  
                                   l1514 042E                                     l1506 0427  
                                   l1620 01B3                                     l1612 0191  
                                   l1604 017A                                     l1460 044C  
                                   l1508 0429                                     l1372 046D  
                                   l1550 0479                                     l1614 01A3  
                                   l1606 017D                                     l1622 01B9  
                                   l1462 044E                                     l1470 0230  
                                   l1552 047C                                     l1624 01BE  
                                   l1616 01AB                                     l1608 0186  
                                   l1464 043E                                     l1480 023C  
                                   l1472 0233                                     l1554 047D  
                                   l1626 01C9                                     l1618 01AC  
                                   l1458 0449                                     l1466 0441  
                                   l1490 024C                                     l1482 023E  
                                   l1474 0235                                     l1740 0321  
                                   l1900 01D4                                     l1492 024E  
                                   l1484 0246                                     l1476 0237  
                                   l1468 022E                                     l1734 030A  
                                   l1590 0146                                     l1910 01E8  
                                   l1902 01D8                                     l1494 0250  
                                   l1486 0248                                     l1478 0239  
                                   l1736 0312                                     l1592 0148  
                                   l1920 01FA                                     l1912 01EA  
                                   l1904 01DD                                     l1496 0252  
                                   l1488 024A                                     l1680 043A  
                                   l1850 0361                                     l1594 014C  
                                   l1930 0214                                     l1922 01FC  
                                   l1914 01EC                                     l1906 01DF  
                                   l1498 0255                                     l1844 049D  
                                   l1860 0387                                     l1852 036A  
                                   l1596 015D                                     l1932 0219  
                                   l1924 0200                                     l1916 01F2  
                                   l1908 01E3                                     l1870 0395  
                                   l1854 037D                                     l1598 0168  
                                   l1926 020F                                     l1918 01F5  
                                   l1934 021F                                     l1950 005D  
                                   l1942 0038                                     l1678 0431  
                                   l1848 0473                                     l1872 0399  
                                   l1880 03AF                                     l1864 0389  
                                   l1936 0224                                     l1928 0213  
                                   l1960 0073                                     l1944 003B  
                                   l1874 03A9                                     l1866 038A  
                                   l1858 037F                                     l1938 0229  
                                   l1890 02B9                                     l1970 0085  
                                   l1954 0060                                     l1946 0040  
                                   l1876 03AA                                     l1868 0392  
                                   l1892 02C0                                     l1884 02A4  
                                   l1980 00D1                                     l1972 0099  
                                   l1964 0079                                     l1956 0068  
                                   l1948 0058                                     l1878 03AD  
                                   l1894 02CF                                     l1886 02AC  
                                   l1982 00D5                                     l1974 00A5  
                                   l1966 007D                                     l1958 006E  
                                   l1888 02B1                                     l1984 0103  
                                   l1976 00A9                                     l1968 0081  
                                   l1898 01D2                                     l1986 013E  
                                   l1978 00BA                                     l1994 03B1  
                                   l1988 0142                                     l1996 03B4  
                                   l1998 03B7                        _I2C1_Deinitialize 0000  
                                   u1100 0392                                     u1101 0391  
                                   u1110 02B1                                     u1111 02B0  
                                   u1210 020F                                     u1211 020E  
                                   u1140 02CF                                     u1300 00D5  
                                   u1205 0201                                     u1141 02CE  
                                   u1125 02BA                                     u1301 00D4  
                                   u1230 021F                                     u1150 01D8  
                                   u1231 021E                                     u1215 020B  
                                   u1151 01D7                                     u1135 02C1  
                                   u1080 037D                                     u1240 0224  
                                   u1160 01E3                                     u1081 037C  
                                   u1241 0223                                     u1225 0215  
                                   u1161 01E2                                     u1090 0387  
                                   u1170 01F2                                     u1250 0058  
                                   u1091 0386                                     u1171 01F1  
                                   u1251 0057                                     u1260 0068  
                                   u1261 0067                                     _LATA 0018  
                                   u1190 0200                                     u1270 0078  
                                   _LATB 0019                                     u1191 01FF  
                                   u1271 0077                                     _LATC 001A  
                                   u1280 0081                                     u1185 01F6  
                                   u1281 0080                                     u1290 00A9  
                                   u1291 00A8                                     i1l42 001B  
                                   i1l47 0026                                     _WPUA 1E8D  
                                   _WPUB 1E97                                     _WPUC 1EA1  
                                   _main 03B1                                     fsr0h 0005  
                                   fsr1h 0007                                     indf0 0000  
                                   fsr0l 0004                                     indf1 0001  
                                   fsr1l 0006                                     btemp 007E  
            _INT_DefaultInterruptHandler 0000                                     start 0028  
        __end_of_INT_SetInterruptHandler 0473                          _I2C1_EVENT_IDLE 0499  
                        _I2C1_EVENT_NACK 0485                               _i2c1Status 0041  
                        _I2C1_EVENT_STOP 0459                        __end_of_I2C1_Host 03FE  
                        __end_of___aldiv 01D2                                    ?_main 0070  
                        __end_of___awdiv 022E                          ___awdiv@divisor 0073  
                                  _IOCAF 1E93                                    _IOCBF 1E9D  
                                  _IOCCF 1EA7                                    _IOCAN 1E92  
                                  _IOCAP 1E91                                    _IOCBN 1E9C  
                                  _IOCBP 1E9B                                    _IOCCN 1EA6  
                                  _IOCCP 1EA5                                    i1l321 0274  
                                  i1l330 03E9                                    i1l306 0494  
                                  i1l323 0282                                    i1l333 049C  
                                  i1l309 0498                                    i1l318 0421  
                                  i1l351 0300                                    i1l327 02A3  
                                  i1l336 0466                                    i1l360 0484  
                                  i1l346 0360                                    i1l354 0309  
                                  i1l339 0490                                    i1l363 045F  
                                  i1l349 0307                                    i1l357 048A  
                                  i1l366 0458                          ___awdiv@counter 0020  
                                  _OSCEN 0291                                    u55_20 033D  
                                  u63_20 0270                                    u55_21 033C  
                                  u63_21 026F                                    u56_20 0355  
                                  u64_20 0278                                    u56_21 0354  
                                  u64_21 0277                                    u57_20 02DF  
                                  u65_20 027C                                    u57_21 02DE  
                                  u65_21 027B                                    _TRISA 0012  
                                  _TRISB 0013                                    _TRISC 0014  
                                  u58_20 02E6                                    u66_20 0286  
                                  u58_21 02E5                                    u66_21 0285  
                                  u59_20 02FC                                    u67_20 028A  
                                  u59_21 02FB                                    u67_21 0289  
               ?_I2C1_EVENT_SEND_RD_ADDR 0070                      ___lmul@multiplicand 0024  
                      ??_I2C1_Initialize 0073                     __end_of_MCP9808_Read 0146  
               ?_I2C1_EVENT_SEND_WR_ADDR 0070                                    btemp0 007E  
                                  btemp1 007F                                    pclath 000A  
                       ??_I2C1_WriteRead 0073                                    status 0003  
                                  wtemp0 007E                             ??_I2C1_Close 0070  
                 MCP9808_WaitI2C@timeout 0073                          __initialization 002A  
               ??_I2C1_ErrorEventHandler 0071                             __end_of_main 03CE  
                       _I2C1_EVENT_ERROR 047F                         _I2C1_EVENT_RESET 0452  
            ?_INTERRUPT_InterruptManager 0070                                   ??_main 0077  
             I2C1_ErrorGet@retErrorState 0073                       __end_of_I2C1_Close 0422  
                       ___awdiv@dividend 0075                                   _ANSELA 1E8C  
                                 _ANSELB 1E96                                   _ANSELC 1EA0  
                                 u100_20 000E                                   u100_21 000D  
                                 _RB4PPS 1D98                                   u101_20 0013  
                                 u101_21 0012                                   u102_20 0017  
                                 u102_21 0016                                   _RB6PPS 1D9A  
                                 i1l1400 0336                                   u103_20 001F  
                                 u103_21 001E                                   i1l1402 033D  
                                 i1l1410 0350                                   i1l1412 0355  
                                 i1l1420 035F                                   i1l1404 0341  
                                 i1l1350 041D                                   i1l1414 0356  
                                 i1l1406 0348                                   i1l1430 02ED  
                                 i1l1352 041E                                   i1l1344 0410  
                                 i1l1416 0358                                   i1l1408 034D  
                                 i1l1432 02F2                                   i1l1424 02D8  
                                 i1l1360 045E                                   u104_20 0023  
                                 u104_21 0022                                   _ODCONA 1E8E  
                                 i1l1354 0420                                   i1l1346 0412  
                                 i1l1418 035B                                   i1l1434 02F6  
                                 i1l1426 02DF                                   i1l1442 0485  
                                 i1l1450 047F                                   _ODCONB 1E98  
                                 _ODCONC 1EA2                                   i1l1348 041B  
                                 i1l1380 0499                                   i1l1436 02FC  
                                 i1l1428 02E6                                   i1l1444 0485  
                                 i1l1452 047F                                   i1l1356 0459  
                                 i1l1364 0452                                   i1l1382 049B  
                                 i1l1438 0308                                   i1l1446 0489  
                                 i1l1454 0483                                   i1l1358 045B  
                                 i1l1366 0455                                   i1l1392 048B  
                                 i1l1368 0457                                   i1l1560 0270  
                                 i1l1386 0460                                   i1l1394 048F  
                                 i1l1562 0278                                   i1l1570 028F  
                                 i1l1388 0465                                   i1l1572 03CE  
                                 i1l1564 027C                                   i1l1398 0336  
                                 i1l1574 03D5                                   i1l1566 0286  
                                 i1l1558 0269                                   i1l1750 001F  
                                 i1l1742 000A                                   i1l1568 028A  
                                 i1l1752 0023                                   i1l1744 000E  
                                 i1l1674 0495                                   i1l1746 0013  
                                 i1l1676 0491                                   i1l1748 0017  
                                 _INLVLA 1E90                                   _INLVLB 1E9A  
                                 _INLVLC 1EA4                                   _OSCFRQ 0293  
                __end_of_I2C1_EVENT_IDLE 049D                  __end_of_I2C1_EVENT_NACK 048B  
                __end_of_I2C1_EVENT_STOP 0460                                   ___lmul 02A4  
                              ??___aldiv 0077                    __end_of_MCP9808_Delay 0336  
                              ??___awdiv 0077                                ?_I2C1_ISR 0070  
                       ___awdiv@quotient 0022          __end_of_I2C1_EVENT_SEND_RD_ADDR 0467  
                      ?_CLOCK_Initialize 0070                       ??_CLOCK_Initialize 0073  
                                 ltemp0a 0080          __end_of_I2C1_EVENT_SEND_WR_ADDR 0491  
                      ??_I2C1_WriteStart 0073                                   ttemp0a 007F  
                           _mcp9808_data 0058  INT_SetInterruptHandler@InterruptHandler 0073  
                                 wtemp0a 007F                        _SYSTEM_Initialize 0431  
                __end_of__initialization 0034                            ??_I2C1_IsBusy 0073  
                     ?_SYSTEM_Initialize 0070                _mcp9808_temperature_centi 004F  
                         __pcstackCOMMON 0070                      ??_SYSTEM_Initialize 0075  
                             ??_I2C1_ISR 0073                    __end_of_I2C1_EVENT_RX 030A  
                  __end_of_I2C1_EVENT_TX 0361                        _I2C1_EventHandler 0269  
              __end_of_SYSTEM_Initialize 043E                               _mcp9808_ok 0057  
                             __pbssBANK0 0041                       ?_I2C1_EventHandler 0070  
                       ?_I2C1_EVENT_IDLE 0070                         ?_I2C1_EVENT_NACK 0070  
                       ?_I2C1_EVENT_STOP 0070                      ??_I2C1_EventHandler 0071  
                             __pmaintext 03B1                                  ?___lmul 0020  
                    __end_of_I2C1_IsBusy 04A0                             _MCP9808_Read 0038  
                             __pintentry 0004                          _I2C1_Initialize 0422  
                         ___lmul@product 0073                    I2C1_WriteRead@address 0020  
                  __end_of_I2C1_ErrorGet 047F                                _I2C1_Read 0000  
                              _I2C1_Host 03EA                __end_of_I2C1_EventHandler 02A4  
                                _OSCCON1 028D                                  _OSCCON3 028F  
                 _I2C1_ErrorEventHandler 03CE                                  _OSCTUNE 0292  
                                _SSP1ADD 078D                                  _SLRCONA 1E8F  
                                _SLRCONB 1E99                                  _SLRCONC 1EA3  
                                _SSP1BUF 078C                 __end_of_I2C1_EVENT_ERROR 0485  
               __end_of_I2C1_EVENT_RESET 0459                                  ___aldiv 0146  
                                ___awdiv 01D2                  _mcp9808_temperature_x16 0051  
                                __ptext1 0431                                  __ptext2 022E  
                                __ptext3 043E                                  __ptext4 046D  
                                __ptext5 0422                                  __ptext6 0449  
                                __ptext7 0038                                  __ptext8 02A4  
                                __ptext9 01D2                         ___aldiv@dividend 002C  
            MCP9808_Read@temperature_x16 003F                 ??_PIN_MANAGER_Initialize 0073  
                _INT_SetInterruptHandler 046D                          _i2c1_eventTable 03FE  
                                clrloop0 0468                     end_of_initialization 0034  
                            _I2C1_IsBusy 049D                  __end_of_I2C1_Initialize 0431  
                       ___aldiv@quotient 0032                          _I2C1_WriteStart 0473  
                      ??_MCP9808_WaitI2C 0073                            _mcp9808_error 0055  
                I2C1_WriteRead@retStatus 0073             __end_of_INTERRUPT_Initialize 0449  
                         _I2C1_ERROR_ISR 0495                           __end_of___lmul 02D8  
                __end_of_i2c1_eventTable 0410                ??_INT_SetInterruptHandler 0075  
           MCP9808_Read@register_address 003C                      start_initialization 002A  
                I2C1_WriteRead@writeData 0022                  _I2C1_EVENT_SEND_RD_ADDR 0460  
                __end_of_I2C1_WriteStart 0479                         ?_I2C1_Initialize 0070  
                _I2C1_EVENT_SEND_WR_ADDR 048B                   __end_of_I2C1_ERROR_ISR 0499  
                               ??___lmul 0073              MCP9808_Read@raw_temperature 003D  
                ?_I2C1_ErrorEventHandler 0070                              __pbssCOMMON 0077  
                              ___latbits 0002                            __pcstackBANK0 0020  
                      ?_I2C1_EVENT_ERROR 0070                        ?_I2C1_EVENT_RESET 0070  
                     ??_I2C1_EVENT_ERROR 0070                       ??_I2C1_EVENT_RESET 0070  
                              __pnvBANK0 005A                   _PIN_MANAGER_Initialize 022E  
                        ?_I2C1_ERROR_ISR 0070                                 ?___aldiv 0028  
                               ?___awdiv 0073                            _MCP9808_Delay 030A  
                               _I2C1_ISR 0491             ??_INTERRUPT_InterruptManager 0073  
         __end_of_I2C1_ErrorEventHandler 03EA            I2C1_EVENT_ERROR@retEventState 0070  
              ??_I2C1_EVENT_SEND_RD_ADDR 0070                     _INTERRUPT_Initialize 043E  
                        ___aldiv@divisor 0028                         _CLOCK_Initialize 0449  
                        ___aldiv@counter 0030                ??_I2C1_EVENT_SEND_WR_ADDR 0070  
                           ?_I2C1_IsBusy 0070                          _MCP9808_WaitI2C 0361  
                  _I2C1_CallbackRegister 0000                                clear_ram0 0467  
                       ?_I2C1_WriteStart 0070                                 _PIE5bits 009B  
                             _I2C1_Close 0410                                 _PIR0bits 008C  
                               _PIR5bits 0091                               _I2C1_Write 0000  
                         _I2C1_WriteRead 0389                                 _SSP1CON1 0790  
                               _SSP1CON2 0791                                 _SSP1CON3 0792  
                         ?_MCP9808_Delay 0070                                 _SSP1STAT 078F  
                 I2C1_WriteRead@readData 0025             I2C1_EVENT_NACK@retEventState 0070  
                          _I2C1_EVENT_RX 02D8                            _I2C1_EVENT_TX 0336  
                      ___lmul@multiplier 0020                    ?_INTERRUPT_Initialize 0070  
                 __end_of_I2C1_WriteRead 03B1                            _I2C1_Callback 0077  
                               ___int_sp 0000                        ??_I2C1_EVENT_IDLE 0070  
                      ??_I2C1_EVENT_NACK 0070                         _mcp9808_finished 0056  
                      ??_I2C1_EVENT_STOP 0070                           ?_I2C1_EVENT_RX 0070  
                         ?_I2C1_EVENT_TX 0070                            _I2C1_ErrorGet 0479  
                               __ptext10 0146                                 __ptext11 0361  
                               __ptext20 0495                                 __ptext12 0389  
                               __ptext21 03CE                                 __ptext13 0473  
                               __ptext30 0336                                 __ptext22 0452  
                               __ptext14 049D                                 __ptext31 0410  
                               __ptext23 0459                                 __ptext15 0479  
                               __ptext24 047F                                 __ptext16 030A  
                               __ptext25 0485                                 __ptext26 02D8  
                               __ptext18 0491                                 __ptext27 048B  
                               __ptext19 0269                                 __ptext28 0460  
                               __ptext29 0499                      _mcp9808_temperature 0053  
                           _SSP1CON1bits 0790                             _SSP1CON2bits 0791  
                __end_of_MCP9808_WaitI2C 0389                              ?_I2C1_Close 0070  
                        ?_I2C1_WriteRead 0020                          ??_MCP9808_Delay 0073  
                          ?_MCP9808_Read 0070                                 int$flags 007E  
     __end_of_INTERRUPT_InterruptManager 0028               _INTERRUPT_InterruptManager 0004  
              I2C1_WriteRead@writeLength 0023                             _SSP1STATbits 078F  
                             _INTCONbits 000B                           ?_I2C1_ErrorGet 0070  
                   _INT_InterruptHandler 005A                   ??_INTERRUPT_Initialize 0075  
             I2C1_EVENT_RX@retEventState 0070            MCP9808_Read@temperature_centi 003A  
                               intlevel1 0000                         ??_I2C1_ERROR_ISR 0073  
                ?_PIN_MANAGER_Initialize 0070                           ??_MCP9808_Read 0036  
               ?_INT_SetInterruptHandler 0073                 __end_of_CLOCK_Initialize 0452  
                          __pstringtext1 03EA                            __pstringtext2 03FE  
                     MCP9808_Delay@delay 0073                          ??_I2C1_EVENT_RX 0070  
                        ??_I2C1_EVENT_TX 0070                               _SSP1DATPPS 1E48  
                             _SSP1CLKPPS 1E47                             ___aldiv@sign 0031  
                       ?_MCP9808_WaitI2C 0070           __end_of_PIN_MANAGER_Initialize 0269  
             I2C1_EVENT_TX@retEventState 0070  
