

Microchip MPLAB XC8 Assembler V3.10 build 20250813170317 
                                                                                               Tue Aug 25 22:41:08 2026

Microchip MPLAB XC8 C Compiler v3.10 (Free license) build 20250813170317 Og1 
     1                           	processor	16F13145
     2                           	pagewidth 120
     3                           	opt	flic
     4                           	psect	stringtext1,global,class=STRCODE,space=0,delta=2,noexec
     5                           	psect	stringtext2,global,class=STRCODE,space=0,delta=2,noexec
     6                           	psect	nvBANK0,global,class=BANK0,space=1,delta=1,noexec
     7                           	psect	cinit,global,class=CODE,space=0,merge=1,delta=2
     8                           	psect	bssCOMMON,global,class=COMMON,space=1,delta=1,noexec
     9                           	psect	bssBANK0,global,class=BANK0,space=1,delta=1,noexec
    10                           	psect	clrtext,global,class=CODE,space=0,delta=2
    11                           	psect	cstackCOMMON,global,class=COMMON,space=1,delta=1,noexec
    12                           	psect	cstackBANK0,global,class=BANK0,space=1,delta=1,noexec
    13                           	psect	maintext,global,class=CODE,space=0,merge=1,split=1,delta=2
    14                           	psect	text1,local,class=CODE,space=0,merge=1,delta=2
    15                           	psect	text2,local,class=CODE,space=0,merge=1,delta=2,group=1
    16                           	psect	text3,local,class=CODE,space=0,merge=1,delta=2,group=1
    17                           	psect	text4,local,class=CODE,space=0,merge=1,delta=2
    18                           	psect	text5,local,class=CODE,space=0,merge=1,delta=2
    19                           	psect	text6,local,class=CODE,space=0,merge=1,delta=2
    20                           	psect	text7,local,class=CODE,space=0,merge=1,delta=2
    21                           	psect	text8,local,class=CODE,space=0,merge=1,delta=2
    22                           	psect	text9,local,class=CODE,space=0,merge=1,delta=2
    23                           	psect	text10,local,class=CODE,space=0,merge=1,delta=2
    24                           	psect	text11,local,class=CODE,space=0,merge=1,delta=2
    25                           	psect	text12,local,class=CODE,space=0,merge=1,delta=2
    26                           	psect	text13,local,class=CODE,space=0,merge=1,delta=2
    27                           	psect	text14,local,class=CODE,space=0,merge=1,delta=2
    28                           	psect	text15,local,class=CODE,space=0,merge=1,delta=2
    29                           	psect	text16,local,class=CODE,space=0,merge=1,delta=2
    30                           	psect	text17,local,class=CODE,space=0,merge=1,delta=2
    31                           	psect	text18,local,class=CODE,space=0,merge=1,delta=2
    32                           	psect	text19,local,class=CODE,space=0,merge=1,delta=2
    33                           	psect	text20,local,class=CODE,space=0,merge=1,delta=2
    34                           	psect	text21,local,class=CODE,space=0,merge=1,delta=2
    35                           	psect	text22,local,class=CODE,space=0,merge=1,delta=2,group=1
    36                           	psect	text23,local,class=CODE,space=0,merge=1,delta=2,group=1
    37                           	psect	text24,local,class=CODE,space=0,merge=1,delta=2,group=1
    38                           	psect	text25,local,class=CODE,space=0,merge=1,delta=2,group=1
    39                           	psect	text26,local,class=CODE,space=0,merge=1,delta=2
    40                           	psect	intentry,global,class=CODE,space=0,delta=2
    41                           	psect	text28,local,class=CODE,space=0,merge=1,delta=2
    42                           	psect	text29,local,class=CODE,space=0,merge=1,delta=2
    43                           	psect	text30,local,class=CODE,space=0,merge=1,delta=2
    44                           	psect	text31,local,class=CODE,space=0,merge=1,delta=2
    45                           	psect	text32,local,class=CODE,space=0,merge=1,delta=2
    46                           	psect	text33,local,class=CODE,space=0,merge=1,delta=2
    47                           	psect	text34,local,class=CODE,space=0,merge=1,delta=2
    48                           	psect	text35,local,class=CODE,space=0,merge=1,delta=2
    49                           	psect	text36,local,class=CODE,space=0,merge=1,delta=2
    50                           	psect	text37,local,class=CODE,space=0,merge=1,delta=2
    51                           	psect	text38,local,class=CODE,space=0,merge=1,delta=2
    52                           	psect	text39,local,class=CODE,space=0,merge=1,delta=2
    53                           	psect	text40,local,class=CODE,space=0,merge=1,delta=2
    54                           	psect	text41,local,class=CODE,space=0,merge=1,delta=2
    55                           	psect	config,global,abs,ovrld,class=CONFIG,space=4,delta=2,noexec
    56                           	dabs	1,0x7E,2
    57     0000                     
    58                           ; Generated 23/04/2026 GMT
    59                           ; 
    60                           ; Copyright (c) 2026 Microchip Technology Inc. and its subsidiaries.
    61                           ; 
    62                           ; Licensed under the Apache License, Version 2.0 (the "License");
    63                           ; you may not use this file except in compliance with the License.
    64                           ; You may obtain a copy of the License at
    65                           ; 
    66                           ;   http://www.apache.org/licenses/LICENSE-2.0
    67                           ; 
    68                           ; Unless required by applicable law or agreed to in writing, software
    69                           ; distributed under the License is distributed on an "AS IS" BASIS,
    70                           ; WITHOUT WARRANTIES OR CONDITIONS OF ANY KIND, either express or implied.
    71                           ; See the License for the specific language governing permissions and
    72                           ; limitations under the License.
    73                           ; 
    74                           ; 
    75                           ; Code-generator required, PIC16F13145 Definitions
    76                           ; 
    77                           ; SFR Addresses
    78     0008                     bsr             equ	8
    79     0005                     fsr0h           equ	5
    80     0004                     fsr0l           equ	4
    81     0007                     fsr1h           equ	7
    82     0006                     fsr1l           equ	6
    83     0000                     indf            equ	0
    84     0000                     indf0           equ	0
    85     0001                     indf1           equ	1
    86     000B                     intcon          equ	11
    87     0002                     pc              equ	2
    88     0002                     pcl             equ	2
    89     000A                     pclath          equ	10
    90     0003                     status          equ	3
    91     0009                     wreg            equ	9
    92     0000                     INDF0           equ	0	;# 
    93     0001                     INDF1           equ	1	;# 
    94     0002                     PCL             equ	2	;# 
    95     0003                     STATUS          equ	3	;# 
    96     0004                     FSR0L           equ	4	;# 
    97     0005                     FSR0H           equ	5	;# 
    98     0006                     FSR1L           equ	6	;# 
    99     0007                     FSR1H           equ	7	;# 
   100     0008                     BSR             equ	8	;# 
   101     0009                     WREG            equ	9	;# 
   102     000A                     PCLATH          equ	10	;# 
   103     000B                     INTCON          equ	11	;# 
   104     000C                     PORTA           equ	12	;# 
   105     000D                     PORTB           equ	13	;# 
   106     000E                     PORTC           equ	14	;# 
   107     0012                     TRISA           equ	18	;# 
   108     0013                     TRISB           equ	19	;# 
   109     0014                     TRISC           equ	20	;# 
   110     0018                     LATA            equ	24	;# 
   111     0019                     LATB            equ	25	;# 
   112     001A                     LATC            equ	26	;# 
   113     008C                     PIR0            equ	140	;# 
   114     008D                     PIR1            equ	141	;# 
   115     008E                     PIR2            equ	142	;# 
   116     008F                     PIR3            equ	143	;# 
   117     0090                     PIR4            equ	144	;# 
   118     0091                     PIR5            equ	145	;# 
   119     0092                     PIR6            equ	146	;# 
   120     0093                     PIR7            equ	147	;# 
   121     0096                     PIE0            equ	150	;# 
   122     0097                     PIE1            equ	151	;# 
   123     0098                     PIE2            equ	152	;# 
   124     0099                     PIE3            equ	153	;# 
   125     009A                     PIE4            equ	154	;# 
   126     009B                     PIE5            equ	155	;# 
   127     009C                     PIE6            equ	156	;# 
   128     009D                     PIE7            equ	157	;# 
   129     010C                     PMD0            equ	268	;# 
   130     010D                     PMD1            equ	269	;# 
   131     010E                     PMD2            equ	270	;# 
   132     010F                     PMD3            equ	271	;# 
   133     0110                     PMD4            equ	272	;# 
   134     0111                     PMD5            equ	273	;# 
   135     018C                     WDTCON0         equ	396	;# 
   136     018D                     WDTCON1         equ	397	;# 
   137     018E                     WDTPS           equ	398	;# 
   138     018E                     WDTPSL          equ	398	;# 
   139     018F                     WDTPSH          equ	399	;# 
   140     0190                     WDTTMR          equ	400	;# 
   141     0191                     BORCON          equ	401	;# 
   142     0192                     PCON0           equ	402	;# 
   143     0193                     PCON1           equ	403	;# 
   144     019C                     TMR0L           equ	412	;# 
   145     019C                     TMR0            equ	412	;# 
   146     019D                     TMR0H           equ	413	;# 
   147     019D                     PR0             equ	413	;# 
   148     019E                     T0CON0          equ	414	;# 
   149     019F                     T0CON1          equ	415	;# 
   150     020C                     FVRCON          equ	524	;# 
   151     020D                     CPCON           equ	525	;# 
   152     028C                     CPUDOZE         equ	652	;# 
   153     028D                     OSCCON1         equ	653	;# 
   154     028E                     OSCCON2         equ	654	;# 
   155     028F                     OSCCON3         equ	655	;# 
   156     0290                     OSCSTAT         equ	656	;# 
   157     0291                     OSCEN           equ	657	;# 
   158     0292                     OSCTUNE         equ	658	;# 
   159     0293                     OSCFRQ          equ	659	;# 
   160     030C                     TMR1            equ	780	;# 
   161     030C                     TMR1L           equ	780	;# 
   162     030D                     TMR1H           equ	781	;# 
   163     030E                     T1CON           equ	782	;# 
   164     030F                     T1GCON          equ	783	;# 
   165     030F                     PR1             equ	783	;# 
   166     0310                     T1GATE          equ	784	;# 
   167     0310                     TMR1GATE        equ	784	;# 
   168     0311                     T1CLK           equ	785	;# 
   169     0311                     TMR1CLK         equ	785	;# 
   170     038C                     T2TMR           equ	908	;# 
   171     038C                     TMR2            equ	908	;# 
   172     038D                     T2PR            equ	909	;# 
   173     038D                     PR2             equ	909	;# 
   174     038E                     T2CON           equ	910	;# 
   175     038F                     T2HLT           equ	911	;# 
   176     0390                     T2CLKCON        equ	912	;# 
   177     0390                     T2CLK           equ	912	;# 
   178     0391                     T2RST           equ	913	;# 
   179     040C                     CCPR1           equ	1036	;# 
   180     040C                     CCPR1L          equ	1036	;# 
   181     040D                     CCPR1H          equ	1037	;# 
   182     040E                     CCP1CON         equ	1038	;# 
   183     040F                     CCP1CAP         equ	1039	;# 
   184     0410                     CCPR2           equ	1040	;# 
   185     0410                     CCPR2L          equ	1040	;# 
   186     0411                     CCPR2H          equ	1041	;# 
   187     0412                     CCP2CON         equ	1042	;# 
   188     0413                     CCP2CAP         equ	1043	;# 
   189     041F                     CCPTMRS0        equ	1055	;# 
   190     050C                     CLBCON          equ	1292	;# 
   191     050D                     CLBSWINU        equ	1293	;# 
   192     050E                     CLBSWINH        equ	1294	;# 
   193     050F                     CLBSWINM        equ	1295	;# 
   194     0510                     CLBSWINL        equ	1296	;# 
   195     0515                     CLBCLK          equ	1301	;# 
   196     0516                     CLBPPSCON4      equ	1302	;# 
   197     0517                     CLBPPSCON3      equ	1303	;# 
   198     0518                     CLBPPSCON2      equ	1304	;# 
   199     0519                     CLBPPSCON1      equ	1305	;# 
   200     068C                     CLCnCON         equ	1676	;# 
   201     068D                     CLCnPOL         equ	1677	;# 
   202     068E                     CLCnSEL0        equ	1678	;# 
   203     068F                     CLCnSEL1        equ	1679	;# 
   204     0690                     CLCnSEL2        equ	1680	;# 
   205     0691                     CLCnSEL3        equ	1681	;# 
   206     0692                     CLCnGLS0        equ	1682	;# 
   207     0693                     CLCnGLS1        equ	1683	;# 
   208     0694                     CLCnGLS2        equ	1684	;# 
   209     0695                     CLCnGLS3        equ	1685	;# 
   210     0696                     CLCSELECT       equ	1686	;# 
   211     0697                     CLCDATA         equ	1687	;# 
   212     070C                     RC1REG          equ	1804	;# 
   213     070D                     TX1REG          equ	1805	;# 
   214     070E                     SP1BRG          equ	1806	;# 
   215     070E                     SP1BRGL         equ	1806	;# 
   216     070F                     SP1BRGH         equ	1807	;# 
   217     0710                     RC1STA          equ	1808	;# 
   218     0711                     TX1STA          equ	1809	;# 
   219     0712                     BAUD1CON        equ	1810	;# 
   220     078C                     SSP1BUF         equ	1932	;# 
   221     078D                     SSP1ADD         equ	1933	;# 
   222     078E                     SSP1MSK         equ	1934	;# 
   223     078F                     SSP1STAT        equ	1935	;# 
   224     0790                     SSP1CON1        equ	1936	;# 
   225     0791                     SSP1CON2        equ	1937	;# 
   226     0792                     SSP1CON3        equ	1938	;# 
   227     080C                     CM1CON0         equ	2060	;# 
   228     080D                     CM1CON1         equ	2061	;# 
   229     080E                     CM1NCH          equ	2062	;# 
   230     080F                     CM1PCH          equ	2063	;# 
   231     0810                     CM2CON0         equ	2064	;# 
   232     0811                     CM2CON1         equ	2065	;# 
   233     0812                     CM2NCH          equ	2066	;# 
   234     0813                     CM2PCH          equ	2067	;# 
   235     081F                     CMOUT           equ	2079	;# 
   236     0820                     PWM1DC          equ	2080	;# 
   237     0820                     PWM1DCL         equ	2080	;# 
   238     0821                     PWM1DCH         equ	2081	;# 
   239     0822                     PWM1CON         equ	2082	;# 
   240     0823                     PWM2DC          equ	2083	;# 
   241     0823                     PWM2DCL         equ	2083	;# 
   242     0824                     PWM2DCH         equ	2084	;# 
   243     0825                     PWM2CON         equ	2085	;# 
   244     082F                     PWMTMRS0        equ	2095	;# 
   245     088C                     DAC1CON         equ	2188	;# 
   246     088D                     DAC1DATL        equ	2189	;# 
   247     1C8C                     NVMADR          equ	7308	;# 
   248     1C8C                     NVMADRL         equ	7308	;# 
   249     1C8D                     NVMADRH         equ	7309	;# 
   250     1C8E                     NVMDAT          equ	7310	;# 
   251     1C8E                     NVMDATL         equ	7310	;# 
   252     1C8F                     NVMDATH         equ	7311	;# 
   253     1C90                     NVMCON1         equ	7312	;# 
   254     1C91                     NVMCON2         equ	7313	;# 
   255     1C92                     SCANCON0        equ	7314	;# 
   256     1C93                     SCANLADR        equ	7315	;# 
   257     1C93                     SCANLADRL       equ	7315	;# 
   258     1C94                     SCANLADRH       equ	7316	;# 
   259     1C96                     SCANHADR        equ	7318	;# 
   260     1C96                     SCANHADRL       equ	7318	;# 
   261     1C97                     SCANHADRH       equ	7319	;# 
   262     1C99                     SCANDPS         equ	7321	;# 
   263     1C9A                     SCANTRIG        equ	7322	;# 
   264     1C9D                     CRCDATA         equ	7325	;# 
   265     1C9D                     CRCDATAL        equ	7325	;# 
   266     1C9E                     CRCDATAH        equ	7326	;# 
   267     1C9F                     CRCDATAU        equ	7327	;# 
   268     1CA0                     CRCDATAT        equ	7328	;# 
   269     1CA1                     CRCOUT          equ	7329	;# 
   270     1CA1                     CRCSHFT         equ	7329	;# 
   271     1CA1                     CRCXOR          equ	7329	;# 
   272     1CA1                     CRCOUTL         equ	7329	;# 
   273     1CA1                     CRCSHFTL        equ	7329	;# 
   274     1CA1                     CRCSHIFTL       equ	7329	;# 
   275     1CA1                     CRCXORL         equ	7329	;# 
   276     1CA2                     CRCOUTH         equ	7330	;# 
   277     1CA2                     CRCSHFTH        equ	7330	;# 
   278     1CA2                     CRCSHIFTH       equ	7330	;# 
   279     1CA2                     CRCXORH         equ	7330	;# 
   280     1CA3                     CRCOUTU         equ	7331	;# 
   281     1CA3                     CRCSHFTU        equ	7331	;# 
   282     1CA3                     CRCSHIFTU       equ	7331	;# 
   283     1CA3                     CRCXORU         equ	7331	;# 
   284     1CA4                     CRCOUTT         equ	7332	;# 
   285     1CA4                     CRCSHFTT        equ	7332	;# 
   286     1CA4                     CRCSHIFTT       equ	7332	;# 
   287     1CA4                     CRCXORT         equ	7332	;# 
   288     1CA5                     CRCCON0         equ	7333	;# 
   289     1CA6                     CRCCON1         equ	7334	;# 
   290     1CA7                     CRCCON2         equ	7335	;# 
   291     1D0C                     ADLTH           equ	7436	;# 
   292     1D0C                     ADLTHL          equ	7436	;# 
   293     1D0D                     ADLTHH          equ	7437	;# 
   294     1D0E                     ADUTH           equ	7438	;# 
   295     1D0E                     ADUTHL          equ	7438	;# 
   296     1D0F                     ADUTHH          equ	7439	;# 
   297     1D10                     ADERR           equ	7440	;# 
   298     1D10                     ADERRL          equ	7440	;# 
   299     1D11                     ADERRH          equ	7441	;# 
   300     1D12                     ADSTPT          equ	7442	;# 
   301     1D12                     ADSTPTL         equ	7442	;# 
   302     1D13                     ADSTPTH         equ	7443	;# 
   303     1D14                     ADFLTR          equ	7444	;# 
   304     1D14                     ADFLTRL         equ	7444	;# 
   305     1D15                     ADFLTRH         equ	7445	;# 
   306     1D16                     ADACC           equ	7446	;# 
   307     1D16                     ADACCL          equ	7446	;# 
   308     1D17                     ADACCH          equ	7447	;# 
   309     1D18                     ADACCU          equ	7448	;# 
   310     1D19                     ADCNT           equ	7449	;# 
   311     1D1A                     ADRPT           equ	7450	;# 
   312     1D1B                     ADPREV          equ	7451	;# 
   313     1D1B                     ADPREVL         equ	7451	;# 
   314     1D1C                     ADPREVH         equ	7452	;# 
   315     1D1D                     ADRES           equ	7453	;# 
   316     1D1D                     ADRESL          equ	7453	;# 
   317     1D1E                     ADRESH          equ	7454	;# 
   318     1D1F                     ADPCH           equ	7455	;# 
   319     1D21                     ADACQ           equ	7457	;# 
   320     1D21                     ADACQL          equ	7457	;# 
   321     1D22                     ADACQH          equ	7458	;# 
   322     1D23                     ADCAP           equ	7459	;# 
   323     1D24                     ADPRE           equ	7460	;# 
   324     1D24                     ADPREL          equ	7460	;# 
   325     1D25                     ADPREH          equ	7461	;# 
   326     1D26                     ADCON0          equ	7462	;# 
   327     1D27                     ADCON1          equ	7463	;# 
   328     1D28                     ADCON2          equ	7464	;# 
   329     1D29                     ADCON3          equ	7465	;# 
   330     1D2A                     ADSTAT          equ	7466	;# 
   331     1D2B                     ADREF           equ	7467	;# 
   332     1D2C                     ADACT           equ	7468	;# 
   333     1D2D                     ADCLK           equ	7469	;# 
   334     1D2E                     ADCG1A          equ	7470	;# 
   335     1D2F                     ADCG1B          equ	7471	;# 
   336     1D30                     ADCG1C          equ	7472	;# 
   337     1D8C                     RA0PPS          equ	7564	;# 
   338     1D8D                     RA1PPS          equ	7565	;# 
   339     1D8E                     RA2PPS          equ	7566	;# 
   340     1D90                     RA4PPS          equ	7568	;# 
   341     1D91                     RA5PPS          equ	7569	;# 
   342     1D98                     RB4PPS          equ	7576	;# 
   343     1D99                     RB5PPS          equ	7577	;# 
   344     1D9A                     RB6PPS          equ	7578	;# 
   345     1D9B                     RB7PPS          equ	7579	;# 
   346     1D9C                     RC0PPS          equ	7580	;# 
   347     1D9D                     RC1PPS          equ	7581	;# 
   348     1D9E                     RC2PPS          equ	7582	;# 
   349     1D9F                     RC3PPS          equ	7583	;# 
   350     1DA0                     RC4PPS          equ	7584	;# 
   351     1DA1                     RC5PPS          equ	7585	;# 
   352     1DA2                     RC6PPS          equ	7586	;# 
   353     1DA3                     RC7PPS          equ	7587	;# 
   354     1E0C                     PPSLOCK         equ	7692	;# 
   355     1E0D                     INTPPS          equ	7693	;# 
   356     1E0E                     T0CKIPPS        equ	7694	;# 
   357     1E0F                     T1CKIPPS        equ	7695	;# 
   358     1E10                     T1GPPS          equ	7696	;# 
   359     1E19                     T2INPPS         equ	7705	;# 
   360     1E1E                     CCP1PPS         equ	7710	;# 
   361     1E1F                     CCP2PPS         equ	7711	;# 
   362     1E3D                     CLCIN0PPS       equ	7741	;# 
   363     1E3E                     CLCIN1PPS       equ	7742	;# 
   364     1E3F                     CLCIN2PPS       equ	7743	;# 
   365     1E40                     CLCIN3PPS       equ	7744	;# 
   366     1E41                     CK1PPS          equ	7745	;# 
   367     1E41                     RX1DTPPS        equ	7745	;# 
   368     1E42                     RX1PPS          equ	7746	;# 
   369     1E42                     TX1CKPPS        equ	7746	;# 
   370     1E47                     SSP1CLKPPS      equ	7751	;# 
   371     1E48                     SSP1DATPPS      equ	7752	;# 
   372     1E49                     SSP1SSPPS       equ	7753	;# 
   373     1E50                     ADACTPPS        equ	7760	;# 
   374     1E57                     CLBIN0PPS       equ	7767	;# 
   375     1E58                     CLBIN1PPS       equ	7768	;# 
   376     1E59                     CLBIN2PPS       equ	7769	;# 
   377     1E5A                     CLBIN3PPS       equ	7770	;# 
   378     1E8C                     ANSELA          equ	7820	;# 
   379     1E8D                     WPUA            equ	7821	;# 
   380     1E8E                     ODCONA          equ	7822	;# 
   381     1E8F                     SLRCONA         equ	7823	;# 
   382     1E90                     INLVLA          equ	7824	;# 
   383     1E91                     IOCAP           equ	7825	;# 
   384     1E92                     IOCAN           equ	7826	;# 
   385     1E93                     IOCAF           equ	7827	;# 
   386     1E96                     ANSELB          equ	7830	;# 
   387     1E97                     WPUB            equ	7831	;# 
   388     1E98                     ODCONB          equ	7832	;# 
   389     1E99                     SLRCONB         equ	7833	;# 
   390     1E9A                     INLVLB          equ	7834	;# 
   391     1E9B                     IOCBP           equ	7835	;# 
   392     1E9C                     IOCBN           equ	7836	;# 
   393     1E9D                     IOCBF           equ	7837	;# 
   394     1EA0                     ANSELC          equ	7840	;# 
   395     1EA1                     WPUC            equ	7841	;# 
   396     1EA2                     ODCONC          equ	7842	;# 
   397     1EA3                     SLRCONC         equ	7843	;# 
   398     1EA4                     INLVLC          equ	7844	;# 
   399     1EA5                     IOCCP           equ	7845	;# 
   400     1EA6                     IOCCN           equ	7846	;# 
   401     1EA7                     IOCCF           equ	7847	;# 
   402     1EE5                     RB4I2C          equ	7909	;# 
   403     1EE7                     RB6I2C          equ	7911	;# 
   404     1F0C                     UMTOAP          equ	7948	;# 
   405     1F0D                     UMTOAL          equ	7949	;# 
   406     1F0E                     UMTOAH          equ	7950	;# 
   407     1FE4                     STATUS_SHAD     equ	8164	;# 
   408     1FE5                     WREG_SHAD       equ	8165	;# 
   409     1FE6                     BSR_SHAD        equ	8166	;# 
   410     1FE7                     PCLATH_SHAD     equ	8167	;# 
   411     1FE8                     FSR0_SHAD       equ	8168	;# 
   412     1FE8                     FSR0L_SHAD      equ	8168	;# 
   413     1FE9                     FSR0H_SHAD      equ	8169	;# 
   414     1FEA                     FSR1_SHAD       equ	8170	;# 
   415     1FEA                     FSR1L_SHAD      equ	8170	;# 
   416     1FEB                     FSR1H_SHAD      equ	8171	;# 
   417     1FED                     STKPTR          equ	8173	;# 
   418     1FEE                     TOSL            equ	8174	;# 
   419     1FEF                     TOSH            equ	8175	;# 
   420     0000                     INDF0           equ	0	;# 
   421     0001                     INDF1           equ	1	;# 
   422     0002                     PCL             equ	2	;# 
   423     0003                     STATUS          equ	3	;# 
   424     0004                     FSR0L           equ	4	;# 
   425     0005                     FSR0H           equ	5	;# 
   426     0006                     FSR1L           equ	6	;# 
   427     0007                     FSR1H           equ	7	;# 
   428     0008                     BSR             equ	8	;# 
   429     0009                     WREG            equ	9	;# 
   430     000A                     PCLATH          equ	10	;# 
   431     000B                     INTCON          equ	11	;# 
   432     000C                     PORTA           equ	12	;# 
   433     000D                     PORTB           equ	13	;# 
   434     000E                     PORTC           equ	14	;# 
   435     0012                     TRISA           equ	18	;# 
   436     0013                     TRISB           equ	19	;# 
   437     0014                     TRISC           equ	20	;# 
   438     0018                     LATA            equ	24	;# 
   439     0019                     LATB            equ	25	;# 
   440     001A                     LATC            equ	26	;# 
   441     008C                     PIR0            equ	140	;# 
   442     008D                     PIR1            equ	141	;# 
   443     008E                     PIR2            equ	142	;# 
   444     008F                     PIR3            equ	143	;# 
   445     0090                     PIR4            equ	144	;# 
   446     0091                     PIR5            equ	145	;# 
   447     0092                     PIR6            equ	146	;# 
   448     0093                     PIR7            equ	147	;# 
   449     0096                     PIE0            equ	150	;# 
   450     0097                     PIE1            equ	151	;# 
   451     0098                     PIE2            equ	152	;# 
   452     0099                     PIE3            equ	153	;# 
   453     009A                     PIE4            equ	154	;# 
   454     009B                     PIE5            equ	155	;# 
   455     009C                     PIE6            equ	156	;# 
   456     009D                     PIE7            equ	157	;# 
   457     010C                     PMD0            equ	268	;# 
   458     010D                     PMD1            equ	269	;# 
   459     010E                     PMD2            equ	270	;# 
   460     010F                     PMD3            equ	271	;# 
   461     0110                     PMD4            equ	272	;# 
   462     0111                     PMD5            equ	273	;# 
   463     018C                     WDTCON0         equ	396	;# 
   464     018D                     WDTCON1         equ	397	;# 
   465     018E                     WDTPS           equ	398	;# 
   466     018E                     WDTPSL          equ	398	;# 
   467     018F                     WDTPSH          equ	399	;# 
   468     0190                     WDTTMR          equ	400	;# 
   469     0191                     BORCON          equ	401	;# 
   470     0192                     PCON0           equ	402	;# 
   471     0193                     PCON1           equ	403	;# 
   472     019C                     TMR0L           equ	412	;# 
   473     019C                     TMR0            equ	412	;# 
   474     019D                     TMR0H           equ	413	;# 
   475     019D                     PR0             equ	413	;# 
   476     019E                     T0CON0          equ	414	;# 
   477     019F                     T0CON1          equ	415	;# 
   478     020C                     FVRCON          equ	524	;# 
   479     020D                     CPCON           equ	525	;# 
   480     028C                     CPUDOZE         equ	652	;# 
   481     028D                     OSCCON1         equ	653	;# 
   482     028E                     OSCCON2         equ	654	;# 
   483     028F                     OSCCON3         equ	655	;# 
   484     0290                     OSCSTAT         equ	656	;# 
   485     0291                     OSCEN           equ	657	;# 
   486     0292                     OSCTUNE         equ	658	;# 
   487     0293                     OSCFRQ          equ	659	;# 
   488     030C                     TMR1            equ	780	;# 
   489     030C                     TMR1L           equ	780	;# 
   490     030D                     TMR1H           equ	781	;# 
   491     030E                     T1CON           equ	782	;# 
   492     030F                     T1GCON          equ	783	;# 
   493     030F                     PR1             equ	783	;# 
   494     0310                     T1GATE          equ	784	;# 
   495     0310                     TMR1GATE        equ	784	;# 
   496     0311                     T1CLK           equ	785	;# 
   497     0311                     TMR1CLK         equ	785	;# 
   498     038C                     T2TMR           equ	908	;# 
   499     038C                     TMR2            equ	908	;# 
   500     038D                     T2PR            equ	909	;# 
   501     038D                     PR2             equ	909	;# 
   502     038E                     T2CON           equ	910	;# 
   503     038F                     T2HLT           equ	911	;# 
   504     0390                     T2CLKCON        equ	912	;# 
   505     0390                     T2CLK           equ	912	;# 
   506     0391                     T2RST           equ	913	;# 
   507     040C                     CCPR1           equ	1036	;# 
   508     040C                     CCPR1L          equ	1036	;# 
   509     040D                     CCPR1H          equ	1037	;# 
   510     040E                     CCP1CON         equ	1038	;# 
   511     040F                     CCP1CAP         equ	1039	;# 
   512     0410                     CCPR2           equ	1040	;# 
   513     0410                     CCPR2L          equ	1040	;# 
   514     0411                     CCPR2H          equ	1041	;# 
   515     0412                     CCP2CON         equ	1042	;# 
   516     0413                     CCP2CAP         equ	1043	;# 
   517     041F                     CCPTMRS0        equ	1055	;# 
   518     050C                     CLBCON          equ	1292	;# 
   519     050D                     CLBSWINU        equ	1293	;# 
   520     050E                     CLBSWINH        equ	1294	;# 
   521     050F                     CLBSWINM        equ	1295	;# 
   522     0510                     CLBSWINL        equ	1296	;# 
   523     0515                     CLBCLK          equ	1301	;# 
   524     0516                     CLBPPSCON4      equ	1302	;# 
   525     0517                     CLBPPSCON3      equ	1303	;# 
   526     0518                     CLBPPSCON2      equ	1304	;# 
   527     0519                     CLBPPSCON1      equ	1305	;# 
   528     068C                     CLCnCON         equ	1676	;# 
   529     068D                     CLCnPOL         equ	1677	;# 
   530     068E                     CLCnSEL0        equ	1678	;# 
   531     068F                     CLCnSEL1        equ	1679	;# 
   532     0690                     CLCnSEL2        equ	1680	;# 
   533     0691                     CLCnSEL3        equ	1681	;# 
   534     0692                     CLCnGLS0        equ	1682	;# 
   535     0693                     CLCnGLS1        equ	1683	;# 
   536     0694                     CLCnGLS2        equ	1684	;# 
   537     0695                     CLCnGLS3        equ	1685	;# 
   538     0696                     CLCSELECT       equ	1686	;# 
   539     0697                     CLCDATA         equ	1687	;# 
   540     070C                     RC1REG          equ	1804	;# 
   541     070D                     TX1REG          equ	1805	;# 
   542     070E                     SP1BRG          equ	1806	;# 
   543     070E                     SP1BRGL         equ	1806	;# 
   544     070F                     SP1BRGH         equ	1807	;# 
   545     0710                     RC1STA          equ	1808	;# 
   546     0711                     TX1STA          equ	1809	;# 
   547     0712                     BAUD1CON        equ	1810	;# 
   548     078C                     SSP1BUF         equ	1932	;# 
   549     078D                     SSP1ADD         equ	1933	;# 
   550     078E                     SSP1MSK         equ	1934	;# 
   551     078F                     SSP1STAT        equ	1935	;# 
   552     0790                     SSP1CON1        equ	1936	;# 
   553     0791                     SSP1CON2        equ	1937	;# 
   554     0792                     SSP1CON3        equ	1938	;# 
   555     080C                     CM1CON0         equ	2060	;# 
   556     080D                     CM1CON1         equ	2061	;# 
   557     080E                     CM1NCH          equ	2062	;# 
   558     080F                     CM1PCH          equ	2063	;# 
   559     0810                     CM2CON0         equ	2064	;# 
   560     0811                     CM2CON1         equ	2065	;# 
   561     0812                     CM2NCH          equ	2066	;# 
   562     0813                     CM2PCH          equ	2067	;# 
   563     081F                     CMOUT           equ	2079	;# 
   564     0820                     PWM1DC          equ	2080	;# 
   565     0820                     PWM1DCL         equ	2080	;# 
   566     0821                     PWM1DCH         equ	2081	;# 
   567     0822                     PWM1CON         equ	2082	;# 
   568     0823                     PWM2DC          equ	2083	;# 
   569     0823                     PWM2DCL         equ	2083	;# 
   570     0824                     PWM2DCH         equ	2084	;# 
   571     0825                     PWM2CON         equ	2085	;# 
   572     082F                     PWMTMRS0        equ	2095	;# 
   573     088C                     DAC1CON         equ	2188	;# 
   574     088D                     DAC1DATL        equ	2189	;# 
   575     1C8C                     NVMADR          equ	7308	;# 
   576     1C8C                     NVMADRL         equ	7308	;# 
   577     1C8D                     NVMADRH         equ	7309	;# 
   578     1C8E                     NVMDAT          equ	7310	;# 
   579     1C8E                     NVMDATL         equ	7310	;# 
   580     1C8F                     NVMDATH         equ	7311	;# 
   581     1C90                     NVMCON1         equ	7312	;# 
   582     1C91                     NVMCON2         equ	7313	;# 
   583     1C92                     SCANCON0        equ	7314	;# 
   584     1C93                     SCANLADR        equ	7315	;# 
   585     1C93                     SCANLADRL       equ	7315	;# 
   586     1C94                     SCANLADRH       equ	7316	;# 
   587     1C96                     SCANHADR        equ	7318	;# 
   588     1C96                     SCANHADRL       equ	7318	;# 
   589     1C97                     SCANHADRH       equ	7319	;# 
   590     1C99                     SCANDPS         equ	7321	;# 
   591     1C9A                     SCANTRIG        equ	7322	;# 
   592     1C9D                     CRCDATA         equ	7325	;# 
   593     1C9D                     CRCDATAL        equ	7325	;# 
   594     1C9E                     CRCDATAH        equ	7326	;# 
   595     1C9F                     CRCDATAU        equ	7327	;# 
   596     1CA0                     CRCDATAT        equ	7328	;# 
   597     1CA1                     CRCOUT          equ	7329	;# 
   598     1CA1                     CRCSHFT         equ	7329	;# 
   599     1CA1                     CRCXOR          equ	7329	;# 
   600     1CA1                     CRCOUTL         equ	7329	;# 
   601     1CA1                     CRCSHFTL        equ	7329	;# 
   602     1CA1                     CRCSHIFTL       equ	7329	;# 
   603     1CA1                     CRCXORL         equ	7329	;# 
   604     1CA2                     CRCOUTH         equ	7330	;# 
   605     1CA2                     CRCSHFTH        equ	7330	;# 
   606     1CA2                     CRCSHIFTH       equ	7330	;# 
   607     1CA2                     CRCXORH         equ	7330	;# 
   608     1CA3                     CRCOUTU         equ	7331	;# 
   609     1CA3                     CRCSHFTU        equ	7331	;# 
   610     1CA3                     CRCSHIFTU       equ	7331	;# 
   611     1CA3                     CRCXORU         equ	7331	;# 
   612     1CA4                     CRCOUTT         equ	7332	;# 
   613     1CA4                     CRCSHFTT        equ	7332	;# 
   614     1CA4                     CRCSHIFTT       equ	7332	;# 
   615     1CA4                     CRCXORT         equ	7332	;# 
   616     1CA5                     CRCCON0         equ	7333	;# 
   617     1CA6                     CRCCON1         equ	7334	;# 
   618     1CA7                     CRCCON2         equ	7335	;# 
   619     1D0C                     ADLTH           equ	7436	;# 
   620     1D0C                     ADLTHL          equ	7436	;# 
   621     1D0D                     ADLTHH          equ	7437	;# 
   622     1D0E                     ADUTH           equ	7438	;# 
   623     1D0E                     ADUTHL          equ	7438	;# 
   624     1D0F                     ADUTHH          equ	7439	;# 
   625     1D10                     ADERR           equ	7440	;# 
   626     1D10                     ADERRL          equ	7440	;# 
   627     1D11                     ADERRH          equ	7441	;# 
   628     1D12                     ADSTPT          equ	7442	;# 
   629     1D12                     ADSTPTL         equ	7442	;# 
   630     1D13                     ADSTPTH         equ	7443	;# 
   631     1D14                     ADFLTR          equ	7444	;# 
   632     1D14                     ADFLTRL         equ	7444	;# 
   633     1D15                     ADFLTRH         equ	7445	;# 
   634     1D16                     ADACC           equ	7446	;# 
   635     1D16                     ADACCL          equ	7446	;# 
   636     1D17                     ADACCH          equ	7447	;# 
   637     1D18                     ADACCU          equ	7448	;# 
   638     1D19                     ADCNT           equ	7449	;# 
   639     1D1A                     ADRPT           equ	7450	;# 
   640     1D1B                     ADPREV          equ	7451	;# 
   641     1D1B                     ADPREVL         equ	7451	;# 
   642     1D1C                     ADPREVH         equ	7452	;# 
   643     1D1D                     ADRES           equ	7453	;# 
   644     1D1D                     ADRESL          equ	7453	;# 
   645     1D1E                     ADRESH          equ	7454	;# 
   646     1D1F                     ADPCH           equ	7455	;# 
   647     1D21                     ADACQ           equ	7457	;# 
   648     1D21                     ADACQL          equ	7457	;# 
   649     1D22                     ADACQH          equ	7458	;# 
   650     1D23                     ADCAP           equ	7459	;# 
   651     1D24                     ADPRE           equ	7460	;# 
   652     1D24                     ADPREL          equ	7460	;# 
   653     1D25                     ADPREH          equ	7461	;# 
   654     1D26                     ADCON0          equ	7462	;# 
   655     1D27                     ADCON1          equ	7463	;# 
   656     1D28                     ADCON2          equ	7464	;# 
   657     1D29                     ADCON3          equ	7465	;# 
   658     1D2A                     ADSTAT          equ	7466	;# 
   659     1D2B                     ADREF           equ	7467	;# 
   660     1D2C                     ADACT           equ	7468	;# 
   661     1D2D                     ADCLK           equ	7469	;# 
   662     1D2E                     ADCG1A          equ	7470	;# 
   663     1D2F                     ADCG1B          equ	7471	;# 
   664     1D30                     ADCG1C          equ	7472	;# 
   665     1D8C                     RA0PPS          equ	7564	;# 
   666     1D8D                     RA1PPS          equ	7565	;# 
   667     1D8E                     RA2PPS          equ	7566	;# 
   668     1D90                     RA4PPS          equ	7568	;# 
   669     1D91                     RA5PPS          equ	7569	;# 
   670     1D98                     RB4PPS          equ	7576	;# 
   671     1D99                     RB5PPS          equ	7577	;# 
   672     1D9A                     RB6PPS          equ	7578	;# 
   673     1D9B                     RB7PPS          equ	7579	;# 
   674     1D9C                     RC0PPS          equ	7580	;# 
   675     1D9D                     RC1PPS          equ	7581	;# 
   676     1D9E                     RC2PPS          equ	7582	;# 
   677     1D9F                     RC3PPS          equ	7583	;# 
   678     1DA0                     RC4PPS          equ	7584	;# 
   679     1DA1                     RC5PPS          equ	7585	;# 
   680     1DA2                     RC6PPS          equ	7586	;# 
   681     1DA3                     RC7PPS          equ	7587	;# 
   682     1E0C                     PPSLOCK         equ	7692	;# 
   683     1E0D                     INTPPS          equ	7693	;# 
   684     1E0E                     T0CKIPPS        equ	7694	;# 
   685     1E0F                     T1CKIPPS        equ	7695	;# 
   686     1E10                     T1GPPS          equ	7696	;# 
   687     1E19                     T2INPPS         equ	7705	;# 
   688     1E1E                     CCP1PPS         equ	7710	;# 
   689     1E1F                     CCP2PPS         equ	7711	;# 
   690     1E3D                     CLCIN0PPS       equ	7741	;# 
   691     1E3E                     CLCIN1PPS       equ	7742	;# 
   692     1E3F                     CLCIN2PPS       equ	7743	;# 
   693     1E40                     CLCIN3PPS       equ	7744	;# 
   694     1E41                     CK1PPS          equ	7745	;# 
   695     1E41                     RX1DTPPS        equ	7745	;# 
   696     1E42                     RX1PPS          equ	7746	;# 
   697     1E42                     TX1CKPPS        equ	7746	;# 
   698     1E47                     SSP1CLKPPS      equ	7751	;# 
   699     1E48                     SSP1DATPPS      equ	7752	;# 
   700     1E49                     SSP1SSPPS       equ	7753	;# 
   701     1E50                     ADACTPPS        equ	7760	;# 
   702     1E57                     CLBIN0PPS       equ	7767	;# 
   703     1E58                     CLBIN1PPS       equ	7768	;# 
   704     1E59                     CLBIN2PPS       equ	7769	;# 
   705     1E5A                     CLBIN3PPS       equ	7770	;# 
   706     1E8C                     ANSELA          equ	7820	;# 
   707     1E8D                     WPUA            equ	7821	;# 
   708     1E8E                     ODCONA          equ	7822	;# 
   709     1E8F                     SLRCONA         equ	7823	;# 
   710     1E90                     INLVLA          equ	7824	;# 
   711     1E91                     IOCAP           equ	7825	;# 
   712     1E92                     IOCAN           equ	7826	;# 
   713     1E93                     IOCAF           equ	7827	;# 
   714     1E96                     ANSELB          equ	7830	;# 
   715     1E97                     WPUB            equ	7831	;# 
   716     1E98                     ODCONB          equ	7832	;# 
   717     1E99                     SLRCONB         equ	7833	;# 
   718     1E9A                     INLVLB          equ	7834	;# 
   719     1E9B                     IOCBP           equ	7835	;# 
   720     1E9C                     IOCBN           equ	7836	;# 
   721     1E9D                     IOCBF           equ	7837	;# 
   722     1EA0                     ANSELC          equ	7840	;# 
   723     1EA1                     WPUC            equ	7841	;# 
   724     1EA2                     ODCONC          equ	7842	;# 
   725     1EA3                     SLRCONC         equ	7843	;# 
   726     1EA4                     INLVLC          equ	7844	;# 
   727     1EA5                     IOCCP           equ	7845	;# 
   728     1EA6                     IOCCN           equ	7846	;# 
   729     1EA7                     IOCCF           equ	7847	;# 
   730     1EE5                     RB4I2C          equ	7909	;# 
   731     1EE7                     RB6I2C          equ	7911	;# 
   732     1F0C                     UMTOAP          equ	7948	;# 
   733     1F0D                     UMTOAL          equ	7949	;# 
   734     1F0E                     UMTOAH          equ	7950	;# 
   735     1FE4                     STATUS_SHAD     equ	8164	;# 
   736     1FE5                     WREG_SHAD       equ	8165	;# 
   737     1FE6                     BSR_SHAD        equ	8166	;# 
   738     1FE7                     PCLATH_SHAD     equ	8167	;# 
   739     1FE8                     FSR0_SHAD       equ	8168	;# 
   740     1FE8                     FSR0L_SHAD      equ	8168	;# 
   741     1FE9                     FSR0H_SHAD      equ	8169	;# 
   742     1FEA                     FSR1_SHAD       equ	8170	;# 
   743     1FEA                     FSR1L_SHAD      equ	8170	;# 
   744     1FEB                     FSR1H_SHAD      equ	8171	;# 
   745     1FED                     STKPTR          equ	8173	;# 
   746     1FEE                     TOSL            equ	8174	;# 
   747     1FEF                     TOSH            equ	8175	;# 
   748     0000                     INDF0           equ	0	;# 
   749     0001                     INDF1           equ	1	;# 
   750     0002                     PCL             equ	2	;# 
   751     0003                     STATUS          equ	3	;# 
   752     0004                     FSR0L           equ	4	;# 
   753     0005                     FSR0H           equ	5	;# 
   754     0006                     FSR1L           equ	6	;# 
   755     0007                     FSR1H           equ	7	;# 
   756     0008                     BSR             equ	8	;# 
   757     0009                     WREG            equ	9	;# 
   758     000A                     PCLATH          equ	10	;# 
   759     000B                     INTCON          equ	11	;# 
   760     000C                     PORTA           equ	12	;# 
   761     000D                     PORTB           equ	13	;# 
   762     000E                     PORTC           equ	14	;# 
   763     0012                     TRISA           equ	18	;# 
   764     0013                     TRISB           equ	19	;# 
   765     0014                     TRISC           equ	20	;# 
   766     0018                     LATA            equ	24	;# 
   767     0019                     LATB            equ	25	;# 
   768     001A                     LATC            equ	26	;# 
   769     008C                     PIR0            equ	140	;# 
   770     008D                     PIR1            equ	141	;# 
   771     008E                     PIR2            equ	142	;# 
   772     008F                     PIR3            equ	143	;# 
   773     0090                     PIR4            equ	144	;# 
   774     0091                     PIR5            equ	145	;# 
   775     0092                     PIR6            equ	146	;# 
   776     0093                     PIR7            equ	147	;# 
   777     0096                     PIE0            equ	150	;# 
   778     0097                     PIE1            equ	151	;# 
   779     0098                     PIE2            equ	152	;# 
   780     0099                     PIE3            equ	153	;# 
   781     009A                     PIE4            equ	154	;# 
   782     009B                     PIE5            equ	155	;# 
   783     009C                     PIE6            equ	156	;# 
   784     009D                     PIE7            equ	157	;# 
   785     010C                     PMD0            equ	268	;# 
   786     010D                     PMD1            equ	269	;# 
   787     010E                     PMD2            equ	270	;# 
   788     010F                     PMD3            equ	271	;# 
   789     0110                     PMD4            equ	272	;# 
   790     0111                     PMD5            equ	273	;# 
   791     018C                     WDTCON0         equ	396	;# 
   792     018D                     WDTCON1         equ	397	;# 
   793     018E                     WDTPS           equ	398	;# 
   794     018E                     WDTPSL          equ	398	;# 
   795     018F                     WDTPSH          equ	399	;# 
   796     0190                     WDTTMR          equ	400	;# 
   797     0191                     BORCON          equ	401	;# 
   798     0192                     PCON0           equ	402	;# 
   799     0193                     PCON1           equ	403	;# 
   800     019C                     TMR0L           equ	412	;# 
   801     019C                     TMR0            equ	412	;# 
   802     019D                     TMR0H           equ	413	;# 
   803     019D                     PR0             equ	413	;# 
   804     019E                     T0CON0          equ	414	;# 
   805     019F                     T0CON1          equ	415	;# 
   806     020C                     FVRCON          equ	524	;# 
   807     020D                     CPCON           equ	525	;# 
   808     028C                     CPUDOZE         equ	652	;# 
   809     028D                     OSCCON1         equ	653	;# 
   810     028E                     OSCCON2         equ	654	;# 
   811     028F                     OSCCON3         equ	655	;# 
   812     0290                     OSCSTAT         equ	656	;# 
   813     0291                     OSCEN           equ	657	;# 
   814     0292                     OSCTUNE         equ	658	;# 
   815     0293                     OSCFRQ          equ	659	;# 
   816     030C                     TMR1            equ	780	;# 
   817     030C                     TMR1L           equ	780	;# 
   818     030D                     TMR1H           equ	781	;# 
   819     030E                     T1CON           equ	782	;# 
   820     030F                     T1GCON          equ	783	;# 
   821     030F                     PR1             equ	783	;# 
   822     0310                     T1GATE          equ	784	;# 
   823     0310                     TMR1GATE        equ	784	;# 
   824     0311                     T1CLK           equ	785	;# 
   825     0311                     TMR1CLK         equ	785	;# 
   826     038C                     T2TMR           equ	908	;# 
   827     038C                     TMR2            equ	908	;# 
   828     038D                     T2PR            equ	909	;# 
   829     038D                     PR2             equ	909	;# 
   830     038E                     T2CON           equ	910	;# 
   831     038F                     T2HLT           equ	911	;# 
   832     0390                     T2CLKCON        equ	912	;# 
   833     0390                     T2CLK           equ	912	;# 
   834     0391                     T2RST           equ	913	;# 
   835     040C                     CCPR1           equ	1036	;# 
   836     040C                     CCPR1L          equ	1036	;# 
   837     040D                     CCPR1H          equ	1037	;# 
   838     040E                     CCP1CON         equ	1038	;# 
   839     040F                     CCP1CAP         equ	1039	;# 
   840     0410                     CCPR2           equ	1040	;# 
   841     0410                     CCPR2L          equ	1040	;# 
   842     0411                     CCPR2H          equ	1041	;# 
   843     0412                     CCP2CON         equ	1042	;# 
   844     0413                     CCP2CAP         equ	1043	;# 
   845     041F                     CCPTMRS0        equ	1055	;# 
   846     050C                     CLBCON          equ	1292	;# 
   847     050D                     CLBSWINU        equ	1293	;# 
   848     050E                     CLBSWINH        equ	1294	;# 
   849     050F                     CLBSWINM        equ	1295	;# 
   850     0510                     CLBSWINL        equ	1296	;# 
   851     0515                     CLBCLK          equ	1301	;# 
   852     0516                     CLBPPSCON4      equ	1302	;# 
   853     0517                     CLBPPSCON3      equ	1303	;# 
   854     0518                     CLBPPSCON2      equ	1304	;# 
   855     0519                     CLBPPSCON1      equ	1305	;# 
   856     068C                     CLCnCON         equ	1676	;# 
   857     068D                     CLCnPOL         equ	1677	;# 
   858     068E                     CLCnSEL0        equ	1678	;# 
   859     068F                     CLCnSEL1        equ	1679	;# 
   860     0690                     CLCnSEL2        equ	1680	;# 
   861     0691                     CLCnSEL3        equ	1681	;# 
   862     0692                     CLCnGLS0        equ	1682	;# 
   863     0693                     CLCnGLS1        equ	1683	;# 
   864     0694                     CLCnGLS2        equ	1684	;# 
   865     0695                     CLCnGLS3        equ	1685	;# 
   866     0696                     CLCSELECT       equ	1686	;# 
   867     0697                     CLCDATA         equ	1687	;# 
   868     070C                     RC1REG          equ	1804	;# 
   869     070D                     TX1REG          equ	1805	;# 
   870     070E                     SP1BRG          equ	1806	;# 
   871     070E                     SP1BRGL         equ	1806	;# 
   872     070F                     SP1BRGH         equ	1807	;# 
   873     0710                     RC1STA          equ	1808	;# 
   874     0711                     TX1STA          equ	1809	;# 
   875     0712                     BAUD1CON        equ	1810	;# 
   876     078C                     SSP1BUF         equ	1932	;# 
   877     078D                     SSP1ADD         equ	1933	;# 
   878     078E                     SSP1MSK         equ	1934	;# 
   879     078F                     SSP1STAT        equ	1935	;# 
   880     0790                     SSP1CON1        equ	1936	;# 
   881     0791                     SSP1CON2        equ	1937	;# 
   882     0792                     SSP1CON3        equ	1938	;# 
   883     080C                     CM1CON0         equ	2060	;# 
   884     080D                     CM1CON1         equ	2061	;# 
   885     080E                     CM1NCH          equ	2062	;# 
   886     080F                     CM1PCH          equ	2063	;# 
   887     0810                     CM2CON0         equ	2064	;# 
   888     0811                     CM2CON1         equ	2065	;# 
   889     0812                     CM2NCH          equ	2066	;# 
   890     0813                     CM2PCH          equ	2067	;# 
   891     081F                     CMOUT           equ	2079	;# 
   892     0820                     PWM1DC          equ	2080	;# 
   893     0820                     PWM1DCL         equ	2080	;# 
   894     0821                     PWM1DCH         equ	2081	;# 
   895     0822                     PWM1CON         equ	2082	;# 
   896     0823                     PWM2DC          equ	2083	;# 
   897     0823                     PWM2DCL         equ	2083	;# 
   898     0824                     PWM2DCH         equ	2084	;# 
   899     0825                     PWM2CON         equ	2085	;# 
   900     082F                     PWMTMRS0        equ	2095	;# 
   901     088C                     DAC1CON         equ	2188	;# 
   902     088D                     DAC1DATL        equ	2189	;# 
   903     1C8C                     NVMADR          equ	7308	;# 
   904     1C8C                     NVMADRL         equ	7308	;# 
   905     1C8D                     NVMADRH         equ	7309	;# 
   906     1C8E                     NVMDAT          equ	7310	;# 
   907     1C8E                     NVMDATL         equ	7310	;# 
   908     1C8F                     NVMDATH         equ	7311	;# 
   909     1C90                     NVMCON1         equ	7312	;# 
   910     1C91                     NVMCON2         equ	7313	;# 
   911     1C92                     SCANCON0        equ	7314	;# 
   912     1C93                     SCANLADR        equ	7315	;# 
   913     1C93                     SCANLADRL       equ	7315	;# 
   914     1C94                     SCANLADRH       equ	7316	;# 
   915     1C96                     SCANHADR        equ	7318	;# 
   916     1C96                     SCANHADRL       equ	7318	;# 
   917     1C97                     SCANHADRH       equ	7319	;# 
   918     1C99                     SCANDPS         equ	7321	;# 
   919     1C9A                     SCANTRIG        equ	7322	;# 
   920     1C9D                     CRCDATA         equ	7325	;# 
   921     1C9D                     CRCDATAL        equ	7325	;# 
   922     1C9E                     CRCDATAH        equ	7326	;# 
   923     1C9F                     CRCDATAU        equ	7327	;# 
   924     1CA0                     CRCDATAT        equ	7328	;# 
   925     1CA1                     CRCOUT          equ	7329	;# 
   926     1CA1                     CRCSHFT         equ	7329	;# 
   927     1CA1                     CRCXOR          equ	7329	;# 
   928     1CA1                     CRCOUTL         equ	7329	;# 
   929     1CA1                     CRCSHFTL        equ	7329	;# 
   930     1CA1                     CRCSHIFTL       equ	7329	;# 
   931     1CA1                     CRCXORL         equ	7329	;# 
   932     1CA2                     CRCOUTH         equ	7330	;# 
   933     1CA2                     CRCSHFTH        equ	7330	;# 
   934     1CA2                     CRCSHIFTH       equ	7330	;# 
   935     1CA2                     CRCXORH         equ	7330	;# 
   936     1CA3                     CRCOUTU         equ	7331	;# 
   937     1CA3                     CRCSHFTU        equ	7331	;# 
   938     1CA3                     CRCSHIFTU       equ	7331	;# 
   939     1CA3                     CRCXORU         equ	7331	;# 
   940     1CA4                     CRCOUTT         equ	7332	;# 
   941     1CA4                     CRCSHFTT        equ	7332	;# 
   942     1CA4                     CRCSHIFTT       equ	7332	;# 
   943     1CA4                     CRCXORT         equ	7332	;# 
   944     1CA5                     CRCCON0         equ	7333	;# 
   945     1CA6                     CRCCON1         equ	7334	;# 
   946     1CA7                     CRCCON2         equ	7335	;# 
   947     1D0C                     ADLTH           equ	7436	;# 
   948     1D0C                     ADLTHL          equ	7436	;# 
   949     1D0D                     ADLTHH          equ	7437	;# 
   950     1D0E                     ADUTH           equ	7438	;# 
   951     1D0E                     ADUTHL          equ	7438	;# 
   952     1D0F                     ADUTHH          equ	7439	;# 
   953     1D10                     ADERR           equ	7440	;# 
   954     1D10                     ADERRL          equ	7440	;# 
   955     1D11                     ADERRH          equ	7441	;# 
   956     1D12                     ADSTPT          equ	7442	;# 
   957     1D12                     ADSTPTL         equ	7442	;# 
   958     1D13                     ADSTPTH         equ	7443	;# 
   959     1D14                     ADFLTR          equ	7444	;# 
   960     1D14                     ADFLTRL         equ	7444	;# 
   961     1D15                     ADFLTRH         equ	7445	;# 
   962     1D16                     ADACC           equ	7446	;# 
   963     1D16                     ADACCL          equ	7446	;# 
   964     1D17                     ADACCH          equ	7447	;# 
   965     1D18                     ADACCU          equ	7448	;# 
   966     1D19                     ADCNT           equ	7449	;# 
   967     1D1A                     ADRPT           equ	7450	;# 
   968     1D1B                     ADPREV          equ	7451	;# 
   969     1D1B                     ADPREVL         equ	7451	;# 
   970     1D1C                     ADPREVH         equ	7452	;# 
   971     1D1D                     ADRES           equ	7453	;# 
   972     1D1D                     ADRESL          equ	7453	;# 
   973     1D1E                     ADRESH          equ	7454	;# 
   974     1D1F                     ADPCH           equ	7455	;# 
   975     1D21                     ADACQ           equ	7457	;# 
   976     1D21                     ADACQL          equ	7457	;# 
   977     1D22                     ADACQH          equ	7458	;# 
   978     1D23                     ADCAP           equ	7459	;# 
   979     1D24                     ADPRE           equ	7460	;# 
   980     1D24                     ADPREL          equ	7460	;# 
   981     1D25                     ADPREH          equ	7461	;# 
   982     1D26                     ADCON0          equ	7462	;# 
   983     1D27                     ADCON1          equ	7463	;# 
   984     1D28                     ADCON2          equ	7464	;# 
   985     1D29                     ADCON3          equ	7465	;# 
   986     1D2A                     ADSTAT          equ	7466	;# 
   987     1D2B                     ADREF           equ	7467	;# 
   988     1D2C                     ADACT           equ	7468	;# 
   989     1D2D                     ADCLK           equ	7469	;# 
   990     1D2E                     ADCG1A          equ	7470	;# 
   991     1D2F                     ADCG1B          equ	7471	;# 
   992     1D30                     ADCG1C          equ	7472	;# 
   993     1D8C                     RA0PPS          equ	7564	;# 
   994     1D8D                     RA1PPS          equ	7565	;# 
   995     1D8E                     RA2PPS          equ	7566	;# 
   996     1D90                     RA4PPS          equ	7568	;# 
   997     1D91                     RA5PPS          equ	7569	;# 
   998     1D98                     RB4PPS          equ	7576	;# 
   999     1D99                     RB5PPS          equ	7577	;# 
  1000     1D9A                     RB6PPS          equ	7578	;# 
  1001     1D9B                     RB7PPS          equ	7579	;# 
  1002     1D9C                     RC0PPS          equ	7580	;# 
  1003     1D9D                     RC1PPS          equ	7581	;# 
  1004     1D9E                     RC2PPS          equ	7582	;# 
  1005     1D9F                     RC3PPS          equ	7583	;# 
  1006     1DA0                     RC4PPS          equ	7584	;# 
  1007     1DA1                     RC5PPS          equ	7585	;# 
  1008     1DA2                     RC6PPS          equ	7586	;# 
  1009     1DA3                     RC7PPS          equ	7587	;# 
  1010     1E0C                     PPSLOCK         equ	7692	;# 
  1011     1E0D                     INTPPS          equ	7693	;# 
  1012     1E0E                     T0CKIPPS        equ	7694	;# 
  1013     1E0F                     T1CKIPPS        equ	7695	;# 
  1014     1E10                     T1GPPS          equ	7696	;# 
  1015     1E19                     T2INPPS         equ	7705	;# 
  1016     1E1E                     CCP1PPS         equ	7710	;# 
  1017     1E1F                     CCP2PPS         equ	7711	;# 
  1018     1E3D                     CLCIN0PPS       equ	7741	;# 
  1019     1E3E                     CLCIN1PPS       equ	7742	;# 
  1020     1E3F                     CLCIN2PPS       equ	7743	;# 
  1021     1E40                     CLCIN3PPS       equ	7744	;# 
  1022     1E41                     CK1PPS          equ	7745	;# 
  1023     1E41                     RX1DTPPS        equ	7745	;# 
  1024     1E42                     RX1PPS          equ	7746	;# 
  1025     1E42                     TX1CKPPS        equ	7746	;# 
  1026     1E47                     SSP1CLKPPS      equ	7751	;# 
  1027     1E48                     SSP1DATPPS      equ	7752	;# 
  1028     1E49                     SSP1SSPPS       equ	7753	;# 
  1029     1E50                     ADACTPPS        equ	7760	;# 
  1030     1E57                     CLBIN0PPS       equ	7767	;# 
  1031     1E58                     CLBIN1PPS       equ	7768	;# 
  1032     1E59                     CLBIN2PPS       equ	7769	;# 
  1033     1E5A                     CLBIN3PPS       equ	7770	;# 
  1034     1E8C                     ANSELA          equ	7820	;# 
  1035     1E8D                     WPUA            equ	7821	;# 
  1036     1E8E                     ODCONA          equ	7822	;# 
  1037     1E8F                     SLRCONA         equ	7823	;# 
  1038     1E90                     INLVLA          equ	7824	;# 
  1039     1E91                     IOCAP           equ	7825	;# 
  1040     1E92                     IOCAN           equ	7826	;# 
  1041     1E93                     IOCAF           equ	7827	;# 
  1042     1E96                     ANSELB          equ	7830	;# 
  1043     1E97                     WPUB            equ	7831	;# 
  1044     1E98                     ODCONB          equ	7832	;# 
  1045     1E99                     SLRCONB         equ	7833	;# 
  1046     1E9A                     INLVLB          equ	7834	;# 
  1047     1E9B                     IOCBP           equ	7835	;# 
  1048     1E9C                     IOCBN           equ	7836	;# 
  1049     1E9D                     IOCBF           equ	7837	;# 
  1050     1EA0                     ANSELC          equ	7840	;# 
  1051     1EA1                     WPUC            equ	7841	;# 
  1052     1EA2                     ODCONC          equ	7842	;# 
  1053     1EA3                     SLRCONC         equ	7843	;# 
  1054     1EA4                     INLVLC          equ	7844	;# 
  1055     1EA5                     IOCCP           equ	7845	;# 
  1056     1EA6                     IOCCN           equ	7846	;# 
  1057     1EA7                     IOCCF           equ	7847	;# 
  1058     1EE5                     RB4I2C          equ	7909	;# 
  1059     1EE7                     RB6I2C          equ	7911	;# 
  1060     1F0C                     UMTOAP          equ	7948	;# 
  1061     1F0D                     UMTOAL          equ	7949	;# 
  1062     1F0E                     UMTOAH          equ	7950	;# 
  1063     1FE4                     STATUS_SHAD     equ	8164	;# 
  1064     1FE5                     WREG_SHAD       equ	8165	;# 
  1065     1FE6                     BSR_SHAD        equ	8166	;# 
  1066     1FE7                     PCLATH_SHAD     equ	8167	;# 
  1067     1FE8                     FSR0_SHAD       equ	8168	;# 
  1068     1FE8                     FSR0L_SHAD      equ	8168	;# 
  1069     1FE9                     FSR0H_SHAD      equ	8169	;# 
  1070     1FEA                     FSR1_SHAD       equ	8170	;# 
  1071     1FEA                     FSR1L_SHAD      equ	8170	;# 
  1072     1FEB                     FSR1H_SHAD      equ	8171	;# 
  1073     1FED                     STKPTR          equ	8173	;# 
  1074     1FEE                     TOSL            equ	8174	;# 
  1075     1FEF                     TOSH            equ	8175	;# 
  1076     0000                     INDF0           equ	0	;# 
  1077     0001                     INDF1           equ	1	;# 
  1078     0002                     PCL             equ	2	;# 
  1079     0003                     STATUS          equ	3	;# 
  1080     0004                     FSR0L           equ	4	;# 
  1081     0005                     FSR0H           equ	5	;# 
  1082     0006                     FSR1L           equ	6	;# 
  1083     0007                     FSR1H           equ	7	;# 
  1084     0008                     BSR             equ	8	;# 
  1085     0009                     WREG            equ	9	;# 
  1086     000A                     PCLATH          equ	10	;# 
  1087     000B                     INTCON          equ	11	;# 
  1088     000C                     PORTA           equ	12	;# 
  1089     000D                     PORTB           equ	13	;# 
  1090     000E                     PORTC           equ	14	;# 
  1091     0012                     TRISA           equ	18	;# 
  1092     0013                     TRISB           equ	19	;# 
  1093     0014                     TRISC           equ	20	;# 
  1094     0018                     LATA            equ	24	;# 
  1095     0019                     LATB            equ	25	;# 
  1096     001A                     LATC            equ	26	;# 
  1097     008C                     PIR0            equ	140	;# 
  1098     008D                     PIR1            equ	141	;# 
  1099     008E                     PIR2            equ	142	;# 
  1100     008F                     PIR3            equ	143	;# 
  1101     0090                     PIR4            equ	144	;# 
  1102     0091                     PIR5            equ	145	;# 
  1103     0092                     PIR6            equ	146	;# 
  1104     0093                     PIR7            equ	147	;# 
  1105     0096                     PIE0            equ	150	;# 
  1106     0097                     PIE1            equ	151	;# 
  1107     0098                     PIE2            equ	152	;# 
  1108     0099                     PIE3            equ	153	;# 
  1109     009A                     PIE4            equ	154	;# 
  1110     009B                     PIE5            equ	155	;# 
  1111     009C                     PIE6            equ	156	;# 
  1112     009D                     PIE7            equ	157	;# 
  1113     010C                     PMD0            equ	268	;# 
  1114     010D                     PMD1            equ	269	;# 
  1115     010E                     PMD2            equ	270	;# 
  1116     010F                     PMD3            equ	271	;# 
  1117     0110                     PMD4            equ	272	;# 
  1118     0111                     PMD5            equ	273	;# 
  1119     018C                     WDTCON0         equ	396	;# 
  1120     018D                     WDTCON1         equ	397	;# 
  1121     018E                     WDTPS           equ	398	;# 
  1122     018E                     WDTPSL          equ	398	;# 
  1123     018F                     WDTPSH          equ	399	;# 
  1124     0190                     WDTTMR          equ	400	;# 
  1125     0191                     BORCON          equ	401	;# 
  1126     0192                     PCON0           equ	402	;# 
  1127     0193                     PCON1           equ	403	;# 
  1128     019C                     TMR0L           equ	412	;# 
  1129     019C                     TMR0            equ	412	;# 
  1130     019D                     TMR0H           equ	413	;# 
  1131     019D                     PR0             equ	413	;# 
  1132     019E                     T0CON0          equ	414	;# 
  1133     019F                     T0CON1          equ	415	;# 
  1134     020C                     FVRCON          equ	524	;# 
  1135     020D                     CPCON           equ	525	;# 
  1136     028C                     CPUDOZE         equ	652	;# 
  1137     028D                     OSCCON1         equ	653	;# 
  1138     028E                     OSCCON2         equ	654	;# 
  1139     028F                     OSCCON3         equ	655	;# 
  1140     0290                     OSCSTAT         equ	656	;# 
  1141     0291                     OSCEN           equ	657	;# 
  1142     0292                     OSCTUNE         equ	658	;# 
  1143     0293                     OSCFRQ          equ	659	;# 
  1144     030C                     TMR1            equ	780	;# 
  1145     030C                     TMR1L           equ	780	;# 
  1146     030D                     TMR1H           equ	781	;# 
  1147     030E                     T1CON           equ	782	;# 
  1148     030F                     T1GCON          equ	783	;# 
  1149     030F                     PR1             equ	783	;# 
  1150     0310                     T1GATE          equ	784	;# 
  1151     0310                     TMR1GATE        equ	784	;# 
  1152     0311                     T1CLK           equ	785	;# 
  1153     0311                     TMR1CLK         equ	785	;# 
  1154     038C                     T2TMR           equ	908	;# 
  1155     038C                     TMR2            equ	908	;# 
  1156     038D                     T2PR            equ	909	;# 
  1157     038D                     PR2             equ	909	;# 
  1158     038E                     T2CON           equ	910	;# 
  1159     038F                     T2HLT           equ	911	;# 
  1160     0390                     T2CLKCON        equ	912	;# 
  1161     0390                     T2CLK           equ	912	;# 
  1162     0391                     T2RST           equ	913	;# 
  1163     040C                     CCPR1           equ	1036	;# 
  1164     040C                     CCPR1L          equ	1036	;# 
  1165     040D                     CCPR1H          equ	1037	;# 
  1166     040E                     CCP1CON         equ	1038	;# 
  1167     040F                     CCP1CAP         equ	1039	;# 
  1168     0410                     CCPR2           equ	1040	;# 
  1169     0410                     CCPR2L          equ	1040	;# 
  1170     0411                     CCPR2H          equ	1041	;# 
  1171     0412                     CCP2CON         equ	1042	;# 
  1172     0413                     CCP2CAP         equ	1043	;# 
  1173     041F                     CCPTMRS0        equ	1055	;# 
  1174     050C                     CLBCON          equ	1292	;# 
  1175     050D                     CLBSWINU        equ	1293	;# 
  1176     050E                     CLBSWINH        equ	1294	;# 
  1177     050F                     CLBSWINM        equ	1295	;# 
  1178     0510                     CLBSWINL        equ	1296	;# 
  1179     0515                     CLBCLK          equ	1301	;# 
  1180     0516                     CLBPPSCON4      equ	1302	;# 
  1181     0517                     CLBPPSCON3      equ	1303	;# 
  1182     0518                     CLBPPSCON2      equ	1304	;# 
  1183     0519                     CLBPPSCON1      equ	1305	;# 
  1184     068C                     CLCnCON         equ	1676	;# 
  1185     068D                     CLCnPOL         equ	1677	;# 
  1186     068E                     CLCnSEL0        equ	1678	;# 
  1187     068F                     CLCnSEL1        equ	1679	;# 
  1188     0690                     CLCnSEL2        equ	1680	;# 
  1189     0691                     CLCnSEL3        equ	1681	;# 
  1190     0692                     CLCnGLS0        equ	1682	;# 
  1191     0693                     CLCnGLS1        equ	1683	;# 
  1192     0694                     CLCnGLS2        equ	1684	;# 
  1193     0695                     CLCnGLS3        equ	1685	;# 
  1194     0696                     CLCSELECT       equ	1686	;# 
  1195     0697                     CLCDATA         equ	1687	;# 
  1196     070C                     RC1REG          equ	1804	;# 
  1197     070D                     TX1REG          equ	1805	;# 
  1198     070E                     SP1BRG          equ	1806	;# 
  1199     070E                     SP1BRGL         equ	1806	;# 
  1200     070F                     SP1BRGH         equ	1807	;# 
  1201     0710                     RC1STA          equ	1808	;# 
  1202     0711                     TX1STA          equ	1809	;# 
  1203     0712                     BAUD1CON        equ	1810	;# 
  1204     078C                     SSP1BUF         equ	1932	;# 
  1205     078D                     SSP1ADD         equ	1933	;# 
  1206     078E                     SSP1MSK         equ	1934	;# 
  1207     078F                     SSP1STAT        equ	1935	;# 
  1208     0790                     SSP1CON1        equ	1936	;# 
  1209     0791                     SSP1CON2        equ	1937	;# 
  1210     0792                     SSP1CON3        equ	1938	;# 
  1211     080C                     CM1CON0         equ	2060	;# 
  1212     080D                     CM1CON1         equ	2061	;# 
  1213     080E                     CM1NCH          equ	2062	;# 
  1214     080F                     CM1PCH          equ	2063	;# 
  1215     0810                     CM2CON0         equ	2064	;# 
  1216     0811                     CM2CON1         equ	2065	;# 
  1217     0812                     CM2NCH          equ	2066	;# 
  1218     0813                     CM2PCH          equ	2067	;# 
  1219     081F                     CMOUT           equ	2079	;# 
  1220     0820                     PWM1DC          equ	2080	;# 
  1221     0820                     PWM1DCL         equ	2080	;# 
  1222     0821                     PWM1DCH         equ	2081	;# 
  1223     0822                     PWM1CON         equ	2082	;# 
  1224     0823                     PWM2DC          equ	2083	;# 
  1225     0823                     PWM2DCL         equ	2083	;# 
  1226     0824                     PWM2DCH         equ	2084	;# 
  1227     0825                     PWM2CON         equ	2085	;# 
  1228     082F                     PWMTMRS0        equ	2095	;# 
  1229     088C                     DAC1CON         equ	2188	;# 
  1230     088D                     DAC1DATL        equ	2189	;# 
  1231     1C8C                     NVMADR          equ	7308	;# 
  1232     1C8C                     NVMADRL         equ	7308	;# 
  1233     1C8D                     NVMADRH         equ	7309	;# 
  1234     1C8E                     NVMDAT          equ	7310	;# 
  1235     1C8E                     NVMDATL         equ	7310	;# 
  1236     1C8F                     NVMDATH         equ	7311	;# 
  1237     1C90                     NVMCON1         equ	7312	;# 
  1238     1C91                     NVMCON2         equ	7313	;# 
  1239     1C92                     SCANCON0        equ	7314	;# 
  1240     1C93                     SCANLADR        equ	7315	;# 
  1241     1C93                     SCANLADRL       equ	7315	;# 
  1242     1C94                     SCANLADRH       equ	7316	;# 
  1243     1C96                     SCANHADR        equ	7318	;# 
  1244     1C96                     SCANHADRL       equ	7318	;# 
  1245     1C97                     SCANHADRH       equ	7319	;# 
  1246     1C99                     SCANDPS         equ	7321	;# 
  1247     1C9A                     SCANTRIG        equ	7322	;# 
  1248     1C9D                     CRCDATA         equ	7325	;# 
  1249     1C9D                     CRCDATAL        equ	7325	;# 
  1250     1C9E                     CRCDATAH        equ	7326	;# 
  1251     1C9F                     CRCDATAU        equ	7327	;# 
  1252     1CA0                     CRCDATAT        equ	7328	;# 
  1253     1CA1                     CRCOUT          equ	7329	;# 
  1254     1CA1                     CRCSHFT         equ	7329	;# 
  1255     1CA1                     CRCXOR          equ	7329	;# 
  1256     1CA1                     CRCOUTL         equ	7329	;# 
  1257     1CA1                     CRCSHFTL        equ	7329	;# 
  1258     1CA1                     CRCSHIFTL       equ	7329	;# 
  1259     1CA1                     CRCXORL         equ	7329	;# 
  1260     1CA2                     CRCOUTH         equ	7330	;# 
  1261     1CA2                     CRCSHFTH        equ	7330	;# 
  1262     1CA2                     CRCSHIFTH       equ	7330	;# 
  1263     1CA2                     CRCXORH         equ	7330	;# 
  1264     1CA3                     CRCOUTU         equ	7331	;# 
  1265     1CA3                     CRCSHFTU        equ	7331	;# 
  1266     1CA3                     CRCSHIFTU       equ	7331	;# 
  1267     1CA3                     CRCXORU         equ	7331	;# 
  1268     1CA4                     CRCOUTT         equ	7332	;# 
  1269     1CA4                     CRCSHFTT        equ	7332	;# 
  1270     1CA4                     CRCSHIFTT       equ	7332	;# 
  1271     1CA4                     CRCXORT         equ	7332	;# 
  1272     1CA5                     CRCCON0         equ	7333	;# 
  1273     1CA6                     CRCCON1         equ	7334	;# 
  1274     1CA7                     CRCCON2         equ	7335	;# 
  1275     1D0C                     ADLTH           equ	7436	;# 
  1276     1D0C                     ADLTHL          equ	7436	;# 
  1277     1D0D                     ADLTHH          equ	7437	;# 
  1278     1D0E                     ADUTH           equ	7438	;# 
  1279     1D0E                     ADUTHL          equ	7438	;# 
  1280     1D0F                     ADUTHH          equ	7439	;# 
  1281     1D10                     ADERR           equ	7440	;# 
  1282     1D10                     ADERRL          equ	7440	;# 
  1283     1D11                     ADERRH          equ	7441	;# 
  1284     1D12                     ADSTPT          equ	7442	;# 
  1285     1D12                     ADSTPTL         equ	7442	;# 
  1286     1D13                     ADSTPTH         equ	7443	;# 
  1287     1D14                     ADFLTR          equ	7444	;# 
  1288     1D14                     ADFLTRL         equ	7444	;# 
  1289     1D15                     ADFLTRH         equ	7445	;# 
  1290     1D16                     ADACC           equ	7446	;# 
  1291     1D16                     ADACCL          equ	7446	;# 
  1292     1D17                     ADACCH          equ	7447	;# 
  1293     1D18                     ADACCU          equ	7448	;# 
  1294     1D19                     ADCNT           equ	7449	;# 
  1295     1D1A                     ADRPT           equ	7450	;# 
  1296     1D1B                     ADPREV          equ	7451	;# 
  1297     1D1B                     ADPREVL         equ	7451	;# 
  1298     1D1C                     ADPREVH         equ	7452	;# 
  1299     1D1D                     ADRES           equ	7453	;# 
  1300     1D1D                     ADRESL          equ	7453	;# 
  1301     1D1E                     ADRESH          equ	7454	;# 
  1302     1D1F                     ADPCH           equ	7455	;# 
  1303     1D21                     ADACQ           equ	7457	;# 
  1304     1D21                     ADACQL          equ	7457	;# 
  1305     1D22                     ADACQH          equ	7458	;# 
  1306     1D23                     ADCAP           equ	7459	;# 
  1307     1D24                     ADPRE           equ	7460	;# 
  1308     1D24                     ADPREL          equ	7460	;# 
  1309     1D25                     ADPREH          equ	7461	;# 
  1310     1D26                     ADCON0          equ	7462	;# 
  1311     1D27                     ADCON1          equ	7463	;# 
  1312     1D28                     ADCON2          equ	7464	;# 
  1313     1D29                     ADCON3          equ	7465	;# 
  1314     1D2A                     ADSTAT          equ	7466	;# 
  1315     1D2B                     ADREF           equ	7467	;# 
  1316     1D2C                     ADACT           equ	7468	;# 
  1317     1D2D                     ADCLK           equ	7469	;# 
  1318     1D2E                     ADCG1A          equ	7470	;# 
  1319     1D2F                     ADCG1B          equ	7471	;# 
  1320     1D30                     ADCG1C          equ	7472	;# 
  1321     1D8C                     RA0PPS          equ	7564	;# 
  1322     1D8D                     RA1PPS          equ	7565	;# 
  1323     1D8E                     RA2PPS          equ	7566	;# 
  1324     1D90                     RA4PPS          equ	7568	;# 
  1325     1D91                     RA5PPS          equ	7569	;# 
  1326     1D98                     RB4PPS          equ	7576	;# 
  1327     1D99                     RB5PPS          equ	7577	;# 
  1328     1D9A                     RB6PPS          equ	7578	;# 
  1329     1D9B                     RB7PPS          equ	7579	;# 
  1330     1D9C                     RC0PPS          equ	7580	;# 
  1331     1D9D                     RC1PPS          equ	7581	;# 
  1332     1D9E                     RC2PPS          equ	7582	;# 
  1333     1D9F                     RC3PPS          equ	7583	;# 
  1334     1DA0                     RC4PPS          equ	7584	;# 
  1335     1DA1                     RC5PPS          equ	7585	;# 
  1336     1DA2                     RC6PPS          equ	7586	;# 
  1337     1DA3                     RC7PPS          equ	7587	;# 
  1338     1E0C                     PPSLOCK         equ	7692	;# 
  1339     1E0D                     INTPPS          equ	7693	;# 
  1340     1E0E                     T0CKIPPS        equ	7694	;# 
  1341     1E0F                     T1CKIPPS        equ	7695	;# 
  1342     1E10                     T1GPPS          equ	7696	;# 
  1343     1E19                     T2INPPS         equ	7705	;# 
  1344     1E1E                     CCP1PPS         equ	7710	;# 
  1345     1E1F                     CCP2PPS         equ	7711	;# 
  1346     1E3D                     CLCIN0PPS       equ	7741	;# 
  1347     1E3E                     CLCIN1PPS       equ	7742	;# 
  1348     1E3F                     CLCIN2PPS       equ	7743	;# 
  1349     1E40                     CLCIN3PPS       equ	7744	;# 
  1350     1E41                     CK1PPS          equ	7745	;# 
  1351     1E41                     RX1DTPPS        equ	7745	;# 
  1352     1E42                     RX1PPS          equ	7746	;# 
  1353     1E42                     TX1CKPPS        equ	7746	;# 
  1354     1E47                     SSP1CLKPPS      equ	7751	;# 
  1355     1E48                     SSP1DATPPS      equ	7752	;# 
  1356     1E49                     SSP1SSPPS       equ	7753	;# 
  1357     1E50                     ADACTPPS        equ	7760	;# 
  1358     1E57                     CLBIN0PPS       equ	7767	;# 
  1359     1E58                     CLBIN1PPS       equ	7768	;# 
  1360     1E59                     CLBIN2PPS       equ	7769	;# 
  1361     1E5A                     CLBIN3PPS       equ	7770	;# 
  1362     1E8C                     ANSELA          equ	7820	;# 
  1363     1E8D                     WPUA            equ	7821	;# 
  1364     1E8E                     ODCONA          equ	7822	;# 
  1365     1E8F                     SLRCONA         equ	7823	;# 
  1366     1E90                     INLVLA          equ	7824	;# 
  1367     1E91                     IOCAP           equ	7825	;# 
  1368     1E92                     IOCAN           equ	7826	;# 
  1369     1E93                     IOCAF           equ	7827	;# 
  1370     1E96                     ANSELB          equ	7830	;# 
  1371     1E97                     WPUB            equ	7831	;# 
  1372     1E98                     ODCONB          equ	7832	;# 
  1373     1E99                     SLRCONB         equ	7833	;# 
  1374     1E9A                     INLVLB          equ	7834	;# 
  1375     1E9B                     IOCBP           equ	7835	;# 
  1376     1E9C                     IOCBN           equ	7836	;# 
  1377     1E9D                     IOCBF           equ	7837	;# 
  1378     1EA0                     ANSELC          equ	7840	;# 
  1379     1EA1                     WPUC            equ	7841	;# 
  1380     1EA2                     ODCONC          equ	7842	;# 
  1381     1EA3                     SLRCONC         equ	7843	;# 
  1382     1EA4                     INLVLC          equ	7844	;# 
  1383     1EA5                     IOCCP           equ	7845	;# 
  1384     1EA6                     IOCCN           equ	7846	;# 
  1385     1EA7                     IOCCF           equ	7847	;# 
  1386     1EE5                     RB4I2C          equ	7909	;# 
  1387     1EE7                     RB6I2C          equ	7911	;# 
  1388     1F0C                     UMTOAP          equ	7948	;# 
  1389     1F0D                     UMTOAL          equ	7949	;# 
  1390     1F0E                     UMTOAH          equ	7950	;# 
  1391     1FE4                     STATUS_SHAD     equ	8164	;# 
  1392     1FE5                     WREG_SHAD       equ	8165	;# 
  1393     1FE6                     BSR_SHAD        equ	8166	;# 
  1394     1FE7                     PCLATH_SHAD     equ	8167	;# 
  1395     1FE8                     FSR0_SHAD       equ	8168	;# 
  1396     1FE8                     FSR0L_SHAD      equ	8168	;# 
  1397     1FE9                     FSR0H_SHAD      equ	8169	;# 
  1398     1FEA                     FSR1_SHAD       equ	8170	;# 
  1399     1FEA                     FSR1L_SHAD      equ	8170	;# 
  1400     1FEB                     FSR1H_SHAD      equ	8171	;# 
  1401     1FED                     STKPTR          equ	8173	;# 
  1402     1FEE                     TOSL            equ	8174	;# 
  1403     1FEF                     TOSH            equ	8175	;# 
  1404     0000                     INDF0           equ	0	;# 
  1405     0001                     INDF1           equ	1	;# 
  1406     0002                     PCL             equ	2	;# 
  1407     0003                     STATUS          equ	3	;# 
  1408     0004                     FSR0L           equ	4	;# 
  1409     0005                     FSR0H           equ	5	;# 
  1410     0006                     FSR1L           equ	6	;# 
  1411     0007                     FSR1H           equ	7	;# 
  1412     0008                     BSR             equ	8	;# 
  1413     0009                     WREG            equ	9	;# 
  1414     000A                     PCLATH          equ	10	;# 
  1415     000B                     INTCON          equ	11	;# 
  1416     000C                     PORTA           equ	12	;# 
  1417     000D                     PORTB           equ	13	;# 
  1418     000E                     PORTC           equ	14	;# 
  1419     0012                     TRISA           equ	18	;# 
  1420     0013                     TRISB           equ	19	;# 
  1421     0014                     TRISC           equ	20	;# 
  1422     0018                     LATA            equ	24	;# 
  1423     0019                     LATB            equ	25	;# 
  1424     001A                     LATC            equ	26	;# 
  1425     008C                     PIR0            equ	140	;# 
  1426     008D                     PIR1            equ	141	;# 
  1427     008E                     PIR2            equ	142	;# 
  1428     008F                     PIR3            equ	143	;# 
  1429     0090                     PIR4            equ	144	;# 
  1430     0091                     PIR5            equ	145	;# 
  1431     0092                     PIR6            equ	146	;# 
  1432     0093                     PIR7            equ	147	;# 
  1433     0096                     PIE0            equ	150	;# 
  1434     0097                     PIE1            equ	151	;# 
  1435     0098                     PIE2            equ	152	;# 
  1436     0099                     PIE3            equ	153	;# 
  1437     009A                     PIE4            equ	154	;# 
  1438     009B                     PIE5            equ	155	;# 
  1439     009C                     PIE6            equ	156	;# 
  1440     009D                     PIE7            equ	157	;# 
  1441     010C                     PMD0            equ	268	;# 
  1442     010D                     PMD1            equ	269	;# 
  1443     010E                     PMD2            equ	270	;# 
  1444     010F                     PMD3            equ	271	;# 
  1445     0110                     PMD4            equ	272	;# 
  1446     0111                     PMD5            equ	273	;# 
  1447     018C                     WDTCON0         equ	396	;# 
  1448     018D                     WDTCON1         equ	397	;# 
  1449     018E                     WDTPS           equ	398	;# 
  1450     018E                     WDTPSL          equ	398	;# 
  1451     018F                     WDTPSH          equ	399	;# 
  1452     0190                     WDTTMR          equ	400	;# 
  1453     0191                     BORCON          equ	401	;# 
  1454     0192                     PCON0           equ	402	;# 
  1455     0193                     PCON1           equ	403	;# 
  1456     019C                     TMR0L           equ	412	;# 
  1457     019C                     TMR0            equ	412	;# 
  1458     019D                     TMR0H           equ	413	;# 
  1459     019D                     PR0             equ	413	;# 
  1460     019E                     T0CON0          equ	414	;# 
  1461     019F                     T0CON1          equ	415	;# 
  1462     020C                     FVRCON          equ	524	;# 
  1463     020D                     CPCON           equ	525	;# 
  1464     028C                     CPUDOZE         equ	652	;# 
  1465     028D                     OSCCON1         equ	653	;# 
  1466     028E                     OSCCON2         equ	654	;# 
  1467     028F                     OSCCON3         equ	655	;# 
  1468     0290                     OSCSTAT         equ	656	;# 
  1469     0291                     OSCEN           equ	657	;# 
  1470     0292                     OSCTUNE         equ	658	;# 
  1471     0293                     OSCFRQ          equ	659	;# 
  1472     030C                     TMR1            equ	780	;# 
  1473     030C                     TMR1L           equ	780	;# 
  1474     030D                     TMR1H           equ	781	;# 
  1475     030E                     T1CON           equ	782	;# 
  1476     030F                     T1GCON          equ	783	;# 
  1477     030F                     PR1             equ	783	;# 
  1478     0310                     T1GATE          equ	784	;# 
  1479     0310                     TMR1GATE        equ	784	;# 
  1480     0311                     T1CLK           equ	785	;# 
  1481     0311                     TMR1CLK         equ	785	;# 
  1482     038C                     T2TMR           equ	908	;# 
  1483     038C                     TMR2            equ	908	;# 
  1484     038D                     T2PR            equ	909	;# 
  1485     038D                     PR2             equ	909	;# 
  1486     038E                     T2CON           equ	910	;# 
  1487     038F                     T2HLT           equ	911	;# 
  1488     0390                     T2CLKCON        equ	912	;# 
  1489     0390                     T2CLK           equ	912	;# 
  1490     0391                     T2RST           equ	913	;# 
  1491     040C                     CCPR1           equ	1036	;# 
  1492     040C                     CCPR1L          equ	1036	;# 
  1493     040D                     CCPR1H          equ	1037	;# 
  1494     040E                     CCP1CON         equ	1038	;# 
  1495     040F                     CCP1CAP         equ	1039	;# 
  1496     0410                     CCPR2           equ	1040	;# 
  1497     0410                     CCPR2L          equ	1040	;# 
  1498     0411                     CCPR2H          equ	1041	;# 
  1499     0412                     CCP2CON         equ	1042	;# 
  1500     0413                     CCP2CAP         equ	1043	;# 
  1501     041F                     CCPTMRS0        equ	1055	;# 
  1502     050C                     CLBCON          equ	1292	;# 
  1503     050D                     CLBSWINU        equ	1293	;# 
  1504     050E                     CLBSWINH        equ	1294	;# 
  1505     050F                     CLBSWINM        equ	1295	;# 
  1506     0510                     CLBSWINL        equ	1296	;# 
  1507     0515                     CLBCLK          equ	1301	;# 
  1508     0516                     CLBPPSCON4      equ	1302	;# 
  1509     0517                     CLBPPSCON3      equ	1303	;# 
  1510     0518                     CLBPPSCON2      equ	1304	;# 
  1511     0519                     CLBPPSCON1      equ	1305	;# 
  1512     068C                     CLCnCON         equ	1676	;# 
  1513     068D                     CLCnPOL         equ	1677	;# 
  1514     068E                     CLCnSEL0        equ	1678	;# 
  1515     068F                     CLCnSEL1        equ	1679	;# 
  1516     0690                     CLCnSEL2        equ	1680	;# 
  1517     0691                     CLCnSEL3        equ	1681	;# 
  1518     0692                     CLCnGLS0        equ	1682	;# 
  1519     0693                     CLCnGLS1        equ	1683	;# 
  1520     0694                     CLCnGLS2        equ	1684	;# 
  1521     0695                     CLCnGLS3        equ	1685	;# 
  1522     0696                     CLCSELECT       equ	1686	;# 
  1523     0697                     CLCDATA         equ	1687	;# 
  1524     070C                     RC1REG          equ	1804	;# 
  1525     070D                     TX1REG          equ	1805	;# 
  1526     070E                     SP1BRG          equ	1806	;# 
  1527     070E                     SP1BRGL         equ	1806	;# 
  1528     070F                     SP1BRGH         equ	1807	;# 
  1529     0710                     RC1STA          equ	1808	;# 
  1530     0711                     TX1STA          equ	1809	;# 
  1531     0712                     BAUD1CON        equ	1810	;# 
  1532     078C                     SSP1BUF         equ	1932	;# 
  1533     078D                     SSP1ADD         equ	1933	;# 
  1534     078E                     SSP1MSK         equ	1934	;# 
  1535     078F                     SSP1STAT        equ	1935	;# 
  1536     0790                     SSP1CON1        equ	1936	;# 
  1537     0791                     SSP1CON2        equ	1937	;# 
  1538     0792                     SSP1CON3        equ	1938	;# 
  1539     080C                     CM1CON0         equ	2060	;# 
  1540     080D                     CM1CON1         equ	2061	;# 
  1541     080E                     CM1NCH          equ	2062	;# 
  1542     080F                     CM1PCH          equ	2063	;# 
  1543     0810                     CM2CON0         equ	2064	;# 
  1544     0811                     CM2CON1         equ	2065	;# 
  1545     0812                     CM2NCH          equ	2066	;# 
  1546     0813                     CM2PCH          equ	2067	;# 
  1547     081F                     CMOUT           equ	2079	;# 
  1548     0820                     PWM1DC          equ	2080	;# 
  1549     0820                     PWM1DCL         equ	2080	;# 
  1550     0821                     PWM1DCH         equ	2081	;# 
  1551     0822                     PWM1CON         equ	2082	;# 
  1552     0823                     PWM2DC          equ	2083	;# 
  1553     0823                     PWM2DCL         equ	2083	;# 
  1554     0824                     PWM2DCH         equ	2084	;# 
  1555     0825                     PWM2CON         equ	2085	;# 
  1556     082F                     PWMTMRS0        equ	2095	;# 
  1557     088C                     DAC1CON         equ	2188	;# 
  1558     088D                     DAC1DATL        equ	2189	;# 
  1559     1C8C                     NVMADR          equ	7308	;# 
  1560     1C8C                     NVMADRL         equ	7308	;# 
  1561     1C8D                     NVMADRH         equ	7309	;# 
  1562     1C8E                     NVMDAT          equ	7310	;# 
  1563     1C8E                     NVMDATL         equ	7310	;# 
  1564     1C8F                     NVMDATH         equ	7311	;# 
  1565     1C90                     NVMCON1         equ	7312	;# 
  1566     1C91                     NVMCON2         equ	7313	;# 
  1567     1C92                     SCANCON0        equ	7314	;# 
  1568     1C93                     SCANLADR        equ	7315	;# 
  1569     1C93                     SCANLADRL       equ	7315	;# 
  1570     1C94                     SCANLADRH       equ	7316	;# 
  1571     1C96                     SCANHADR        equ	7318	;# 
  1572     1C96                     SCANHADRL       equ	7318	;# 
  1573     1C97                     SCANHADRH       equ	7319	;# 
  1574     1C99                     SCANDPS         equ	7321	;# 
  1575     1C9A                     SCANTRIG        equ	7322	;# 
  1576     1C9D                     CRCDATA         equ	7325	;# 
  1577     1C9D                     CRCDATAL        equ	7325	;# 
  1578     1C9E                     CRCDATAH        equ	7326	;# 
  1579     1C9F                     CRCDATAU        equ	7327	;# 
  1580     1CA0                     CRCDATAT        equ	7328	;# 
  1581     1CA1                     CRCOUT          equ	7329	;# 
  1582     1CA1                     CRCSHFT         equ	7329	;# 
  1583     1CA1                     CRCXOR          equ	7329	;# 
  1584     1CA1                     CRCOUTL         equ	7329	;# 
  1585     1CA1                     CRCSHFTL        equ	7329	;# 
  1586     1CA1                     CRCSHIFTL       equ	7329	;# 
  1587     1CA1                     CRCXORL         equ	7329	;# 
  1588     1CA2                     CRCOUTH         equ	7330	;# 
  1589     1CA2                     CRCSHFTH        equ	7330	;# 
  1590     1CA2                     CRCSHIFTH       equ	7330	;# 
  1591     1CA2                     CRCXORH         equ	7330	;# 
  1592     1CA3                     CRCOUTU         equ	7331	;# 
  1593     1CA3                     CRCSHFTU        equ	7331	;# 
  1594     1CA3                     CRCSHIFTU       equ	7331	;# 
  1595     1CA3                     CRCXORU         equ	7331	;# 
  1596     1CA4                     CRCOUTT         equ	7332	;# 
  1597     1CA4                     CRCSHFTT        equ	7332	;# 
  1598     1CA4                     CRCSHIFTT       equ	7332	;# 
  1599     1CA4                     CRCXORT         equ	7332	;# 
  1600     1CA5                     CRCCON0         equ	7333	;# 
  1601     1CA6                     CRCCON1         equ	7334	;# 
  1602     1CA7                     CRCCON2         equ	7335	;# 
  1603     1D0C                     ADLTH           equ	7436	;# 
  1604     1D0C                     ADLTHL          equ	7436	;# 
  1605     1D0D                     ADLTHH          equ	7437	;# 
  1606     1D0E                     ADUTH           equ	7438	;# 
  1607     1D0E                     ADUTHL          equ	7438	;# 
  1608     1D0F                     ADUTHH          equ	7439	;# 
  1609     1D10                     ADERR           equ	7440	;# 
  1610     1D10                     ADERRL          equ	7440	;# 
  1611     1D11                     ADERRH          equ	7441	;# 
  1612     1D12                     ADSTPT          equ	7442	;# 
  1613     1D12                     ADSTPTL         equ	7442	;# 
  1614     1D13                     ADSTPTH         equ	7443	;# 
  1615     1D14                     ADFLTR          equ	7444	;# 
  1616     1D14                     ADFLTRL         equ	7444	;# 
  1617     1D15                     ADFLTRH         equ	7445	;# 
  1618     1D16                     ADACC           equ	7446	;# 
  1619     1D16                     ADACCL          equ	7446	;# 
  1620     1D17                     ADACCH          equ	7447	;# 
  1621     1D18                     ADACCU          equ	7448	;# 
  1622     1D19                     ADCNT           equ	7449	;# 
  1623     1D1A                     ADRPT           equ	7450	;# 
  1624     1D1B                     ADPREV          equ	7451	;# 
  1625     1D1B                     ADPREVL         equ	7451	;# 
  1626     1D1C                     ADPREVH         equ	7452	;# 
  1627     1D1D                     ADRES           equ	7453	;# 
  1628     1D1D                     ADRESL          equ	7453	;# 
  1629     1D1E                     ADRESH          equ	7454	;# 
  1630     1D1F                     ADPCH           equ	7455	;# 
  1631     1D21                     ADACQ           equ	7457	;# 
  1632     1D21                     ADACQL          equ	7457	;# 
  1633     1D22                     ADACQH          equ	7458	;# 
  1634     1D23                     ADCAP           equ	7459	;# 
  1635     1D24                     ADPRE           equ	7460	;# 
  1636     1D24                     ADPREL          equ	7460	;# 
  1637     1D25                     ADPREH          equ	7461	;# 
  1638     1D26                     ADCON0          equ	7462	;# 
  1639     1D27                     ADCON1          equ	7463	;# 
  1640     1D28                     ADCON2          equ	7464	;# 
  1641     1D29                     ADCON3          equ	7465	;# 
  1642     1D2A                     ADSTAT          equ	7466	;# 
  1643     1D2B                     ADREF           equ	7467	;# 
  1644     1D2C                     ADACT           equ	7468	;# 
  1645     1D2D                     ADCLK           equ	7469	;# 
  1646     1D2E                     ADCG1A          equ	7470	;# 
  1647     1D2F                     ADCG1B          equ	7471	;# 
  1648     1D30                     ADCG1C          equ	7472	;# 
  1649     1D8C                     RA0PPS          equ	7564	;# 
  1650     1D8D                     RA1PPS          equ	7565	;# 
  1651     1D8E                     RA2PPS          equ	7566	;# 
  1652     1D90                     RA4PPS          equ	7568	;# 
  1653     1D91                     RA5PPS          equ	7569	;# 
  1654     1D98                     RB4PPS          equ	7576	;# 
  1655     1D99                     RB5PPS          equ	7577	;# 
  1656     1D9A                     RB6PPS          equ	7578	;# 
  1657     1D9B                     RB7PPS          equ	7579	;# 
  1658     1D9C                     RC0PPS          equ	7580	;# 
  1659     1D9D                     RC1PPS          equ	7581	;# 
  1660     1D9E                     RC2PPS          equ	7582	;# 
  1661     1D9F                     RC3PPS          equ	7583	;# 
  1662     1DA0                     RC4PPS          equ	7584	;# 
  1663     1DA1                     RC5PPS          equ	7585	;# 
  1664     1DA2                     RC6PPS          equ	7586	;# 
  1665     1DA3                     RC7PPS          equ	7587	;# 
  1666     1E0C                     PPSLOCK         equ	7692	;# 
  1667     1E0D                     INTPPS          equ	7693	;# 
  1668     1E0E                     T0CKIPPS        equ	7694	;# 
  1669     1E0F                     T1CKIPPS        equ	7695	;# 
  1670     1E10                     T1GPPS          equ	7696	;# 
  1671     1E19                     T2INPPS         equ	7705	;# 
  1672     1E1E                     CCP1PPS         equ	7710	;# 
  1673     1E1F                     CCP2PPS         equ	7711	;# 
  1674     1E3D                     CLCIN0PPS       equ	7741	;# 
  1675     1E3E                     CLCIN1PPS       equ	7742	;# 
  1676     1E3F                     CLCIN2PPS       equ	7743	;# 
  1677     1E40                     CLCIN3PPS       equ	7744	;# 
  1678     1E41                     CK1PPS          equ	7745	;# 
  1679     1E41                     RX1DTPPS        equ	7745	;# 
  1680     1E42                     RX1PPS          equ	7746	;# 
  1681     1E42                     TX1CKPPS        equ	7746	;# 
  1682     1E47                     SSP1CLKPPS      equ	7751	;# 
  1683     1E48                     SSP1DATPPS      equ	7752	;# 
  1684     1E49                     SSP1SSPPS       equ	7753	;# 
  1685     1E50                     ADACTPPS        equ	7760	;# 
  1686     1E57                     CLBIN0PPS       equ	7767	;# 
  1687     1E58                     CLBIN1PPS       equ	7768	;# 
  1688     1E59                     CLBIN2PPS       equ	7769	;# 
  1689     1E5A                     CLBIN3PPS       equ	7770	;# 
  1690     1E8C                     ANSELA          equ	7820	;# 
  1691     1E8D                     WPUA            equ	7821	;# 
  1692     1E8E                     ODCONA          equ	7822	;# 
  1693     1E8F                     SLRCONA         equ	7823	;# 
  1694     1E90                     INLVLA          equ	7824	;# 
  1695     1E91                     IOCAP           equ	7825	;# 
  1696     1E92                     IOCAN           equ	7826	;# 
  1697     1E93                     IOCAF           equ	7827	;# 
  1698     1E96                     ANSELB          equ	7830	;# 
  1699     1E97                     WPUB            equ	7831	;# 
  1700     1E98                     ODCONB          equ	7832	;# 
  1701     1E99                     SLRCONB         equ	7833	;# 
  1702     1E9A                     INLVLB          equ	7834	;# 
  1703     1E9B                     IOCBP           equ	7835	;# 
  1704     1E9C                     IOCBN           equ	7836	;# 
  1705     1E9D                     IOCBF           equ	7837	;# 
  1706     1EA0                     ANSELC          equ	7840	;# 
  1707     1EA1                     WPUC            equ	7841	;# 
  1708     1EA2                     ODCONC          equ	7842	;# 
  1709     1EA3                     SLRCONC         equ	7843	;# 
  1710     1EA4                     INLVLC          equ	7844	;# 
  1711     1EA5                     IOCCP           equ	7845	;# 
  1712     1EA6                     IOCCN           equ	7846	;# 
  1713     1EA7                     IOCCF           equ	7847	;# 
  1714     1EE5                     RB4I2C          equ	7909	;# 
  1715     1EE7                     RB6I2C          equ	7911	;# 
  1716     1F0C                     UMTOAP          equ	7948	;# 
  1717     1F0D                     UMTOAL          equ	7949	;# 
  1718     1F0E                     UMTOAH          equ	7950	;# 
  1719     1FE4                     STATUS_SHAD     equ	8164	;# 
  1720     1FE5                     WREG_SHAD       equ	8165	;# 
  1721     1FE6                     BSR_SHAD        equ	8166	;# 
  1722     1FE7                     PCLATH_SHAD     equ	8167	;# 
  1723     1FE8                     FSR0_SHAD       equ	8168	;# 
  1724     1FE8                     FSR0L_SHAD      equ	8168	;# 
  1725     1FE9                     FSR0H_SHAD      equ	8169	;# 
  1726     1FEA                     FSR1_SHAD       equ	8170	;# 
  1727     1FEA                     FSR1L_SHAD      equ	8170	;# 
  1728     1FEB                     FSR1H_SHAD      equ	8171	;# 
  1729     1FED                     STKPTR          equ	8173	;# 
  1730     1FEE                     TOSL            equ	8174	;# 
  1731     1FEF                     TOSH            equ	8175	;# 
  1732     0000                     INDF0           equ	0	;# 
  1733     0001                     INDF1           equ	1	;# 
  1734     0002                     PCL             equ	2	;# 
  1735     0003                     STATUS          equ	3	;# 
  1736     0004                     FSR0L           equ	4	;# 
  1737     0005                     FSR0H           equ	5	;# 
  1738     0006                     FSR1L           equ	6	;# 
  1739     0007                     FSR1H           equ	7	;# 
  1740     0008                     BSR             equ	8	;# 
  1741     0009                     WREG            equ	9	;# 
  1742     000A                     PCLATH          equ	10	;# 
  1743     000B                     INTCON          equ	11	;# 
  1744     000C                     PORTA           equ	12	;# 
  1745     000D                     PORTB           equ	13	;# 
  1746     000E                     PORTC           equ	14	;# 
  1747     0012                     TRISA           equ	18	;# 
  1748     0013                     TRISB           equ	19	;# 
  1749     0014                     TRISC           equ	20	;# 
  1750     0018                     LATA            equ	24	;# 
  1751     0019                     LATB            equ	25	;# 
  1752     001A                     LATC            equ	26	;# 
  1753     008C                     PIR0            equ	140	;# 
  1754     008D                     PIR1            equ	141	;# 
  1755     008E                     PIR2            equ	142	;# 
  1756     008F                     PIR3            equ	143	;# 
  1757     0090                     PIR4            equ	144	;# 
  1758     0091                     PIR5            equ	145	;# 
  1759     0092                     PIR6            equ	146	;# 
  1760     0093                     PIR7            equ	147	;# 
  1761     0096                     PIE0            equ	150	;# 
  1762     0097                     PIE1            equ	151	;# 
  1763     0098                     PIE2            equ	152	;# 
  1764     0099                     PIE3            equ	153	;# 
  1765     009A                     PIE4            equ	154	;# 
  1766     009B                     PIE5            equ	155	;# 
  1767     009C                     PIE6            equ	156	;# 
  1768     009D                     PIE7            equ	157	;# 
  1769     010C                     PMD0            equ	268	;# 
  1770     010D                     PMD1            equ	269	;# 
  1771     010E                     PMD2            equ	270	;# 
  1772     010F                     PMD3            equ	271	;# 
  1773     0110                     PMD4            equ	272	;# 
  1774     0111                     PMD5            equ	273	;# 
  1775     018C                     WDTCON0         equ	396	;# 
  1776     018D                     WDTCON1         equ	397	;# 
  1777     018E                     WDTPS           equ	398	;# 
  1778     018E                     WDTPSL          equ	398	;# 
  1779     018F                     WDTPSH          equ	399	;# 
  1780     0190                     WDTTMR          equ	400	;# 
  1781     0191                     BORCON          equ	401	;# 
  1782     0192                     PCON0           equ	402	;# 
  1783     0193                     PCON1           equ	403	;# 
  1784     019C                     TMR0L           equ	412	;# 
  1785     019C                     TMR0            equ	412	;# 
  1786     019D                     TMR0H           equ	413	;# 
  1787     019D                     PR0             equ	413	;# 
  1788     019E                     T0CON0          equ	414	;# 
  1789     019F                     T0CON1          equ	415	;# 
  1790     020C                     FVRCON          equ	524	;# 
  1791     020D                     CPCON           equ	525	;# 
  1792     028C                     CPUDOZE         equ	652	;# 
  1793     028D                     OSCCON1         equ	653	;# 
  1794     028E                     OSCCON2         equ	654	;# 
  1795     028F                     OSCCON3         equ	655	;# 
  1796     0290                     OSCSTAT         equ	656	;# 
  1797     0291                     OSCEN           equ	657	;# 
  1798     0292                     OSCTUNE         equ	658	;# 
  1799     0293                     OSCFRQ          equ	659	;# 
  1800     030C                     TMR1            equ	780	;# 
  1801     030C                     TMR1L           equ	780	;# 
  1802     030D                     TMR1H           equ	781	;# 
  1803     030E                     T1CON           equ	782	;# 
  1804     030F                     T1GCON          equ	783	;# 
  1805     030F                     PR1             equ	783	;# 
  1806     0310                     T1GATE          equ	784	;# 
  1807     0310                     TMR1GATE        equ	784	;# 
  1808     0311                     T1CLK           equ	785	;# 
  1809     0311                     TMR1CLK         equ	785	;# 
  1810     038C                     T2TMR           equ	908	;# 
  1811     038C                     TMR2            equ	908	;# 
  1812     038D                     T2PR            equ	909	;# 
  1813     038D                     PR2             equ	909	;# 
  1814     038E                     T2CON           equ	910	;# 
  1815     038F                     T2HLT           equ	911	;# 
  1816     0390                     T2CLKCON        equ	912	;# 
  1817     0390                     T2CLK           equ	912	;# 
  1818     0391                     T2RST           equ	913	;# 
  1819     040C                     CCPR1           equ	1036	;# 
  1820     040C                     CCPR1L          equ	1036	;# 
  1821     040D                     CCPR1H          equ	1037	;# 
  1822     040E                     CCP1CON         equ	1038	;# 
  1823     040F                     CCP1CAP         equ	1039	;# 
  1824     0410                     CCPR2           equ	1040	;# 
  1825     0410                     CCPR2L          equ	1040	;# 
  1826     0411                     CCPR2H          equ	1041	;# 
  1827     0412                     CCP2CON         equ	1042	;# 
  1828     0413                     CCP2CAP         equ	1043	;# 
  1829     041F                     CCPTMRS0        equ	1055	;# 
  1830     050C                     CLBCON          equ	1292	;# 
  1831     050D                     CLBSWINU        equ	1293	;# 
  1832     050E                     CLBSWINH        equ	1294	;# 
  1833     050F                     CLBSWINM        equ	1295	;# 
  1834     0510                     CLBSWINL        equ	1296	;# 
  1835     0515                     CLBCLK          equ	1301	;# 
  1836     0516                     CLBPPSCON4      equ	1302	;# 
  1837     0517                     CLBPPSCON3      equ	1303	;# 
  1838     0518                     CLBPPSCON2      equ	1304	;# 
  1839     0519                     CLBPPSCON1      equ	1305	;# 
  1840     068C                     CLCnCON         equ	1676	;# 
  1841     068D                     CLCnPOL         equ	1677	;# 
  1842     068E                     CLCnSEL0        equ	1678	;# 
  1843     068F                     CLCnSEL1        equ	1679	;# 
  1844     0690                     CLCnSEL2        equ	1680	;# 
  1845     0691                     CLCnSEL3        equ	1681	;# 
  1846     0692                     CLCnGLS0        equ	1682	;# 
  1847     0693                     CLCnGLS1        equ	1683	;# 
  1848     0694                     CLCnGLS2        equ	1684	;# 
  1849     0695                     CLCnGLS3        equ	1685	;# 
  1850     0696                     CLCSELECT       equ	1686	;# 
  1851     0697                     CLCDATA         equ	1687	;# 
  1852     070C                     RC1REG          equ	1804	;# 
  1853     070D                     TX1REG          equ	1805	;# 
  1854     070E                     SP1BRG          equ	1806	;# 
  1855     070E                     SP1BRGL         equ	1806	;# 
  1856     070F                     SP1BRGH         equ	1807	;# 
  1857     0710                     RC1STA          equ	1808	;# 
  1858     0711                     TX1STA          equ	1809	;# 
  1859     0712                     BAUD1CON        equ	1810	;# 
  1860     078C                     SSP1BUF         equ	1932	;# 
  1861     078D                     SSP1ADD         equ	1933	;# 
  1862     078E                     SSP1MSK         equ	1934	;# 
  1863     078F                     SSP1STAT        equ	1935	;# 
  1864     0790                     SSP1CON1        equ	1936	;# 
  1865     0791                     SSP1CON2        equ	1937	;# 
  1866     0792                     SSP1CON3        equ	1938	;# 
  1867     080C                     CM1CON0         equ	2060	;# 
  1868     080D                     CM1CON1         equ	2061	;# 
  1869     080E                     CM1NCH          equ	2062	;# 
  1870     080F                     CM1PCH          equ	2063	;# 
  1871     0810                     CM2CON0         equ	2064	;# 
  1872     0811                     CM2CON1         equ	2065	;# 
  1873     0812                     CM2NCH          equ	2066	;# 
  1874     0813                     CM2PCH          equ	2067	;# 
  1875     081F                     CMOUT           equ	2079	;# 
  1876     0820                     PWM1DC          equ	2080	;# 
  1877     0820                     PWM1DCL         equ	2080	;# 
  1878     0821                     PWM1DCH         equ	2081	;# 
  1879     0822                     PWM1CON         equ	2082	;# 
  1880     0823                     PWM2DC          equ	2083	;# 
  1881     0823                     PWM2DCL         equ	2083	;# 
  1882     0824                     PWM2DCH         equ	2084	;# 
  1883     0825                     PWM2CON         equ	2085	;# 
  1884     082F                     PWMTMRS0        equ	2095	;# 
  1885     088C                     DAC1CON         equ	2188	;# 
  1886     088D                     DAC1DATL        equ	2189	;# 
  1887     1C8C                     NVMADR          equ	7308	;# 
  1888     1C8C                     NVMADRL         equ	7308	;# 
  1889     1C8D                     NVMADRH         equ	7309	;# 
  1890     1C8E                     NVMDAT          equ	7310	;# 
  1891     1C8E                     NVMDATL         equ	7310	;# 
  1892     1C8F                     NVMDATH         equ	7311	;# 
  1893     1C90                     NVMCON1         equ	7312	;# 
  1894     1C91                     NVMCON2         equ	7313	;# 
  1895     1C92                     SCANCON0        equ	7314	;# 
  1896     1C93                     SCANLADR        equ	7315	;# 
  1897     1C93                     SCANLADRL       equ	7315	;# 
  1898     1C94                     SCANLADRH       equ	7316	;# 
  1899     1C96                     SCANHADR        equ	7318	;# 
  1900     1C96                     SCANHADRL       equ	7318	;# 
  1901     1C97                     SCANHADRH       equ	7319	;# 
  1902     1C99                     SCANDPS         equ	7321	;# 
  1903     1C9A                     SCANTRIG        equ	7322	;# 
  1904     1C9D                     CRCDATA         equ	7325	;# 
  1905     1C9D                     CRCDATAL        equ	7325	;# 
  1906     1C9E                     CRCDATAH        equ	7326	;# 
  1907     1C9F                     CRCDATAU        equ	7327	;# 
  1908     1CA0                     CRCDATAT        equ	7328	;# 
  1909     1CA1                     CRCOUT          equ	7329	;# 
  1910     1CA1                     CRCSHFT         equ	7329	;# 
  1911     1CA1                     CRCXOR          equ	7329	;# 
  1912     1CA1                     CRCOUTL         equ	7329	;# 
  1913     1CA1                     CRCSHFTL        equ	7329	;# 
  1914     1CA1                     CRCSHIFTL       equ	7329	;# 
  1915     1CA1                     CRCXORL         equ	7329	;# 
  1916     1CA2                     CRCOUTH         equ	7330	;# 
  1917     1CA2                     CRCSHFTH        equ	7330	;# 
  1918     1CA2                     CRCSHIFTH       equ	7330	;# 
  1919     1CA2                     CRCXORH         equ	7330	;# 
  1920     1CA3                     CRCOUTU         equ	7331	;# 
  1921     1CA3                     CRCSHFTU        equ	7331	;# 
  1922     1CA3                     CRCSHIFTU       equ	7331	;# 
  1923     1CA3                     CRCXORU         equ	7331	;# 
  1924     1CA4                     CRCOUTT         equ	7332	;# 
  1925     1CA4                     CRCSHFTT        equ	7332	;# 
  1926     1CA4                     CRCSHIFTT       equ	7332	;# 
  1927     1CA4                     CRCXORT         equ	7332	;# 
  1928     1CA5                     CRCCON0         equ	7333	;# 
  1929     1CA6                     CRCCON1         equ	7334	;# 
  1930     1CA7                     CRCCON2         equ	7335	;# 
  1931     1D0C                     ADLTH           equ	7436	;# 
  1932     1D0C                     ADLTHL          equ	7436	;# 
  1933     1D0D                     ADLTHH          equ	7437	;# 
  1934     1D0E                     ADUTH           equ	7438	;# 
  1935     1D0E                     ADUTHL          equ	7438	;# 
  1936     1D0F                     ADUTHH          equ	7439	;# 
  1937     1D10                     ADERR           equ	7440	;# 
  1938     1D10                     ADERRL          equ	7440	;# 
  1939     1D11                     ADERRH          equ	7441	;# 
  1940     1D12                     ADSTPT          equ	7442	;# 
  1941     1D12                     ADSTPTL         equ	7442	;# 
  1942     1D13                     ADSTPTH         equ	7443	;# 
  1943     1D14                     ADFLTR          equ	7444	;# 
  1944     1D14                     ADFLTRL         equ	7444	;# 
  1945     1D15                     ADFLTRH         equ	7445	;# 
  1946     1D16                     ADACC           equ	7446	;# 
  1947     1D16                     ADACCL          equ	7446	;# 
  1948     1D17                     ADACCH          equ	7447	;# 
  1949     1D18                     ADACCU          equ	7448	;# 
  1950     1D19                     ADCNT           equ	7449	;# 
  1951     1D1A                     ADRPT           equ	7450	;# 
  1952     1D1B                     ADPREV          equ	7451	;# 
  1953     1D1B                     ADPREVL         equ	7451	;# 
  1954     1D1C                     ADPREVH         equ	7452	;# 
  1955     1D1D                     ADRES           equ	7453	;# 
  1956     1D1D                     ADRESL          equ	7453	;# 
  1957     1D1E                     ADRESH          equ	7454	;# 
  1958     1D1F                     ADPCH           equ	7455	;# 
  1959     1D21                     ADACQ           equ	7457	;# 
  1960     1D21                     ADACQL          equ	7457	;# 
  1961     1D22                     ADACQH          equ	7458	;# 
  1962     1D23                     ADCAP           equ	7459	;# 
  1963     1D24                     ADPRE           equ	7460	;# 
  1964     1D24                     ADPREL          equ	7460	;# 
  1965     1D25                     ADPREH          equ	7461	;# 
  1966     1D26                     ADCON0          equ	7462	;# 
  1967     1D27                     ADCON1          equ	7463	;# 
  1968     1D28                     ADCON2          equ	7464	;# 
  1969     1D29                     ADCON3          equ	7465	;# 
  1970     1D2A                     ADSTAT          equ	7466	;# 
  1971     1D2B                     ADREF           equ	7467	;# 
  1972     1D2C                     ADACT           equ	7468	;# 
  1973     1D2D                     ADCLK           equ	7469	;# 
  1974     1D2E                     ADCG1A          equ	7470	;# 
  1975     1D2F                     ADCG1B          equ	7471	;# 
  1976     1D30                     ADCG1C          equ	7472	;# 
  1977     1D8C                     RA0PPS          equ	7564	;# 
  1978     1D8D                     RA1PPS          equ	7565	;# 
  1979     1D8E                     RA2PPS          equ	7566	;# 
  1980     1D90                     RA4PPS          equ	7568	;# 
  1981     1D91                     RA5PPS          equ	7569	;# 
  1982     1D98                     RB4PPS          equ	7576	;# 
  1983     1D99                     RB5PPS          equ	7577	;# 
  1984     1D9A                     RB6PPS          equ	7578	;# 
  1985     1D9B                     RB7PPS          equ	7579	;# 
  1986     1D9C                     RC0PPS          equ	7580	;# 
  1987     1D9D                     RC1PPS          equ	7581	;# 
  1988     1D9E                     RC2PPS          equ	7582	;# 
  1989     1D9F                     RC3PPS          equ	7583	;# 
  1990     1DA0                     RC4PPS          equ	7584	;# 
  1991     1DA1                     RC5PPS          equ	7585	;# 
  1992     1DA2                     RC6PPS          equ	7586	;# 
  1993     1DA3                     RC7PPS          equ	7587	;# 
  1994     1E0C                     PPSLOCK         equ	7692	;# 
  1995     1E0D                     INTPPS          equ	7693	;# 
  1996     1E0E                     T0CKIPPS        equ	7694	;# 
  1997     1E0F                     T1CKIPPS        equ	7695	;# 
  1998     1E10                     T1GPPS          equ	7696	;# 
  1999     1E19                     T2INPPS         equ	7705	;# 
  2000     1E1E                     CCP1PPS         equ	7710	;# 
  2001     1E1F                     CCP2PPS         equ	7711	;# 
  2002     1E3D                     CLCIN0PPS       equ	7741	;# 
  2003     1E3E                     CLCIN1PPS       equ	7742	;# 
  2004     1E3F                     CLCIN2PPS       equ	7743	;# 
  2005     1E40                     CLCIN3PPS       equ	7744	;# 
  2006     1E41                     CK1PPS          equ	7745	;# 
  2007     1E41                     RX1DTPPS        equ	7745	;# 
  2008     1E42                     RX1PPS          equ	7746	;# 
  2009     1E42                     TX1CKPPS        equ	7746	;# 
  2010     1E47                     SSP1CLKPPS      equ	7751	;# 
  2011     1E48                     SSP1DATPPS      equ	7752	;# 
  2012     1E49                     SSP1SSPPS       equ	7753	;# 
  2013     1E50                     ADACTPPS        equ	7760	;# 
  2014     1E57                     CLBIN0PPS       equ	7767	;# 
  2015     1E58                     CLBIN1PPS       equ	7768	;# 
  2016     1E59                     CLBIN2PPS       equ	7769	;# 
  2017     1E5A                     CLBIN3PPS       equ	7770	;# 
  2018     1E8C                     ANSELA          equ	7820	;# 
  2019     1E8D                     WPUA            equ	7821	;# 
  2020     1E8E                     ODCONA          equ	7822	;# 
  2021     1E8F                     SLRCONA         equ	7823	;# 
  2022     1E90                     INLVLA          equ	7824	;# 
  2023     1E91                     IOCAP           equ	7825	;# 
  2024     1E92                     IOCAN           equ	7826	;# 
  2025     1E93                     IOCAF           equ	7827	;# 
  2026     1E96                     ANSELB          equ	7830	;# 
  2027     1E97                     WPUB            equ	7831	;# 
  2028     1E98                     ODCONB          equ	7832	;# 
  2029     1E99                     SLRCONB         equ	7833	;# 
  2030     1E9A                     INLVLB          equ	7834	;# 
  2031     1E9B                     IOCBP           equ	7835	;# 
  2032     1E9C                     IOCBN           equ	7836	;# 
  2033     1E9D                     IOCBF           equ	7837	;# 
  2034     1EA0                     ANSELC          equ	7840	;# 
  2035     1EA1                     WPUC            equ	7841	;# 
  2036     1EA2                     ODCONC          equ	7842	;# 
  2037     1EA3                     SLRCONC         equ	7843	;# 
  2038     1EA4                     INLVLC          equ	7844	;# 
  2039     1EA5                     IOCCP           equ	7845	;# 
  2040     1EA6                     IOCCN           equ	7846	;# 
  2041     1EA7                     IOCCF           equ	7847	;# 
  2042     1EE5                     RB4I2C          equ	7909	;# 
  2043     1EE7                     RB6I2C          equ	7911	;# 
  2044     1F0C                     UMTOAP          equ	7948	;# 
  2045     1F0D                     UMTOAL          equ	7949	;# 
  2046     1F0E                     UMTOAH          equ	7950	;# 
  2047     1FE4                     STATUS_SHAD     equ	8164	;# 
  2048     1FE5                     WREG_SHAD       equ	8165	;# 
  2049     1FE6                     BSR_SHAD        equ	8166	;# 
  2050     1FE7                     PCLATH_SHAD     equ	8167	;# 
  2051     1FE8                     FSR0_SHAD       equ	8168	;# 
  2052     1FE8                     FSR0L_SHAD      equ	8168	;# 
  2053     1FE9                     FSR0H_SHAD      equ	8169	;# 
  2054     1FEA                     FSR1_SHAD       equ	8170	;# 
  2055     1FEA                     FSR1L_SHAD      equ	8170	;# 
  2056     1FEB                     FSR1H_SHAD      equ	8171	;# 
  2057     1FED                     STKPTR          equ	8173	;# 
  2058     1FEE                     TOSL            equ	8174	;# 
  2059     1FEF                     TOSH            equ	8175	;# 
  2060                           
  2061 ;; Function _INT_DefaultInterruptHandler is unused but had its address taken
  2062     0000                     _INT_DefaultInterruptHandler equ	0
  2063                           
  2064 ;; Function _I2C1_Deinitialize is unused but had its address taken
  2065     0000                     _I2C1_Deinitialize equ	0
  2066                           
  2067 ;; Function _I2C1_Read is unused but had its address taken
  2068     0000                     _I2C1_Read      equ	0
  2069                           
  2070 ;; Function _I2C1_CallbackRegister is unused but had its address taken
  2071     0000                     _I2C1_CallbackRegister equ	0
  2072                           
  2073                           	psect	stringtext1
  2074     0628                     __pstringtext1:
  2075     0628                     _I2C1_Host:
  2076     0628  345F               	retlw	low _I2C1_Initialize
  2077     0629  3406               	retlw	high _I2C1_Initialize
  2078     062A  3400               	retlw	0
  2079     062B  3400               	retlw	0
  2080     062C  34B4               	retlw	low _I2C1_Write
  2081     062D  3405               	retlw	high _I2C1_Write
  2082     062E  3400               	retlw	0
  2083     062F  3400               	retlw	0
  2084     0630  348D               	retlw	low _I2C1_WriteRead
  2085     0631  3405               	retlw	high _I2C1_WriteRead
  2086     0632  3400               	retlw	0
  2087     0633  3400               	retlw	0
  2088     0634  34B6               	retlw	low _I2C1_ErrorGet
  2089     0635  3406               	retlw	high _I2C1_ErrorGet
  2090     0636  34DA               	retlw	low _I2C1_IsBusy
  2091     0637  3406               	retlw	high _I2C1_IsBusy
  2092     0638  3400               	retlw	0
  2093     0639  3400               	retlw	0
  2094     063A  3400               	retlw	0
  2095     063B  3400               	retlw	0
  2096     063C                     __end_of_I2C1_Host:
  2097                           
  2098                           	psect	stringtext2
  2099     063C                     __pstringtext2:
  2100     063C                     _i2c1_eventTable:
  2101     063C  34D6               	retlw	low _I2C1_EVENT_IDLE
  2102     063D  3406               	retlw	high _I2C1_EVENT_IDLE
  2103     063E  349D               	retlw	low _I2C1_EVENT_SEND_RD_ADDR
  2104     063F  3406               	retlw	high _I2C1_EVENT_SEND_RD_ADDR
  2105     0640  34C8               	retlw	low _I2C1_EVENT_SEND_WR_ADDR
  2106     0641  3406               	retlw	high _I2C1_EVENT_SEND_WR_ADDR
  2107     0642  343A               	retlw	low _I2C1_EVENT_TX
  2108     0643  3405               	retlw	high _I2C1_EVENT_TX
  2109     0644  34DF               	retlw	low _I2C1_EVENT_RX
  2110     0645  3404               	retlw	high _I2C1_EVENT_RX
  2111     0646  34C2               	retlw	low _I2C1_EVENT_NACK
  2112     0647  3406               	retlw	high _I2C1_EVENT_NACK
  2113     0648  34BC               	retlw	low _I2C1_EVENT_ERROR
  2114     0649  3406               	retlw	high _I2C1_EVENT_ERROR
  2115     064A  3496               	retlw	low _I2C1_EVENT_STOP
  2116     064B  3406               	retlw	high _I2C1_EVENT_STOP
  2117     064C  348F               	retlw	low _I2C1_EVENT_RESET
  2118     064D  3406               	retlw	high _I2C1_EVENT_RESET
  2119     064E                     __end_of_i2c1_eventTable:
  2120                           
  2121                           	psect	nvBANK0
  2122     006E                     __pnvBANK0:
  2123     006E                     _INT_InterruptHandler:
  2124     006E                     	ds	2
  2125     0014                     _TRISC          set	20
  2126     0013                     _TRISB          set	19
  2127     0012                     _TRISA          set	18
  2128     001A                     _LATC           set	26
  2129     0019                     _LATB           set	25
  2130     0018                     _LATA           set	24
  2131     000B                     _INTCONbits     set	11
  2132     0091                     _PIR5bits       set	145
  2133     009B                     _PIE5bits       set	155
  2134     008C                     _PIR0bits       set	140
  2135     0292                     _OSCTUNE        set	658
  2136     0293                     _OSCFRQ         set	659
  2137     0291                     _OSCEN          set	657
  2138     028F                     _OSCCON3        set	655
  2139     028D                     _OSCCON1        set	653
  2140     078C                     _SSP1BUF        set	1932
  2141     078F                     _SSP1STATbits   set	1935
  2142     0791                     _SSP1CON2bits   set	1937
  2143     0790                     _SSP1CON1bits   set	1936
  2144     078D                     _SSP1ADD        set	1933
  2145     0792                     _SSP1CON3       set	1938
  2146     0791                     _SSP1CON2       set	1937
  2147     0790                     _SSP1CON1       set	1936
  2148     078F                     _SSP1STAT       set	1935
  2149     1D98                     _RB4PPS         set	7576
  2150     1D9A                     _RB6PPS         set	7578
  2151     1E48                     _SSP1DATPPS     set	7752
  2152     1E47                     _SSP1CLKPPS     set	7751
  2153     1EA7                     _IOCCF          set	7847
  2154     1EA6                     _IOCCN          set	7846
  2155     1EA5                     _IOCCP          set	7845
  2156     1E9D                     _IOCBF          set	7837
  2157     1E9C                     _IOCBN          set	7836
  2158     1E9B                     _IOCBP          set	7835
  2159     1E93                     _IOCAF          set	7827
  2160     1E92                     _IOCAN          set	7826
  2161     1E91                     _IOCAP          set	7825
  2162     1EA4                     _INLVLC         set	7844
  2163     1E9A                     _INLVLB         set	7834
  2164     1E90                     _INLVLA         set	7824
  2165     1EA3                     _SLRCONC        set	7843
  2166     1E99                     _SLRCONB        set	7833
  2167     1E8F                     _SLRCONA        set	7823
  2168     1EA2                     _ODCONC         set	7842
  2169     1E98                     _ODCONB         set	7832
  2170     1E8E                     _ODCONA         set	7822
  2171     1EA1                     _WPUC           set	7841
  2172     1E97                     _WPUB           set	7831
  2173     1E8D                     _WPUA           set	7821
  2174     1EA0                     _ANSELC         set	7840
  2175     1E96                     _ANSELB         set	7830
  2176     1E8C                     _ANSELA         set	7820
  2177                           
  2178                           	psect	cinit
  2179     002A                     start_initialization:	
  2180                           ; #config settings
  2181                           
  2182     002A                     __initialization:
  2183                           
  2184                           ; Clear objects allocated to COMMON
  2185     002A  01F9               	clrf	__pbssCOMMON& (0+127)
  2186     002B  01FA               	clrf	(__pbssCOMMON+1)& (0+127)
  2187                           
  2188                           ; Clear objects allocated to BANK0
  2189     002C  3020               	movlw	low __pbssBANK0
  2190     002D  0084               	movwf	4
  2191     002E  3000               	movlw	high __pbssBANK0
  2192     002F  0085               	movwf	5
  2193     0030  302E               	movlw	46
  2194     0031  3186  26A4  3180   	fcall	clear_ram0
  2195     0034                     end_of_initialization:	
  2196                           ;End of C runtime variable initialization code
  2197                           
  2198     0034                     __end_of__initialization:
  2199     0034  107E               	bcf	int$flags,0	;clear compiler interrupt flag (level 1)
  2200     0035  0140               	movlb	0
  2201     0036  3181  29CD         	ljmp	_main	;jump to C main() function
  2202                           
  2203                           	psect	bssCOMMON
  2204     0079                     __pbssCOMMON:
  2205     0079                     _i2c_read_buffer:
  2206     0079                     	ds	2
  2207                           
  2208                           	psect	bssBANK0
  2209     0020                     __pbssBANK0:
  2210     0020                     _i2c1Status:
  2211     0020                     	ds	13
  2212     002D                     _vcnl4200_lux_integer:
  2213     002D                     	ds	4
  2214     0031                     _vcnl4200_lux_millilux:
  2215     0031                     	ds	4
  2216     0035                     _I2C1_Callback:
  2217     0035                     	ds	2
  2218     0037                     _vcnl4200_id_data:
  2219     0037                     	ds	2
  2220     0039                     _vcnl4200_proximity:
  2221     0039                     	ds	2
  2222     003B                     _vcnl4200_lux_decimal:
  2223     003B                     	ds	2
  2224     003D                     _vcnl4200_ambient_light:
  2225     003D                     	ds	2
  2226     003F                     _mcp9808_temperature_decimal:
  2227     003F                     	ds	2
  2228     0041                     _mcp9808_temperature_integer:
  2229     0041                     	ds	2
  2230     0043                     _mcp9808_temperature_centi:
  2231     0043                     	ds	2
  2232     0045                     _mcp9808_temperature:
  2233     0045                     	ds	2
  2234     0047                     _vcnl4200_error:
  2235     0047                     	ds	1
  2236     0048                     _vcnl4200_ok:
  2237     0048                     	ds	1
  2238     0049                     _mcp9808_error:
  2239     0049                     	ds	1
  2240     004A                     _mcp9808_ok:
  2241     004A                     	ds	1
  2242     004B                     _i2c_write_buffer:
  2243     004B                     	ds	3
  2244                           
  2245                           	psect	clrtext
  2246     06A4                     clear_ram0:	
  2247                           ;	Called with FSR0 containing the base address, and
  2248                           ;	WREG with the size to clear
  2249                           
  2250     06A4  0064               	clrwdt	;clear the watchdog before getting into this loop
  2251     06A5                     clrloop0:
  2252     06A5  0180               	clrf	0	;clear RAM location pointed to by FSR
  2253     06A6  3101               	addfsr 0,1
  2254     06A7  0B89               	decfsz	9,f	;Have we reached the end of clearing yet?
  2255     06A8  2EA5               	goto	clrloop0	;have we reached the end yet?
  2256     06A9  3400               	retlw	0	;all done for this memory range, return
  2257                           
  2258                           	psect	cstackCOMMON
  2259     0070                     __pcstackCOMMON:
  2260     0070                     ?_I2C1_ERROR_ISR:
  2261     0070                     ?_I2C1_ISR:	
  2262                           ; 1 bytes @ 0x0
  2263                           
  2264     0070                     ?_PIN_MANAGER_Initialize:	
  2265                           ; 1 bytes @ 0x0
  2266                           
  2267     0070                     ?_I2C1_Initialize:	
  2268                           ; 1 bytes @ 0x0
  2269                           
  2270     0070                     ?_I2C1_IsBusy:	
  2271                           ; 1 bytes @ 0x0
  2272                           
  2273     0070                     ?_I2C1_ErrorGet:	
  2274                           ; 1 bytes @ 0x0
  2275                           
  2276     0070                     ?_I2C1_EVENT_IDLE:	
  2277                           ; 1 bytes @ 0x0
  2278                           
  2279     0070                     ?_I2C1_EVENT_SEND_RD_ADDR:	
  2280                           ; 1 bytes @ 0x0
  2281                           
  2282     0070                     ?_I2C1_EVENT_SEND_WR_ADDR:	
  2283                           ; 1 bytes @ 0x0
  2284                           
  2285     0070                     ?_I2C1_EVENT_TX:	
  2286                           ; 1 bytes @ 0x0
  2287                           
  2288     0070                     ?_I2C1_EVENT_RX:	
  2289                           ; 1 bytes @ 0x0
  2290                           
  2291     0070                     ?_I2C1_EVENT_NACK:	
  2292                           ; 1 bytes @ 0x0
  2293                           
  2294     0070                     ?_I2C1_EVENT_ERROR:	
  2295                           ; 1 bytes @ 0x0
  2296                           
  2297     0070                     ?_I2C1_EVENT_STOP:	
  2298                           ; 1 bytes @ 0x0
  2299                           
  2300     0070                     ?_I2C1_EVENT_RESET:	
  2301                           ; 1 bytes @ 0x0
  2302                           
  2303     0070                     ?_I2C1_WriteStart:	
  2304                           ; 1 bytes @ 0x0
  2305                           
  2306     0070                     ?_I2C1_EventHandler:	
  2307                           ; 1 bytes @ 0x0
  2308                           
  2309     0070                     ?_I2C1_ErrorEventHandler:	
  2310                           ; 1 bytes @ 0x0
  2311                           
  2312     0070                     ?_CLOCK_Initialize:	
  2313                           ; 1 bytes @ 0x0
  2314                           
  2315     0070                     ?_INTERRUPT_Initialize:	
  2316                           ; 1 bytes @ 0x0
  2317                           
  2318     0070                     ?_INTERRUPT_InterruptManager:	
  2319                           ; 1 bytes @ 0x0
  2320                           
  2321     0070                     ?_SYSTEM_Initialize:	
  2322                           ; 1 bytes @ 0x0
  2323                           
  2324     0070                     ?_Delay_Long:	
  2325                           ; 1 bytes @ 0x0
  2326                           
  2327     0070                     ?_I2C_WaitComplete:	
  2328                           ; 1 bytes @ 0x0
  2329                           
  2330     0070                     ?_VCNL4200_Initialize:	
  2331                           ; 1 bytes @ 0x0
  2332                           
  2333     0070                     ?_VCNL4200_ReadSensors:	
  2334                           ; 1 bytes @ 0x0
  2335                           
  2336     0070                     ?_VCNL4200_ReadID:	
  2337                           ; 1 bytes @ 0x0
  2338                           
  2339     0070                     ?_main:	
  2340                           ; 1 bytes @ 0x0
  2341                           
  2342     0070                     ?_I2C1_Close:	
  2343                           ; 1 bytes @ 0x0
  2344                           
  2345     0070                     I2C1_EVENT_TX@retEventState:	
  2346                           ; 1 bytes @ 0x0
  2347                           
  2348     0070                     I2C1_EVENT_RX@retEventState:	
  2349                           ; 1 bytes @ 0x0
  2350                           
  2351     0070                     I2C1_EVENT_NACK@retEventState:	
  2352                           ; 1 bytes @ 0x0
  2353                           
  2354     0070                     I2C1_EVENT_ERROR@retEventState:	
  2355                           ; 1 bytes @ 0x0
  2356                           
  2357     0070                     ??_I2C1_EVENT_IDLE:	
  2358                           ; 1 bytes @ 0x0
  2359                           
  2360     0070                     ??_I2C1_EVENT_SEND_RD_ADDR:	
  2361                           ; 1 bytes @ 0x0
  2362                           
  2363     0070                     ??_I2C1_EVENT_SEND_WR_ADDR:	
  2364                           ; 1 bytes @ 0x0
  2365                           
  2366     0070                     ??_I2C1_EVENT_TX:	
  2367                           ; 1 bytes @ 0x0
  2368                           
  2369     0070                     ??_I2C1_EVENT_RX:	
  2370                           ; 1 bytes @ 0x0
  2371                           
  2372     0070                     ??_I2C1_EVENT_NACK:	
  2373                           ; 1 bytes @ 0x0
  2374                           
  2375     0070                     ??_I2C1_EVENT_ERROR:	
  2376                           ; 1 bytes @ 0x0
  2377                           
  2378     0070                     ??_I2C1_EVENT_STOP:	
  2379                           ; 1 bytes @ 0x0
  2380                           
  2381     0070                     ??_I2C1_EVENT_RESET:	
  2382                           ; 1 bytes @ 0x0
  2383                           
  2384     0070                     ??_I2C1_Close:	
  2385                           ; 1 bytes @ 0x0
  2386                           
  2387                           
  2388                           ; 1 bytes @ 0x0
  2389     0070                     	ds	1
  2390     0071                     ??_I2C1_EventHandler:
  2391     0071                     ??_I2C1_ErrorEventHandler:	
  2392                           ; 1 bytes @ 0x1
  2393                           
  2394                           
  2395                           ; 1 bytes @ 0x1
  2396     0071                     	ds	2
  2397     0073                     ?_INT_SetInterruptHandler:
  2398     0073                     ?_I2C1_Write:	
  2399                           ; 1 bytes @ 0x3
  2400                           
  2401     0073                     ?___awdiv:	
  2402                           ; 1 bytes @ 0x3
  2403                           
  2404     0073                     ?___awmod:	
  2405                           ; 2 bytes @ 0x3
  2406                           
  2407     0073                     I2C1_WriteRead@retStatus:	
  2408                           ; 2 bytes @ 0x3
  2409                           
  2410     0073                     I2C1_ErrorGet@retErrorState:	
  2411                           ; 1 bytes @ 0x3
  2412                           
  2413     0073                     ___llmod@counter:	
  2414                           ; 1 bytes @ 0x3
  2415                           
  2416     0073                     INT_SetInterruptHandler@InterruptHandler:	
  2417                           ; 1 bytes @ 0x3
  2418                           
  2419     0073                     I2C1_Write@address:	
  2420                           ; 2 bytes @ 0x3
  2421                           
  2422     0073                     ___awdiv@divisor:	
  2423                           ; 2 bytes @ 0x3
  2424                           
  2425     0073                     ___awmod@divisor:	
  2426                           ; 2 bytes @ 0x3
  2427                           
  2428     0073                     Delay_Long@delay:	
  2429                           ; 2 bytes @ 0x3
  2430                           
  2431     0073                     I2C_WaitComplete@timeout:	
  2432                           ; 4 bytes @ 0x3
  2433                           
  2434     0073                     ___lmul@product:	
  2435                           ; 4 bytes @ 0x3
  2436                           
  2437     0073                     ??_I2C1_ERROR_ISR:	
  2438                           ; 4 bytes @ 0x3
  2439                           
  2440     0073                     ??_I2C1_ISR:	
  2441                           ; 1 bytes @ 0x3
  2442                           
  2443     0073                     ??_PIN_MANAGER_Initialize:	
  2444                           ; 1 bytes @ 0x3
  2445                           
  2446     0073                     ??_I2C1_Initialize:	
  2447                           ; 1 bytes @ 0x3
  2448                           
  2449     0073                     ??_I2C1_IsBusy:	
  2450                           ; 1 bytes @ 0x3
  2451                           
  2452     0073                     ??_I2C1_ErrorGet:	
  2453                           ; 1 bytes @ 0x3
  2454                           
  2455     0073                     ??_I2C1_WriteRead:	
  2456                           ; 1 bytes @ 0x3
  2457                           
  2458     0073                     ??_I2C1_WriteStart:	
  2459                           ; 1 bytes @ 0x3
  2460                           
  2461     0073                     ??_CLOCK_Initialize:	
  2462                           ; 1 bytes @ 0x3
  2463                           
  2464     0073                     ??_INTERRUPT_InterruptManager:	
  2465                           ; 1 bytes @ 0x3
  2466                           
  2467     0073                     ??_Delay_Long:	
  2468                           ; 1 bytes @ 0x3
  2469                           
  2470     0073                     ??_I2C_WaitComplete:	
  2471                           ; 1 bytes @ 0x3
  2472                           
  2473     0073                     ??___lmul:	
  2474                           ; 1 bytes @ 0x3
  2475                           
  2476     0073                     ??___llmod:	
  2477                           ; 1 bytes @ 0x3
  2478                           
  2479                           
  2480                           ; 1 bytes @ 0x3
  2481     0073                     	ds	1
  2482     0074                     ___lldiv@quotient:
  2483     0074                     ??___lldiv:	
  2484                           ; 4 bytes @ 0x4
  2485                           
  2486                           
  2487                           ; 1 bytes @ 0x4
  2488     0074                     	ds	1
  2489     0075                     I2C1_Write@data:
  2490     0075                     ___awdiv@dividend:	
  2491                           ; 1 bytes @ 0x5
  2492                           
  2493     0075                     ___awmod@dividend:	
  2494                           ; 2 bytes @ 0x5
  2495                           
  2496     0075                     ??_INT_SetInterruptHandler:	
  2497                           ; 2 bytes @ 0x5
  2498                           
  2499     0075                     ??_INTERRUPT_Initialize:	
  2500                           ; 1 bytes @ 0x5
  2501                           
  2502     0075                     ??_SYSTEM_Initialize:	
  2503                           ; 1 bytes @ 0x5
  2504                           
  2505                           
  2506                           ; 1 bytes @ 0x5
  2507     0075                     	ds	1
  2508     0076                     I2C1_Write@dataLength:
  2509                           
  2510                           ; 2 bytes @ 0x6
  2511     0076                     	ds	1
  2512     0077                     VCNL4200_ReadRegister16@reg:
  2513     0077                     ___awmod@counter:	
  2514                           ; 1 bytes @ 0x7
  2515                           
  2516     0077                     ??_VCNL4200_ReadRegister16:	
  2517                           ; 1 bytes @ 0x7
  2518                           
  2519     0077                     ??_MCP9808_ReadTemperatureRaw:	
  2520                           ; 1 bytes @ 0x7
  2521                           
  2522     0077                     ??___aldiv:	
  2523                           ; 1 bytes @ 0x7
  2524                           
  2525     0077                     ??___awdiv:	
  2526                           ; 1 bytes @ 0x7
  2527                           
  2528     0077                     ??___awmod:	
  2529                           ; 1 bytes @ 0x7
  2530                           
  2531                           
  2532                           ; 1 bytes @ 0x7
  2533     0077                     	ds	1
  2534     0078                     I2C1_Write@retStatus:
  2535     0078                     ___lldiv@counter:	
  2536                           ; 1 bytes @ 0x8
  2537                           
  2538     0078                     ___awmod@sign:	
  2539                           ; 1 bytes @ 0x8
  2540                           
  2541     0078                     ??_I2C1_Write:	
  2542                           ; 1 bytes @ 0x8
  2543                           
  2544     0078                     ??_VCNL4200_ReadID:	
  2545                           ; 1 bytes @ 0x8
  2546                           
  2547                           
  2548                           ; 1 bytes @ 0x8
  2549     0078                     	ds	1
  2550     0079                     ??_VCNL4200_WriteRegister16:
  2551     0079                     ??_VCNL4200_Initialize:	
  2552                           ; 1 bytes @ 0x9
  2553                           
  2554     0079                     ??_VCNL4200_ReadSensors:	
  2555                           ; 1 bytes @ 0x9
  2556                           
  2557     0079                     ??_main:	
  2558                           ; 1 bytes @ 0x9
  2559                           
  2560                           
  2561                           	psect	cstackBANK0
  2562     004E                     __pcstackBANK0:	
  2563                           ; 1 bytes @ 0x9
  2564                           
  2565     004E                     ?_I2C1_WriteRead:
  2566     004E                     ?_VCNL4200_WriteRegister16:	
  2567                           ; 1 bytes @ 0x0
  2568                           
  2569     004E                     ?___lmul:	
  2570                           ; 1 bytes @ 0x0
  2571                           
  2572     004E                     ?___llmod:	
  2573                           ; 4 bytes @ 0x0
  2574                           
  2575     004E                     VCNL4200_WriteRegister16@low:	
  2576                           ; 4 bytes @ 0x0
  2577                           
  2578     004E                     ___awdiv@counter:	
  2579                           ; 1 bytes @ 0x0
  2580                           
  2581     004E                     I2C1_WriteRead@address:	
  2582                           ; 1 bytes @ 0x0
  2583                           
  2584     004E                     ___lmul@multiplier:	
  2585                           ; 2 bytes @ 0x0
  2586                           
  2587     004E                     ___llmod@divisor:	
  2588                           ; 4 bytes @ 0x0
  2589                           
  2590                           
  2591                           ; 4 bytes @ 0x0
  2592     004E                     	ds	1
  2593     004F                     VCNL4200_WriteRegister16@high:
  2594     004F                     ___awdiv@sign:	
  2595                           ; 1 bytes @ 0x1
  2596                           
  2597                           
  2598                           ; 1 bytes @ 0x1
  2599     004F                     	ds	1
  2600     0050                     VCNL4200_WriteRegister16@reg:
  2601     0050                     I2C1_WriteRead@writeData:	
  2602                           ; 1 bytes @ 0x2
  2603                           
  2604     0050                     ___awdiv@quotient:	
  2605                           ; 1 bytes @ 0x2
  2606                           
  2607                           
  2608                           ; 2 bytes @ 0x2
  2609     0050                     	ds	1
  2610     0051                     VCNL4200_Initialize@ok:
  2611     0051                     I2C1_WriteRead@writeLength:	
  2612                           ; 1 bytes @ 0x3
  2613                           
  2614                           
  2615                           ; 2 bytes @ 0x3
  2616     0051                     	ds	1
  2617     0052                     ___lmul@multiplicand:
  2618     0052                     ___llmod@dividend:	
  2619                           ; 4 bytes @ 0x4
  2620                           
  2621                           
  2622                           ; 4 bytes @ 0x4
  2623     0052                     	ds	1
  2624     0053                     I2C1_WriteRead@readData:
  2625                           
  2626                           ; 1 bytes @ 0x5
  2627     0053                     	ds	1
  2628     0054                     I2C1_WriteRead@readLength:
  2629                           
  2630                           ; 2 bytes @ 0x6
  2631     0054                     	ds	2
  2632     0056                     ?_VCNL4200_ReadRegister16:
  2633     0056                     ?_MCP9808_ReadTemperatureRaw:	
  2634                           ; 1 bytes @ 0x8
  2635                           
  2636     0056                     ?___lldiv:	
  2637                           ; 1 bytes @ 0x8
  2638                           
  2639     0056                     ?___aldiv:	
  2640                           ; 4 bytes @ 0x8
  2641                           
  2642     0056                     VCNL4200_ReadRegister16@value:	
  2643                           ; 4 bytes @ 0x8
  2644                           
  2645     0056                     MCP9808_ReadTemperatureRaw@value:	
  2646                           ; 1 bytes @ 0x8
  2647                           
  2648     0056                     ___lldiv@divisor:	
  2649                           ; 1 bytes @ 0x8
  2650                           
  2651     0056                     ___aldiv@divisor:	
  2652                           ; 4 bytes @ 0x8
  2653                           
  2654                           
  2655                           ; 4 bytes @ 0x8
  2656     0056                     	ds	1
  2657     0057                     VCNL4200_ReadID@id:
  2658                           
  2659                           ; 2 bytes @ 0x9
  2660     0057                     	ds	3
  2661     005A                     ___lldiv@dividend:
  2662     005A                     ___aldiv@dividend:	
  2663                           ; 4 bytes @ 0xC
  2664                           
  2665                           
  2666                           ; 4 bytes @ 0xC
  2667     005A                     	ds	4
  2668     005E                     ___aldiv@counter:
  2669     005E                     VCNL4200_ReadSensors@proximity:	
  2670                           ; 1 bytes @ 0x10
  2671                           
  2672                           
  2673                           ; 2 bytes @ 0x10
  2674     005E                     	ds	1
  2675     005F                     ___aldiv@sign:
  2676                           
  2677                           ; 1 bytes @ 0x11
  2678     005F                     	ds	1
  2679     0060                     VCNL4200_ReadSensors@ambient:
  2680     0060                     ___aldiv@quotient:	
  2681                           ; 2 bytes @ 0x12
  2682                           
  2683                           
  2684                           ; 4 bytes @ 0x12
  2685     0060                     	ds	4
  2686     0064                     ?_MCP9808_ProcessTemperature:
  2687     0064                     MCP9808_ProcessTemperature@raw:	
  2688                           ; 1 bytes @ 0x16
  2689                           
  2690                           
  2691                           ; 2 bytes @ 0x16
  2692     0064                     	ds	2
  2693     0066                     ??_MCP9808_ProcessTemperature:
  2694                           
  2695                           ; 1 bytes @ 0x18
  2696     0066                     	ds	2
  2697     0068                     MCP9808_ProcessTemperature@temperature_raw:
  2698                           
  2699                           ; 2 bytes @ 0x1A
  2700     0068                     	ds	2
  2701     006A                     MCP9808_ProcessTemperature@centi:
  2702                           
  2703                           ; 2 bytes @ 0x1C
  2704     006A                     	ds	2
  2705     006C                     main@mcp9808_raw_temperature:
  2706                           
  2707                           ; 2 bytes @ 0x1E
  2708     006C                     	ds	2
  2709                           
  2710                           	psect	maintext
  2711     01CD                     __pmaintext:	
  2712 ;;
  2713 ;;Main: autosize = 0, tempsize = 0, incstack = 0, save=0
  2714 ;;
  2715 ;; *************** function _main *****************
  2716 ;; Defined at:
  2717 ;;		line 593 in file "main.c"
  2718 ;; Parameters:    Size  Location     Type
  2719 ;;		None
  2720 ;; Auto vars:     Size  Location     Type
  2721 ;;  mcp9808_raw_    2   30[BANK0 ] unsigned short 
  2722 ;; Return value:  Size  Location     Type
  2723 ;;                  1    wreg      void 
  2724 ;; Registers used:
  2725 ;;		wreg, fsr1l, fsr1h, status,2, status,0, pclath, cstack
  2726 ;; Tracked objects:
  2727 ;;		On entry : B3F/0
  2728 ;;		On exit  : 0/0
  2729 ;;		Unchanged: 0/0
  2730 ;; Data sizes:     COMMON   BANK0   BANK1   BANK2   BANK3   BANK4   BANK5   BANK6   BANK7   BANK8   BANK9  BANK10  BANK1
      +1  BANK12
  2731 ;;      Params:         0       0       0       0       0       0       0       0       0       0       0       0       
      +0       0
  2732 ;;      Locals:         0       2       0       0       0       0       0       0       0       0       0       0       
      +0       0
  2733 ;;      Temps:          0       0       0       0       0       0       0       0       0       0       0       0       
      +0       0
  2734 ;;      Totals:         0       2       0       0       0       0       0       0       0       0       0       0       
      +0       0
  2735 ;;Total ram usage:        2 bytes
  2736 ;; Hardware stack levels required when called: 10
  2737 ;; This function calls:
  2738 ;;		_Delay_Long
  2739 ;;		_I2C1_Initialize
  2740 ;;		_MCP9808_ProcessTemperature
  2741 ;;		_MCP9808_ReadTemperatureRaw
  2742 ;;		_SYSTEM_Initialize
  2743 ;;		_VCNL4200_Initialize
  2744 ;;		_VCNL4200_ReadID
  2745 ;;		_VCNL4200_ReadSensors
  2746 ;; This function is called by:
  2747 ;;		Startup code after reset
  2748 ;; This function uses a non-reentrant model
  2749 ;;
  2750                           
  2751     01CD                     _main:	
  2752                           ;psect for function _main
  2753                           
  2754     01CD                     l2702:	
  2755                           ;incstack = 0
  2756                           ; Regs used in _main: [wreg+fsr1l+fsr1h+status,2+status,0+pclath+cstack]
  2757                           
  2758                           
  2759                           ;main.c: 595:     uint16_t mcp9808_raw_temperature;;main.c: 602:     SYSTEM_Initialize()
      +                          ;
  2760     01CD  3186  266E  3181   	fcall	_SYSTEM_Initialize
  2761     01D0                     l2704:
  2762                           
  2763                           ;main.c: 609:     I2C1_Initialize();
  2764     01D0  3186  265F  3181   	fcall	_I2C1_Initialize
  2765     01D3                     l2706:
  2766                           
  2767                           ;main.c: 616:     mcp9808_temperature = 0;
  2768     01D3  0140               	movlb	0	; select bank0
  2769     01D4  01C5               	clrf	_mcp9808_temperature	;volatile
  2770     01D5  01C6               	clrf	_mcp9808_temperature+1	;volatile
  2771     01D6                     l2708:
  2772                           
  2773                           ;main.c: 618:     mcp9808_temperature_centi = 0;
  2774     01D6  01C3               	clrf	_mcp9808_temperature_centi	;volatile
  2775     01D7  01C4               	clrf	_mcp9808_temperature_centi+1	;volatile
  2776     01D8                     l2710:
  2777                           
  2778                           ;main.c: 620:     mcp9808_temperature_integer = 0;
  2779     01D8  01C1               	clrf	_mcp9808_temperature_integer	;volatile
  2780     01D9  01C2               	clrf	_mcp9808_temperature_integer+1	;volatile
  2781     01DA                     l2712:
  2782                           
  2783                           ;main.c: 622:     mcp9808_temperature_decimal = 0;
  2784     01DA  01BF               	clrf	_mcp9808_temperature_decimal	;volatile
  2785     01DB  01C0               	clrf	_mcp9808_temperature_decimal+1	;volatile
  2786     01DC                     l2714:
  2787                           
  2788                           ;main.c: 624:     mcp9808_ok = 0;
  2789     01DC  01CA               	clrf	_mcp9808_ok	;volatile
  2790     01DD                     l2716:
  2791                           
  2792                           ;main.c: 626:     mcp9808_error = I2C_ERROR_NONE;
  2793     01DD  01C9               	clrf	_mcp9808_error	;volatile
  2794     01DE                     l2718:
  2795                           
  2796                           ;main.c: 633:     vcnl4200_ambient_light = 0;
  2797     01DE  01BD               	clrf	_vcnl4200_ambient_light	;volatile
  2798     01DF  01BE               	clrf	_vcnl4200_ambient_light+1	;volatile
  2799     01E0                     l2720:
  2800                           
  2801                           ;main.c: 635:     vcnl4200_lux_millilux = 0;
  2802     01E0  3000               	movlw	0
  2803     01E1  00B4               	movwf	_vcnl4200_lux_millilux+3	;volatile
  2804     01E2  3000               	movlw	0
  2805     01E3  00B3               	movwf	_vcnl4200_lux_millilux+2	;volatile
  2806     01E4  3000               	movlw	0
  2807     01E5  00B2               	movwf	_vcnl4200_lux_millilux+1	;volatile
  2808     01E6  3000               	movlw	0
  2809     01E7  00B1               	movwf	_vcnl4200_lux_millilux	;volatile
  2810     01E8                     l2722:
  2811                           
  2812                           ;main.c: 637:     vcnl4200_lux_integer = 0;
  2813     01E8  3000               	movlw	0
  2814     01E9  00B0               	movwf	_vcnl4200_lux_integer+3	;volatile
  2815     01EA  3000               	movlw	0
  2816     01EB  00AF               	movwf	_vcnl4200_lux_integer+2	;volatile
  2817     01EC  3000               	movlw	0
  2818     01ED  00AE               	movwf	_vcnl4200_lux_integer+1	;volatile
  2819     01EE  3000               	movlw	0
  2820     01EF  00AD               	movwf	_vcnl4200_lux_integer	;volatile
  2821     01F0                     l2724:
  2822                           
  2823                           ;main.c: 639:     vcnl4200_lux_decimal = 0;
  2824     01F0  01BB               	clrf	_vcnl4200_lux_decimal	;volatile
  2825     01F1  01BC               	clrf	_vcnl4200_lux_decimal+1	;volatile
  2826     01F2                     l2726:
  2827                           
  2828                           ;main.c: 641:     vcnl4200_proximity = 0;
  2829     01F2  01B9               	clrf	_vcnl4200_proximity	;volatile
  2830     01F3  01BA               	clrf	_vcnl4200_proximity+1	;volatile
  2831     01F4                     l2728:
  2832                           
  2833                           ;main.c: 643:     vcnl4200_id_data[0] = 0;
  2834     01F4  01B7               	clrf	_vcnl4200_id_data	;volatile
  2835     01F5                     l2730:
  2836                           
  2837                           ;main.c: 645:     vcnl4200_id_data[1] = 0;
  2838     01F5  01B8               	clrf	_vcnl4200_id_data+1	;volatile
  2839     01F6                     l2732:
  2840                           
  2841                           ;main.c: 647:     vcnl4200_ok = 0;
  2842     01F6  01C8               	clrf	_vcnl4200_ok	;volatile
  2843     01F7                     l2734:
  2844                           
  2845                           ;main.c: 649:     vcnl4200_error = I2C_ERROR_NONE;
  2846     01F7  01C7               	clrf	_vcnl4200_error	;volatile
  2847     01F8                     l2736:
  2848                           
  2849                           ;main.c: 656:     INTCONbits.PEIE = 1;
  2850     01F8  170B               	bsf	11,6	;volatile
  2851     01F9                     l2738:
  2852                           
  2853                           ;main.c: 657:     INTCONbits.GIE = 1;
  2854     01F9  178B               	bsf	11,7	;volatile
  2855     01FA                     l2740:
  2856                           
  2857                           ;main.c: 664:     vcnl4200_ok =
  2858     01FA  3185  25D7  3181   	fcall	_VCNL4200_Initialize
  2859     01FD  0140               	movlb	0	; select bank0
  2860     01FE  00C8               	movwf	_vcnl4200_ok	;volatile
  2861     01FF                     l2742:
  2862                           
  2863                           ;main.c: 672:     if (vcnl4200_ok)
  2864     01FF  0848               	movf	_vcnl4200_ok,w	;volatile
  2865     0200  1903               	btfsc	3,2
  2866     0201  2A03               	goto	u2281
  2867     0202  2A04               	goto	u2280
  2868     0203                     u2281:
  2869     0203  2A0E               	goto	l2748
  2870     0204                     u2280:
  2871     0204                     l2744:
  2872                           
  2873                           ;main.c: 673:     {;main.c: 674:         if (!VCNL4200_ReadID())
  2874     0204  3186  2613  3181   	fcall	_VCNL4200_ReadID
  2875     0207  3A00               	xorlw	0
  2876     0208  1D03               	skipz
  2877     0209  2A0B               	goto	u2291
  2878     020A  2A0C               	goto	u2290
  2879     020B                     u2291:
  2880     020B  2A0E               	goto	l2748
  2881     020C                     u2290:
  2882     020C                     l2746:
  2883                           
  2884                           ;main.c: 675:         {;main.c: 676:             vcnl4200_ok = 0;
  2885     020C  0140               	movlb	0	; select bank0
  2886     020D  01C8               	clrf	_vcnl4200_ok	;volatile
  2887     020E                     l2748:
  2888                           
  2889                           ;main.c: 686:     {;main.c: 692:         if (MCP9808_ReadTemperatureRaw(
  2890     020E  306C               	movlw	(low (main@mcp9808_raw_temperature| 0))& (0+255)
  2891     020F  0140               	movlb	0	; select bank0
  2892     0210  00D6               	movwf	MCP9808_ReadTemperatureRaw@value
  2893     0211  3183  23C7  3181   	fcall	_MCP9808_ReadTemperatureRaw
  2894     0214  3A00               	xorlw	0
  2895     0215  1903               	skipnz
  2896     0216  2A18               	goto	u2301
  2897     0217  2A19               	goto	u2300
  2898     0218                     u2301:
  2899     0218  2A25               	goto	l2754
  2900     0219                     u2300:
  2901     0219                     l2750:
  2902                           
  2903                           ;main.c: 694:         {;main.c: 700:             MCP9808_ProcessTemperature(
  2904     0219  0140               	movlb	0	; select bank0
  2905     021A  086D               	movf	main@mcp9808_raw_temperature+1,w
  2906     021B  00E5               	movwf	MCP9808_ProcessTemperature@raw+1
  2907     021C  086C               	movf	main@mcp9808_raw_temperature,w
  2908     021D  00E4               	movwf	MCP9808_ProcessTemperature@raw
  2909     021E  3181  214C  3181   	fcall	_MCP9808_ProcessTemperature
  2910     0221                     l2752:
  2911                           
  2912                           ;main.c: 709:             mcp9808_ok = 1;
  2913     0221  3001               	movlw	1
  2914     0222  0140               	movlb	0	; select bank0
  2915     0223  00CA               	movwf	_mcp9808_ok	;volatile
  2916                           
  2917                           ;main.c: 710:         }
  2918     0224  2A27               	goto	l2756
  2919     0225                     l2754:
  2920                           
  2921                           ;main.c: 712:         {;main.c: 717:             mcp9808_ok = 0;
  2922     0225  0140               	movlb	0	; select bank0
  2923     0226  01CA               	clrf	_mcp9808_ok	;volatile
  2924     0227                     l2756:
  2925                           
  2926                           ;main.c: 725:         if (VCNL4200_ReadSensors())
  2927     0227  3180  20C4  3181   	fcall	_VCNL4200_ReadSensors
  2928     022A  3A00               	xorlw	0
  2929     022B  1903               	skipnz
  2930     022C  2A2E               	goto	u2311
  2931     022D  2A2F               	goto	u2310
  2932     022E                     u2311:
  2933     022E  2A33               	goto	l2760
  2934     022F                     u2310:
  2935     022F                     l2758:
  2936                           
  2937                           ;main.c: 726:         {;main.c: 731:             vcnl4200_ok = 1;
  2938     022F  3001               	movlw	1
  2939     0230  0140               	movlb	0	; select bank0
  2940     0231  00C8               	movwf	_vcnl4200_ok	;volatile
  2941                           
  2942                           ;main.c: 732:         }
  2943     0232  2A35               	goto	l2762
  2944     0233                     l2760:
  2945                           
  2946                           ;main.c: 734:         {;main.c: 739:             vcnl4200_ok = 0;
  2947     0233  0140               	movlb	0	; select bank0
  2948     0234  01C8               	clrf	_vcnl4200_ok	;volatile
  2949     0235                     l2762:
  2950                           
  2951                           ;main.c: 747:         Delay_Long();
  2952     0235  3185  250E  3181   	fcall	_Delay_Long
  2953     0238  2A0E               	goto	l2748
  2954     0239  3180  2828         	ljmp	start
  2955     023B                     __end_of_main:
  2956                           
  2957                           	psect	text1
  2958     00C4                     __ptext1:	
  2959 ;; *************** function _VCNL4200_ReadSensors *****************
  2960 ;; Defined at:
  2961 ;;		line 448 in file "main.c"
  2962 ;; Parameters:    Size  Location     Type
  2963 ;;		None
  2964 ;; Auto vars:     Size  Location     Type
  2965 ;;  ambient         2   18[BANK0 ] unsigned short 
  2966 ;;  proximity       2   16[BANK0 ] unsigned short 
  2967 ;; Return value:  Size  Location     Type
  2968 ;;                  1    wreg      _Bool 
  2969 ;; Registers used:
  2970 ;;		wreg, fsr1l, fsr1h, status,2, status,0, pclath, cstack
  2971 ;; Tracked objects:
  2972 ;;		On entry : 0/0
  2973 ;;		On exit  : 0/0
  2974 ;;		Unchanged: 0/0
  2975 ;; Data sizes:     COMMON   BANK0   BANK1   BANK2   BANK3   BANK4   BANK5   BANK6   BANK7   BANK8   BANK9  BANK10  BANK1
      +1  BANK12
  2976 ;;      Params:         0       0       0       0       0       0       0       0       0       0       0       0       
      +0       0
  2977 ;;      Locals:         0       4       0       0       0       0       0       0       0       0       0       0       
      +0       0
  2978 ;;      Temps:          0       0       0       0       0       0       0       0       0       0       0       0       
      +0       0
  2979 ;;      Totals:         0       4       0       0       0       0       0       0       0       0       0       0       
      +0       0
  2980 ;;Total ram usage:        4 bytes
  2981 ;; Hardware stack levels used: 1
  2982 ;; Hardware stack levels required when called: 7
  2983 ;; This function calls:
  2984 ;;		_VCNL4200_ReadRegister16
  2985 ;;		___lldiv
  2986 ;;		___llmod
  2987 ;;		___lmul
  2988 ;; This function is called by:
  2989 ;;		_main
  2990 ;; This function uses a non-reentrant model
  2991 ;;
  2992                           
  2993     00C4                     _VCNL4200_ReadSensors:	
  2994                           ;psect for function _VCNL4200_ReadSensors
  2995                           
  2996     00C4                     l2664:	
  2997                           ;incstack = 0
  2998                           ; Regs used in _VCNL4200_ReadSensors: [wreg+fsr1l+fsr1h+status,2+status,0+pclath+cstack]
  2999                           
  3000                           
  3001                           ;main.c: 450:     uint16_t ambient;;main.c: 451:     uint16_t proximity;;main.c: 460:   
      +                            if (!VCNL4200_ReadRegister16(
  3002     00C4  3060               	movlw	(low (VCNL4200_ReadSensors@ambient| 0))& (0+255)
  3003     00C5  0140               	movlb	0	; select bank0
  3004     00C6  00D6               	movwf	VCNL4200_ReadRegister16@value
  3005     00C7  3009               	movlw	9
  3006     00C8  3183  238A  3180   	fcall	_VCNL4200_ReadRegister16
  3007     00CB  3A00               	xorlw	0
  3008     00CC  1D03               	skipz
  3009     00CD  28CF               	goto	u2251
  3010     00CE  28D0               	goto	u2250
  3011     00CF                     u2251:
  3012     00CF  28D2               	goto	l2670
  3013     00D0                     u2250:
  3014     00D0                     l2666:
  3015                           
  3016                           ;main.c: 463:     {;main.c: 464:         return 0;
  3017     00D0  3000               	movlw	0
  3018     00D1  294B               	goto	l162
  3019     00D2                     l2670:
  3020                           
  3021                           ;main.c: 468:     vcnl4200_ambient_light = ambient;
  3022     00D2  0140               	movlb	0	; select bank0
  3023     00D3  0861               	movf	VCNL4200_ReadSensors@ambient+1,w
  3024     00D4  00BE               	movwf	_vcnl4200_ambient_light+1	;volatile
  3025     00D5  0860               	movf	VCNL4200_ReadSensors@ambient,w
  3026     00D6  00BD               	movwf	_vcnl4200_ambient_light	;volatile
  3027     00D7                     l2672:
  3028                           
  3029                           ;main.c: 489:     vcnl4200_lux_millilux =
  3030     00D7  0860               	movf	VCNL4200_ReadSensors@ambient,w
  3031     00D8  00CE               	movwf	___lmul@multiplier
  3032     00D9  0861               	movf	VCNL4200_ReadSensors@ambient+1,w
  3033     00DA  00CF               	movwf	___lmul@multiplier+1
  3034     00DB  01D0               	clrf	___lmul@multiplier+2
  3035     00DC  01D1               	clrf	___lmul@multiplier+3
  3036     00DD  3000               	movlw	0
  3037     00DE  00D5               	movwf	___lmul@multiplicand+3
  3038     00DF  3000               	movlw	0
  3039     00E0  00D4               	movwf	___lmul@multiplicand+2
  3040     00E1  3000               	movlw	0
  3041     00E2  00D3               	movwf	___lmul@multiplicand+1
  3042     00E3  3018               	movlw	24
  3043     00E4  00D2               	movwf	___lmul@multiplicand
  3044     00E5  3184  2479  3180   	fcall	___lmul
  3045     00E8  0140               	movlb	0	; select bank0
  3046     00E9  0851               	movf	?___lmul+3,w
  3047     00EA  00B4               	movwf	_vcnl4200_lux_millilux+3	;volatile
  3048     00EB  0850               	movf	?___lmul+2,w
  3049     00EC  00B3               	movwf	_vcnl4200_lux_millilux+2	;volatile
  3050     00ED  084F               	movf	?___lmul+1,w
  3051     00EE  00B2               	movwf	_vcnl4200_lux_millilux+1	;volatile
  3052     00EF  084E               	movf	?___lmul,w
  3053     00F0  00B1               	movwf	_vcnl4200_lux_millilux	;volatile
  3054     00F1                     l2674:
  3055                           
  3056                           ;main.c: 503:     vcnl4200_lux_integer =
  3057     00F1  3000               	movlw	0
  3058     00F2  00D9               	movwf	___lldiv@divisor+3
  3059     00F3  3000               	movlw	0
  3060     00F4  00D8               	movwf	___lldiv@divisor+2
  3061     00F5  3003               	movlw	3
  3062     00F6  00D7               	movwf	___lldiv@divisor+1
  3063     00F7  30E8               	movlw	232
  3064     00F8  00D6               	movwf	___lldiv@divisor
  3065     00F9  0834               	movf	_vcnl4200_lux_millilux+3,w	;volatile
  3066     00FA  00DD               	movwf	___lldiv@dividend+3
  3067     00FB  0833               	movf	_vcnl4200_lux_millilux+2,w	;volatile
  3068     00FC  00DC               	movwf	___lldiv@dividend+2
  3069     00FD  0832               	movf	_vcnl4200_lux_millilux+1,w	;volatile
  3070     00FE  00DB               	movwf	___lldiv@dividend+1
  3071     00FF  0831               	movf	_vcnl4200_lux_millilux,w	;volatile
  3072     0100  00DA               	movwf	___lldiv@dividend
  3073     0101  3182  2297  3180   	fcall	___lldiv
  3074     0104  0140               	movlb	0	; select bank0
  3075     0105  0859               	movf	?___lldiv+3,w
  3076     0106  00B0               	movwf	_vcnl4200_lux_integer+3	;volatile
  3077     0107  0858               	movf	?___lldiv+2,w
  3078     0108  00AF               	movwf	_vcnl4200_lux_integer+2	;volatile
  3079     0109  0857               	movf	?___lldiv+1,w
  3080     010A  00AE               	movwf	_vcnl4200_lux_integer+1	;volatile
  3081     010B  0856               	movf	?___lldiv,w
  3082     010C  00AD               	movwf	_vcnl4200_lux_integer	;volatile
  3083     010D                     l2676:
  3084                           
  3085                           ;main.c: 525:     vcnl4200_lux_decimal =
  3086     010D  3000               	movlw	0
  3087     010E  00D9               	movwf	___lldiv@divisor+3
  3088     010F  3000               	movlw	0
  3089     0110  00D8               	movwf	___lldiv@divisor+2
  3090     0111  3000               	movlw	0
  3091     0112  00D7               	movwf	___lldiv@divisor+1
  3092     0113  300A               	movlw	10
  3093     0114  00D6               	movwf	___lldiv@divisor
  3094     0115  0834               	movf	_vcnl4200_lux_millilux+3,w	;volatile
  3095     0116  00D5               	movwf	___llmod@dividend+3
  3096     0117  0833               	movf	_vcnl4200_lux_millilux+2,w	;volatile
  3097     0118  00D4               	movwf	___llmod@dividend+2
  3098     0119  0832               	movf	_vcnl4200_lux_millilux+1,w	;volatile
  3099     011A  00D3               	movwf	___llmod@dividend+1
  3100     011B  0831               	movf	_vcnl4200_lux_millilux,w	;volatile
  3101     011C  00D2               	movwf	___llmod@dividend
  3102     011D  3000               	movlw	0
  3103     011E  00D1               	movwf	___llmod@divisor+3
  3104     011F  3000               	movlw	0
  3105     0120  00D0               	movwf	___llmod@divisor+2
  3106     0121  3003               	movlw	3
  3107     0122  00CF               	movwf	___llmod@divisor+1
  3108     0123  30E8               	movlw	232
  3109     0124  00CE               	movwf	___llmod@divisor
  3110     0125  3183  2341  3180   	fcall	___llmod
  3111     0128  0140               	movlb	0	; select bank0
  3112     0129  0851               	movf	?___llmod+3,w
  3113     012A  00DD               	movwf	___lldiv@dividend+3
  3114     012B  0850               	movf	?___llmod+2,w
  3115     012C  00DC               	movwf	___lldiv@dividend+2
  3116     012D  084F               	movf	?___llmod+1,w
  3117     012E  00DB               	movwf	___lldiv@dividend+1
  3118     012F  084E               	movf	?___llmod,w
  3119     0130  00DA               	movwf	___lldiv@dividend
  3120     0131  3182  2297  3180   	fcall	___lldiv
  3121     0134  0140               	movlb	0	; select bank0
  3122     0135  0857               	movf	?___lldiv+1,w
  3123     0136  00BC               	movwf	_vcnl4200_lux_decimal+1	;volatile
  3124     0137  0856               	movf	?___lldiv,w
  3125     0138  00BB               	movwf	_vcnl4200_lux_decimal	;volatile
  3126     0139                     l2678:
  3127                           
  3128                           ;main.c: 537:     if (!VCNL4200_ReadRegister16(
  3129     0139  305E               	movlw	(low (VCNL4200_ReadSensors@proximity| 0))& (0+255)
  3130     013A  00D6               	movwf	VCNL4200_ReadRegister16@value
  3131     013B  3008               	movlw	8
  3132     013C  3183  238A  3180   	fcall	_VCNL4200_ReadRegister16
  3133     013F  3A00               	xorlw	0
  3134     0140  1D03               	skipz
  3135     0141  2943               	goto	u2261
  3136     0142  2944               	goto	u2260
  3137     0143                     u2261:
  3138     0143  2945               	goto	l2684
  3139     0144                     u2260:
  3140     0144  28D0               	goto	l2666
  3141     0145                     l2684:
  3142                           
  3143                           ;main.c: 545:     vcnl4200_proximity = proximity;
  3144     0145  0140               	movlb	0	; select bank0
  3145     0146  085F               	movf	VCNL4200_ReadSensors@proximity+1,w
  3146     0147  00BA               	movwf	_vcnl4200_proximity+1	;volatile
  3147     0148  085E               	movf	VCNL4200_ReadSensors@proximity,w
  3148     0149  00B9               	movwf	_vcnl4200_proximity	;volatile
  3149                           
  3150                           ;main.c: 548:     return 1;
  3151     014A  3001               	movlw	1
  3152     014B                     l162:
  3153     014B  0008               	return
  3154     014C                     __end_of_VCNL4200_ReadSensors:
  3155                           
  3156                           	psect	text2
  3157     0341                     __ptext2:	
  3158 ;; *************** function ___llmod *****************
  3159 ;; Defined at:
  3160 ;;		line 5 in file "C:\Program Files\Microchip\xc8\v3.10\pic\sources\c99\common\llmod.c"
  3161 ;; Parameters:    Size  Location     Type
  3162 ;;  divisor         4    0[BANK0 ] unsigned long 
  3163 ;;  dividend        4    4[BANK0 ] unsigned long 
  3164 ;; Auto vars:     Size  Location     Type
  3165 ;;  counter         1    3[COMMON] unsigned char 
  3166 ;; Return value:  Size  Location     Type
  3167 ;;                  4    0[BANK0 ] unsigned long 
  3168 ;; Registers used:
  3169 ;;		wreg, status,2, status,0
  3170 ;; Tracked objects:
  3171 ;;		On entry : 0/0
  3172 ;;		On exit  : 0/0
  3173 ;;		Unchanged: 0/0
  3174 ;; Data sizes:     COMMON   BANK0   BANK1   BANK2   BANK3   BANK4   BANK5   BANK6   BANK7   BANK8   BANK9  BANK10  BANK1
      +1  BANK12
  3175 ;;      Params:         0       8       0       0       0       0       0       0       0       0       0       0       
      +0       0
  3176 ;;      Locals:         1       0       0       0       0       0       0       0       0       0       0       0       
      +0       0
  3177 ;;      Temps:          0       0       0       0       0       0       0       0       0       0       0       0       
      +0       0
  3178 ;;      Totals:         1       8       0       0       0       0       0       0       0       0       0       0       
      +0       0
  3179 ;;Total ram usage:        9 bytes
  3180 ;; Hardware stack levels used: 1
  3181 ;; Hardware stack levels required when called: 6
  3182 ;; This function calls:
  3183 ;;		Nothing
  3184 ;; This function is called by:
  3185 ;;		_VCNL4200_ReadSensors
  3186 ;; This function uses a non-reentrant model
  3187 ;;
  3188                           
  3189     0341                     ___llmod:	
  3190                           ;psect for function ___llmod
  3191                           
  3192     0341                     l2576:	
  3193                           ;incstack = 0
  3194                           ; Regs used in ___llmod: [wreg+status,2+status,0]
  3195                           
  3196     0341  0140               	movlb	0	; select bank0
  3197     0342  0851               	movf	___llmod@divisor+3,w
  3198     0343  0450               	iorwf	___llmod@divisor+2,w
  3199     0344  044F               	iorwf	___llmod@divisor+1,w
  3200     0345  044E               	iorwf	___llmod@divisor,w
  3201     0346  1903               	skipnz
  3202     0347  2B49               	goto	u2121
  3203     0348  2B4A               	goto	u2120
  3204     0349                     u2121:
  3205     0349  2B81               	goto	l2592
  3206     034A                     u2120:
  3207     034A                     l2578:
  3208     034A  3001               	movlw	1
  3209     034B  00F3               	movwf	___llmod@counter
  3210     034C  2B56               	goto	l2582
  3211     034D                     l2580:
  3212     034D  3001               	movlw	1
  3213     034E                     u2135:
  3214     034E  35CE               	lslf	___llmod@divisor,f
  3215     034F  0DCF               	rlf	___llmod@divisor+1,f
  3216     0350  0DD0               	rlf	___llmod@divisor+2,f
  3217     0351  0DD1               	rlf	___llmod@divisor+3,f
  3218     0352  0B89               	decfsz	9,f
  3219     0353  2B4E               	goto	u2135
  3220     0354  3001               	movlw	1
  3221     0355  07F3               	addwf	___llmod@counter,f
  3222     0356                     l2582:
  3223     0356  1FD1               	btfss	___llmod@divisor+3,7
  3224     0357  2B59               	goto	u2141
  3225     0358  2B5A               	goto	u2140
  3226     0359                     u2141:
  3227     0359  2B4D               	goto	l2580
  3228     035A                     u2140:
  3229     035A                     l2584:
  3230     035A  0851               	movf	___llmod@divisor+3,w
  3231     035B  0255               	subwf	___llmod@dividend+3,w
  3232     035C  1D03               	skipz
  3233     035D  2B68               	goto	u2155
  3234     035E  0850               	movf	___llmod@divisor+2,w
  3235     035F  0254               	subwf	___llmod@dividend+2,w
  3236     0360  1D03               	skipz
  3237     0361  2B68               	goto	u2155
  3238     0362  084F               	movf	___llmod@divisor+1,w
  3239     0363  0253               	subwf	___llmod@dividend+1,w
  3240     0364  1D03               	skipz
  3241     0365  2B68               	goto	u2155
  3242     0366  084E               	movf	___llmod@divisor,w
  3243     0367  0252               	subwf	___llmod@dividend,w
  3244     0368                     u2155:
  3245     0368  1C03               	skipc
  3246     0369  2B6B               	goto	u2151
  3247     036A  2B6C               	goto	u2150
  3248     036B                     u2151:
  3249     036B  2B74               	goto	l2588
  3250     036C                     u2150:
  3251     036C                     l2586:
  3252     036C  084E               	movf	___llmod@divisor,w
  3253     036D  02D2               	subwf	___llmod@dividend,f
  3254     036E  084F               	movf	___llmod@divisor+1,w
  3255     036F  3BD3               	subwfb	___llmod@dividend+1,f
  3256     0370  0850               	movf	___llmod@divisor+2,w
  3257     0371  3BD4               	subwfb	___llmod@dividend+2,f
  3258     0372  0851               	movf	___llmod@divisor+3,w
  3259     0373  3BD5               	subwfb	___llmod@dividend+3,f
  3260     0374                     l2588:
  3261     0374  3001               	movlw	1
  3262     0375                     u2165:
  3263     0375  36D1               	lsrf	___llmod@divisor+3,f
  3264     0376  0CD0               	rrf	___llmod@divisor+2,f
  3265     0377  0CCF               	rrf	___llmod@divisor+1,f
  3266     0378  0CCE               	rrf	___llmod@divisor,f
  3267     0379  0B89               	decfsz	9,f
  3268     037A  2B75               	goto	u2165
  3269     037B                     l2590:
  3270     037B  3001               	movlw	1
  3271     037C  02F3               	subwf	___llmod@counter,f
  3272     037D  1D03               	btfss	3,2
  3273     037E  2B80               	goto	u2171
  3274     037F  2B81               	goto	u2170
  3275     0380                     u2171:
  3276     0380  2B5A               	goto	l2584
  3277     0381                     u2170:
  3278     0381                     l2592:
  3279     0381  0855               	movf	___llmod@dividend+3,w
  3280     0382  00D1               	movwf	?___llmod+3
  3281     0383  0854               	movf	___llmod@dividend+2,w
  3282     0384  00D0               	movwf	?___llmod+2
  3283     0385  0853               	movf	___llmod@dividend+1,w
  3284     0386  00CF               	movwf	?___llmod+1
  3285     0387  0852               	movf	___llmod@dividend,w
  3286     0388  00CE               	movwf	?___llmod
  3287     0389                     l664:
  3288     0389  0008               	return
  3289     038A                     __end_of___llmod:
  3290                           
  3291                           	psect	text3
  3292     0297                     __ptext3:	
  3293 ;; *************** function ___lldiv *****************
  3294 ;; Defined at:
  3295 ;;		line 5 in file "C:\Program Files\Microchip\xc8\v3.10\pic\sources\c99\common\__lldiv.c"
  3296 ;; Parameters:    Size  Location     Type
  3297 ;;  divisor         4    8[BANK0 ] unsigned long 
  3298 ;;  dividend        4   12[BANK0 ] unsigned long 
  3299 ;; Auto vars:     Size  Location     Type
  3300 ;;  quotient        4    4[COMMON] unsigned long 
  3301 ;;  counter         1    8[COMMON] unsigned char 
  3302 ;; Return value:  Size  Location     Type
  3303 ;;                  4    8[BANK0 ] unsigned long 
  3304 ;; Registers used:
  3305 ;;		wreg, status,2, status,0
  3306 ;; Tracked objects:
  3307 ;;		On entry : 0/0
  3308 ;;		On exit  : 0/0
  3309 ;;		Unchanged: 0/0
  3310 ;; Data sizes:     COMMON   BANK0   BANK1   BANK2   BANK3   BANK4   BANK5   BANK6   BANK7   BANK8   BANK9  BANK10  BANK1
      +1  BANK12
  3311 ;;      Params:         0       8       0       0       0       0       0       0       0       0       0       0       
      +0       0
  3312 ;;      Locals:         5       0       0       0       0       0       0       0       0       0       0       0       
      +0       0
  3313 ;;      Temps:          0       0       0       0       0       0       0       0       0       0       0       0       
      +0       0
  3314 ;;      Totals:         5       8       0       0       0       0       0       0       0       0       0       0       
      +0       0
  3315 ;;Total ram usage:       13 bytes
  3316 ;; Hardware stack levels used: 1
  3317 ;; Hardware stack levels required when called: 6
  3318 ;; This function calls:
  3319 ;;		Nothing
  3320 ;; This function is called by:
  3321 ;;		_VCNL4200_ReadSensors
  3322 ;; This function uses a non-reentrant model
  3323 ;;
  3324                           
  3325     0297                     ___lldiv:	
  3326                           ;psect for function ___lldiv
  3327                           
  3328     0297                     l2508:	
  3329                           ;incstack = 0
  3330                           ; Regs used in ___lldiv: [wreg+status,2+status,0]
  3331                           
  3332     0297  3000               	movlw	0
  3333     0298  00F7               	movwf	___lldiv@quotient+3
  3334     0299  3000               	movlw	0
  3335     029A  00F6               	movwf	___lldiv@quotient+2
  3336     029B  3000               	movlw	0
  3337     029C  00F5               	movwf	___lldiv@quotient+1
  3338     029D  3000               	movlw	0
  3339     029E  00F4               	movwf	___lldiv@quotient
  3340     029F  0140               	movlb	0	; select bank0
  3341     02A0  0859               	movf	___lldiv@divisor+3,w
  3342     02A1  0458               	iorwf	___lldiv@divisor+2,w
  3343     02A2  0457               	iorwf	___lldiv@divisor+1,w
  3344     02A3  0456               	iorwf	___lldiv@divisor,w
  3345     02A4  1903               	skipnz
  3346     02A5  2AA7               	goto	u1951
  3347     02A6  2AA8               	goto	u1950
  3348     02A7                     u1951:
  3349     02A7  2AE7               	goto	l2528
  3350     02A8                     u1950:
  3351     02A8                     l2510:
  3352     02A8  3001               	movlw	1
  3353     02A9  00F8               	movwf	___lldiv@counter
  3354     02AA  2AB4               	goto	l2514
  3355     02AB                     l2512:
  3356     02AB  3001               	movlw	1
  3357     02AC                     u1965:
  3358     02AC  35D6               	lslf	___lldiv@divisor,f
  3359     02AD  0DD7               	rlf	___lldiv@divisor+1,f
  3360     02AE  0DD8               	rlf	___lldiv@divisor+2,f
  3361     02AF  0DD9               	rlf	___lldiv@divisor+3,f
  3362     02B0  0B89               	decfsz	9,f
  3363     02B1  2AAC               	goto	u1965
  3364     02B2  3001               	movlw	1
  3365     02B3  07F8               	addwf	___lldiv@counter,f
  3366     02B4                     l2514:
  3367     02B4  1FD9               	btfss	___lldiv@divisor+3,7
  3368     02B5  2AB7               	goto	u1971
  3369     02B6  2AB8               	goto	u1970
  3370     02B7                     u1971:
  3371     02B7  2AAB               	goto	l2512
  3372     02B8                     u1970:
  3373     02B8                     l2516:
  3374     02B8  3001               	movlw	1
  3375     02B9                     u1985:
  3376     02B9  35F4               	lslf	___lldiv@quotient,f
  3377     02BA  0DF5               	rlf	___lldiv@quotient+1,f
  3378     02BB  0DF6               	rlf	___lldiv@quotient+2,f
  3379     02BC  0DF7               	rlf	___lldiv@quotient+3,f
  3380     02BD  0B89               	decfsz	9,f
  3381     02BE  2AB9               	goto	u1985
  3382     02BF                     l2518:
  3383     02BF  0859               	movf	___lldiv@divisor+3,w
  3384     02C0  025D               	subwf	___lldiv@dividend+3,w
  3385     02C1  1D03               	skipz
  3386     02C2  2ACD               	goto	u1995
  3387     02C3  0858               	movf	___lldiv@divisor+2,w
  3388     02C4  025C               	subwf	___lldiv@dividend+2,w
  3389     02C5  1D03               	skipz
  3390     02C6  2ACD               	goto	u1995
  3391     02C7  0857               	movf	___lldiv@divisor+1,w
  3392     02C8  025B               	subwf	___lldiv@dividend+1,w
  3393     02C9  1D03               	skipz
  3394     02CA  2ACD               	goto	u1995
  3395     02CB  0856               	movf	___lldiv@divisor,w
  3396     02CC  025A               	subwf	___lldiv@dividend,w
  3397     02CD                     u1995:
  3398     02CD  1C03               	skipc
  3399     02CE  2AD0               	goto	u1991
  3400     02CF  2AD1               	goto	u1990
  3401     02D0                     u1991:
  3402     02D0  2ADA               	goto	l2524
  3403     02D1                     u1990:
  3404     02D1                     l2520:
  3405     02D1  0856               	movf	___lldiv@divisor,w
  3406     02D2  02DA               	subwf	___lldiv@dividend,f
  3407     02D3  0857               	movf	___lldiv@divisor+1,w
  3408     02D4  3BDB               	subwfb	___lldiv@dividend+1,f
  3409     02D5  0858               	movf	___lldiv@divisor+2,w
  3410     02D6  3BDC               	subwfb	___lldiv@dividend+2,f
  3411     02D7  0859               	movf	___lldiv@divisor+3,w
  3412     02D8  3BDD               	subwfb	___lldiv@dividend+3,f
  3413     02D9                     l2522:
  3414     02D9  1474               	bsf	___lldiv@quotient,0
  3415     02DA                     l2524:
  3416     02DA  3001               	movlw	1
  3417     02DB                     u2005:
  3418     02DB  36D9               	lsrf	___lldiv@divisor+3,f
  3419     02DC  0CD8               	rrf	___lldiv@divisor+2,f
  3420     02DD  0CD7               	rrf	___lldiv@divisor+1,f
  3421     02DE  0CD6               	rrf	___lldiv@divisor,f
  3422     02DF  0B89               	decfsz	9,f
  3423     02E0  2ADB               	goto	u2005
  3424     02E1                     l2526:
  3425     02E1  3001               	movlw	1
  3426     02E2  02F8               	subwf	___lldiv@counter,f
  3427     02E3  1D03               	btfss	3,2
  3428     02E4  2AE6               	goto	u2011
  3429     02E5  2AE7               	goto	u2010
  3430     02E6                     u2011:
  3431     02E6  2AB8               	goto	l2516
  3432     02E7                     u2010:
  3433     02E7                     l2528:
  3434     02E7  0877               	movf	___lldiv@quotient+3,w
  3435     02E8  00D9               	movwf	?___lldiv+3
  3436     02E9  0876               	movf	___lldiv@quotient+2,w
  3437     02EA  00D8               	movwf	?___lldiv+2
  3438     02EB  0875               	movf	___lldiv@quotient+1,w
  3439     02EC  00D7               	movwf	?___lldiv+1
  3440     02ED  0874               	movf	___lldiv@quotient,w
  3441     02EE  00D6               	movwf	?___lldiv
  3442     02EF                     l470:
  3443     02EF  0008               	return
  3444     02F0                     __end_of___lldiv:
  3445                           
  3446                           	psect	text4
  3447     0613                     __ptext4:	
  3448 ;; *************** function _VCNL4200_ReadID *****************
  3449 ;; Defined at:
  3450 ;;		line 556 in file "main.c"
  3451 ;; Parameters:    Size  Location     Type
  3452 ;;		None
  3453 ;; Auto vars:     Size  Location     Type
  3454 ;;  id              2    9[BANK0 ] unsigned short 
  3455 ;; Return value:  Size  Location     Type
  3456 ;;                  1    wreg      _Bool 
  3457 ;; Registers used:
  3458 ;;		wreg, fsr1l, fsr1h, status,2, status,0, pclath, cstack
  3459 ;; Tracked objects:
  3460 ;;		On entry : 0/0
  3461 ;;		On exit  : 0/0
  3462 ;;		Unchanged: 0/0
  3463 ;; Data sizes:     COMMON   BANK0   BANK1   BANK2   BANK3   BANK4   BANK5   BANK6   BANK7   BANK8   BANK9  BANK10  BANK1
      +1  BANK12
  3464 ;;      Params:         0       0       0       0       0       0       0       0       0       0       0       0       
      +0       0
  3465 ;;      Locals:         0       2       0       0       0       0       0       0       0       0       0       0       
      +0       0
  3466 ;;      Temps:          0       0       0       0       0       0       0       0       0       0       0       0       
      +0       0
  3467 ;;      Totals:         0       2       0       0       0       0       0       0       0       0       0       0       
      +0       0
  3468 ;;Total ram usage:        2 bytes
  3469 ;; Hardware stack levels used: 1
  3470 ;; Hardware stack levels required when called: 8
  3471 ;; This function calls:
  3472 ;;		_VCNL4200_ReadRegister16
  3473 ;; This function is called by:
  3474 ;;		_main
  3475 ;; This function uses a non-reentrant model
  3476 ;;
  3477                           
  3478     0613                     _VCNL4200_ReadID:	
  3479                           ;psect for function _VCNL4200_ReadID
  3480                           
  3481     0613                     l2688:	
  3482                           ;incstack = 0
  3483                           ; Regs used in _VCNL4200_ReadID: [wreg+fsr1l+fsr1h+status,2+status,0+pclath+cstack]
  3484                           
  3485                           
  3486                           ;main.c: 558:     uint16_t id;;main.c: 561:     if (!VCNL4200_ReadRegister16(
  3487     0613  3057               	movlw	(low (VCNL4200_ReadID@id| 0))& (0+255)
  3488     0614  0140               	movlb	0	; select bank0
  3489     0615  00D6               	movwf	VCNL4200_ReadRegister16@value
  3490     0616  300E               	movlw	14
  3491     0617  3183  238A  3186   	fcall	_VCNL4200_ReadRegister16
  3492     061A  3A00               	xorlw	0
  3493     061B  1D03               	skipz
  3494     061C  2E1E               	goto	u2271
  3495     061D  2E1F               	goto	u2270
  3496     061E                     u2271:
  3497     061E  2E21               	goto	l2694
  3498     061F                     u2270:
  3499     061F                     l2690:
  3500                           
  3501                           ;main.c: 564:     {;main.c: 565:         return 0;
  3502     061F  3000               	movlw	0
  3503     0620  2E27               	goto	l167
  3504     0621                     l2694:
  3505                           
  3506                           ;main.c: 573:     vcnl4200_id_data[0] =
  3507     0621  0140               	movlb	0	; select bank0
  3508     0622  0857               	movf	VCNL4200_ReadID@id,w
  3509     0623  00B7               	movwf	_vcnl4200_id_data	;volatile
  3510     0624                     l2696:
  3511                           
  3512                           ;main.c: 581:     vcnl4200_id_data[1] =
  3513     0624  0858               	movf	VCNL4200_ReadID@id+1,w
  3514     0625  00B8               	movwf	_vcnl4200_id_data+1	;volatile
  3515     0626                     l2698:
  3516                           
  3517                           ;main.c: 585:     return 1;
  3518     0626  3001               	movlw	1
  3519     0627                     l167:
  3520     0627  0008               	return
  3521     0628                     __end_of_VCNL4200_ReadID:
  3522                           
  3523                           	psect	text5
  3524     038A                     __ptext5:	
  3525 ;; *************** function _VCNL4200_ReadRegister16 *****************
  3526 ;; Defined at:
  3527 ;;		line 210 in file "main.c"
  3528 ;; Parameters:    Size  Location     Type
  3529 ;;  reg             1    wreg     unsigned char 
  3530 ;;  value           1    8[BANK0 ] PTR unsigned short 
  3531 ;;		 -> VCNL4200_ReadID@id(2), VCNL4200_ReadSensors@proximity(2), VCNL4200_ReadSensors@ambient(2), 
  3532 ;; Auto vars:     Size  Location     Type
  3533 ;;  reg             1    7[COMMON] unsigned char 
  3534 ;; Return value:  Size  Location     Type
  3535 ;;                  1    wreg      _Bool 
  3536 ;; Registers used:
  3537 ;;		wreg, fsr1l, fsr1h, status,2, status,0, pclath, cstack
  3538 ;; Tracked objects:
  3539 ;;		On entry : 0/0
  3540 ;;		On exit  : 0/0
  3541 ;;		Unchanged: 0/0
  3542 ;; Data sizes:     COMMON   BANK0   BANK1   BANK2   BANK3   BANK4   BANK5   BANK6   BANK7   BANK8   BANK9  BANK10  BANK1
      +1  BANK12
  3543 ;;      Params:         0       1       0       0       0       0       0       0       0       0       0       0       
      +0       0
  3544 ;;      Locals:         1       0       0       0       0       0       0       0       0       0       0       0       
      +0       0
  3545 ;;      Temps:          0       0       0       0       0       0       0       0       0       0       0       0       
      +0       0
  3546 ;;      Totals:         1       1       0       0       0       0       0       0       0       0       0       0       
      +0       0
  3547 ;;Total ram usage:        2 bytes
  3548 ;; Hardware stack levels used: 1
  3549 ;; Hardware stack levels required when called: 6
  3550 ;; This function calls:
  3551 ;;		_I2C1_ErrorGet
  3552 ;;		_I2C1_WriteRead
  3553 ;;		_I2C_WaitComplete
  3554 ;; This function is called by:
  3555 ;;		_VCNL4200_ReadSensors
  3556 ;;		_VCNL4200_ReadID
  3557 ;; This function uses a non-reentrant model
  3558 ;;
  3559                           
  3560     038A                     _VCNL4200_ReadRegister16:	
  3561                           ;psect for function _VCNL4200_ReadRegister16
  3562                           
  3563                           
  3564                           ;incstack = 0
  3565                           ; Regs used in _VCNL4200_ReadRegister16: [wreg+fsr1l+fsr1h+status,2+status,0+pclath+csta
      +                          ck]
  3566                           ;VCNL4200_ReadRegister16@reg stored from wreg
  3567     038A  00F7               	movwf	VCNL4200_ReadRegister16@reg
  3568     038B                     l2462:
  3569                           
  3570                           ;main.c: 210: static _Bool VCNL4200_ReadRegister16(uint8_t reg,;main.c: 211:            
      +                                                   uint16_t *value);main.c: 212: {;main.c: 213:     i2c_write_buff
      +                          er[0] = reg;
  3571     038B  0877               	movf	VCNL4200_ReadRegister16@reg,w
  3572     038C  0140               	movlb	0	; select bank0
  3573     038D  00CB               	movwf	_i2c_write_buffer
  3574     038E                     l2464:
  3575                           
  3576                           ;main.c: 215:     i2c_read_buffer[0] = 0;
  3577     038E  01F9               	clrf	_i2c_read_buffer
  3578     038F                     l2466:
  3579                           
  3580                           ;main.c: 216:     i2c_read_buffer[1] = 0;
  3581     038F  01FA               	clrf	_i2c_read_buffer+1
  3582     0390                     l2468:
  3583                           
  3584                           ;main.c: 218:     if (!I2C1_WriteRead(0x51,
  3585     0390  3051               	movlw	81
  3586     0391  00CE               	movwf	I2C1_WriteRead@address
  3587     0392  3000               	movlw	0
  3588     0393  00CF               	movwf	I2C1_WriteRead@address+1
  3589     0394  304B               	movlw	(low (_i2c_write_buffer| 0))& (0+255)
  3590     0395  00D0               	movwf	I2C1_WriteRead@writeData
  3591     0396  3001               	movlw	1
  3592     0397  00D1               	movwf	I2C1_WriteRead@writeLength
  3593     0398  3000               	movlw	0
  3594     0399  00D2               	movwf	I2C1_WriteRead@writeLength+1
  3595     039A  3079               	movlw	(low (_i2c_read_buffer| 0))& (0+255)
  3596     039B  00D3               	movwf	I2C1_WriteRead@readData
  3597     039C  3002               	movlw	2
  3598     039D  00D4               	movwf	I2C1_WriteRead@readLength
  3599     039E  3000               	movlw	0
  3600     039F  00D5               	movwf	I2C1_WriteRead@readLength+1
  3601     03A0  3185  258D  3183   	fcall	_I2C1_WriteRead
  3602     03A3  3A00               	xorlw	0
  3603     03A4  1D03               	skipz
  3604     03A5  2BA7               	goto	u1881
  3605     03A6  2BA8               	goto	u1880
  3606     03A7                     u1881:
  3607     03A7  2BAA               	goto	l2474
  3608     03A8                     u1880:
  3609     03A8                     l2470:
  3610                           
  3611                           ;main.c: 223:     {;main.c: 224:         return 0;
  3612     03A8  3000               	movlw	0
  3613     03A9  2BC6               	goto	l139
  3614     03AA                     l2474:
  3615                           
  3616                           ;main.c: 227:     if (!I2C_WaitComplete())
  3617     03AA  3185  2565  3183   	fcall	_I2C_WaitComplete
  3618     03AD  3A00               	xorlw	0
  3619     03AE  1D03               	skipz
  3620     03AF  2BB1               	goto	u1891
  3621     03B0  2BB2               	goto	u1890
  3622     03B1                     u1891:
  3623     03B1  2BB3               	goto	l2480
  3624     03B2                     u1890:
  3625     03B2  2BA8               	goto	l2470
  3626     03B3                     l2480:
  3627                           
  3628                           ;main.c: 232:     vcnl4200_error = I2C1_ErrorGet();
  3629     03B3  3186  26B6  3183   	fcall	_I2C1_ErrorGet
  3630     03B6  0140               	movlb	0	; select bank0
  3631     03B7  00C7               	movwf	_vcnl4200_error	;volatile
  3632     03B8                     l2482:
  3633                           
  3634                           ;main.c: 234:     if (vcnl4200_error != I2C_ERROR_NONE)
  3635     03B8  0847               	movf	_vcnl4200_error,w	;volatile
  3636     03B9  1903               	btfsc	3,2
  3637     03BA  2BBC               	goto	u1901
  3638     03BB  2BBD               	goto	u1900
  3639     03BC                     u1901:
  3640     03BC  2BBE               	goto	l2488
  3641     03BD                     u1900:
  3642     03BD  2BA8               	goto	l2470
  3643     03BE                     l2488:
  3644                           
  3645                           ;main.c: 246:     *value =
  3646     03BE  0856               	movf	VCNL4200_ReadRegister16@value,w
  3647     03BF  0086               	movwf	6
  3648     03C0  0187               	clrf	7
  3649     03C1  0879               	movf	_i2c_read_buffer,w
  3650     03C2  3FC0               	movwi [0]fsr1
  3651     03C3  087A               	movf	_i2c_read_buffer+1,w
  3652     03C4  3FC1               	movwi [1]fsr1
  3653     03C5                     l2490:
  3654                           
  3655                           ;main.c: 250:     return 1;
  3656     03C5  3001               	movlw	1
  3657     03C6                     l139:
  3658     03C6  0008               	return
  3659     03C7                     __end_of_VCNL4200_ReadRegister16:
  3660                           
  3661                           	psect	text6
  3662     05D7                     __ptext6:	
  3663 ;; *************** function _VCNL4200_Initialize *****************
  3664 ;; Defined at:
  3665 ;;		line 399 in file "main.c"
  3666 ;; Parameters:    Size  Location     Type
  3667 ;;		None
  3668 ;; Auto vars:     Size  Location     Type
  3669 ;;  ok              1    3[BANK0 ] _Bool 
  3670 ;; Return value:  Size  Location     Type
  3671 ;;                  1    wreg      _Bool 
  3672 ;; Registers used:
  3673 ;;		wreg, status,2, status,0, pclath, cstack
  3674 ;; Tracked objects:
  3675 ;;		On entry : 0/0
  3676 ;;		On exit  : 0/0
  3677 ;;		Unchanged: 0/0
  3678 ;; Data sizes:     COMMON   BANK0   BANK1   BANK2   BANK3   BANK4   BANK5   BANK6   BANK7   BANK8   BANK9  BANK10  BANK1
      +1  BANK12
  3679 ;;      Params:         0       0       0       0       0       0       0       0       0       0       0       0       
      +0       0
  3680 ;;      Locals:         0       1       0       0       0       0       0       0       0       0       0       0       
      +0       0
  3681 ;;      Temps:          0       0       0       0       0       0       0       0       0       0       0       0       
      +0       0
  3682 ;;      Totals:         0       1       0       0       0       0       0       0       0       0       0       0       
      +0       0
  3683 ;;Total ram usage:        1 bytes
  3684 ;; Hardware stack levels used: 1
  3685 ;; Hardware stack levels required when called: 9
  3686 ;; This function calls:
  3687 ;;		_VCNL4200_WriteRegister16
  3688 ;; This function is called by:
  3689 ;;		_main
  3690 ;; This function uses a non-reentrant model
  3691 ;;
  3692                           
  3693     05D7                     _VCNL4200_Initialize:	
  3694                           ;psect for function _VCNL4200_Initialize
  3695                           
  3696     05D7                     l2644:	
  3697                           ;incstack = 0
  3698                           ; Regs used in _VCNL4200_Initialize: [wreg+status,2+status,0+pclath+cstack]
  3699                           
  3700                           
  3701                           ;main.c: 401:     _Bool ok;;main.c: 410:     ok = VCNL4200_WriteRegister16(
  3702     05D7  0140               	movlb	0	; select bank0
  3703     05D8  01CE               	clrf	VCNL4200_WriteRegister16@low
  3704     05D9  01CF               	clrf	VCNL4200_WriteRegister16@high
  3705     05DA  3000               	movlw	0
  3706     05DB  3184  24AD  3185   	fcall	_VCNL4200_WriteRegister16
  3707     05DE  0140               	movlb	0	; select bank0
  3708     05DF  00D1               	movwf	VCNL4200_Initialize@ok
  3709     05E0                     l2646:
  3710                           
  3711                           ;main.c: 416:     if (!ok)
  3712     05E0  0851               	movf	VCNL4200_Initialize@ok,w
  3713     05E1  1D03               	btfss	3,2
  3714     05E2  2DE4               	goto	u2231
  3715     05E3  2DE5               	goto	u2230
  3716     05E4                     u2231:
  3717     05E4  2DE7               	goto	l2652
  3718     05E5                     u2230:
  3719     05E5                     l2648:
  3720                           
  3721                           ;main.c: 417:     {;main.c: 418:         return 0;
  3722     05E5  3000               	movlw	0
  3723     05E6  2DF6               	goto	l157
  3724     05E7                     l2652:
  3725                           
  3726                           ;main.c: 428:     ok = VCNL4200_WriteRegister16(
  3727     05E7  01CE               	clrf	VCNL4200_WriteRegister16@low
  3728     05E8  01CF               	clrf	VCNL4200_WriteRegister16@high
  3729     05E9  3003               	movlw	3
  3730     05EA  3184  24AD  3185   	fcall	_VCNL4200_WriteRegister16
  3731     05ED  0140               	movlb	0	; select bank0
  3732     05EE  00D1               	movwf	VCNL4200_Initialize@ok
  3733     05EF                     l2654:
  3734                           
  3735                           ;main.c: 434:     if (!ok)
  3736     05EF  0851               	movf	VCNL4200_Initialize@ok,w
  3737     05F0  1D03               	btfss	3,2
  3738     05F1  2DF3               	goto	u2241
  3739     05F2  2DF4               	goto	u2240
  3740     05F3                     u2241:
  3741     05F3  2DF5               	goto	l2660
  3742     05F4                     u2240:
  3743     05F4  2DE5               	goto	l2648
  3744     05F5                     l2660:
  3745                           
  3746                           ;main.c: 440:     return 1;
  3747     05F5  3001               	movlw	1
  3748     05F6                     l157:
  3749     05F6  0008               	return
  3750     05F7                     __end_of_VCNL4200_Initialize:
  3751                           
  3752                           	psect	text7
  3753     04AD                     __ptext7:	
  3754 ;; *************** function _VCNL4200_WriteRegister16 *****************
  3755 ;; Defined at:
  3756 ;;		line 175 in file "main.c"
  3757 ;; Parameters:    Size  Location     Type
  3758 ;;  reg             1    wreg     unsigned char 
  3759 ;;  low             1    0[BANK0 ] unsigned char 
  3760 ;;  high            1    1[BANK0 ] unsigned char 
  3761 ;; Auto vars:     Size  Location     Type
  3762 ;;  reg             1    2[BANK0 ] unsigned char 
  3763 ;; Return value:  Size  Location     Type
  3764 ;;                  1    wreg      _Bool 
  3765 ;; Registers used:
  3766 ;;		wreg, status,2, status,0, pclath, cstack
  3767 ;; Tracked objects:
  3768 ;;		On entry : 0/0
  3769 ;;		On exit  : 0/0
  3770 ;;		Unchanged: 0/0
  3771 ;; Data sizes:     COMMON   BANK0   BANK1   BANK2   BANK3   BANK4   BANK5   BANK6   BANK7   BANK8   BANK9  BANK10  BANK1
      +1  BANK12
  3772 ;;      Params:         0       2       0       0       0       0       0       0       0       0       0       0       
      +0       0
  3773 ;;      Locals:         0       1       0       0       0       0       0       0       0       0       0       0       
      +0       0
  3774 ;;      Temps:          0       0       0       0       0       0       0       0       0       0       0       0       
      +0       0
  3775 ;;      Totals:         0       3       0       0       0       0       0       0       0       0       0       0       
      +0       0
  3776 ;;Total ram usage:        3 bytes
  3777 ;; Hardware stack levels used: 1
  3778 ;; Hardware stack levels required when called: 8
  3779 ;; This function calls:
  3780 ;;		_I2C1_ErrorGet
  3781 ;;		_I2C1_Write
  3782 ;;		_I2C_WaitComplete
  3783 ;; This function is called by:
  3784 ;;		_VCNL4200_Initialize
  3785 ;; This function uses a non-reentrant model
  3786 ;;
  3787                           
  3788     04AD                     _VCNL4200_WriteRegister16:	
  3789                           ;psect for function _VCNL4200_WriteRegister16
  3790                           
  3791                           
  3792                           ;incstack = 0
  3793                           ; Regs used in _VCNL4200_WriteRegister16: [wreg+status,2+status,0+pclath+cstack]
  3794                           ;VCNL4200_WriteRegister16@reg stored from wreg
  3795     04AD  0140               	movlb	0	; select bank0
  3796     04AE  00D0               	movwf	VCNL4200_WriteRegister16@reg
  3797     04AF                     l2436:
  3798                           
  3799                           ;main.c: 175: static _Bool VCNL4200_WriteRegister16(uint8_t reg,;main.c: 176:           
      +                                                     uint8_t low,;main.c: 177:                                    
      +                            uint8_t high);main.c: 178: {;main.c: 179:     i2c_write_buffer[0] = reg;
  3800     04AF  0850               	movf	VCNL4200_WriteRegister16@reg,w
  3801     04B0  00CB               	movwf	_i2c_write_buffer
  3802                           
  3803                           ;main.c: 180:     i2c_write_buffer[1] = low;
  3804     04B1  084E               	movf	VCNL4200_WriteRegister16@low,w
  3805     04B2  00CC               	movwf	_i2c_write_buffer+1
  3806                           
  3807                           ;main.c: 181:     i2c_write_buffer[2] = high;
  3808     04B3  084F               	movf	VCNL4200_WriteRegister16@high,w
  3809     04B4  00CD               	movwf	_i2c_write_buffer+2
  3810     04B5                     l2438:
  3811                           
  3812                           ;main.c: 183:     if (!I2C1_Write(0x51,
  3813     04B5  3051               	movlw	81
  3814     04B6  00F3               	movwf	I2C1_Write@address
  3815     04B7  3000               	movlw	0
  3816     04B8  00F4               	movwf	I2C1_Write@address+1
  3817     04B9  304B               	movlw	(low (_i2c_write_buffer| 0))& (0+255)
  3818     04BA  00F5               	movwf	I2C1_Write@data
  3819     04BB  3003               	movlw	3
  3820     04BC  00F6               	movwf	I2C1_Write@dataLength
  3821     04BD  3000               	movlw	0
  3822     04BE  00F7               	movwf	I2C1_Write@dataLength+1
  3823     04BF  3185  25B4  3184   	fcall	_I2C1_Write
  3824     04C2  3A00               	xorlw	0
  3825     04C3  1D03               	skipz
  3826     04C4  2CC6               	goto	u1851
  3827     04C5  2CC7               	goto	u1850
  3828     04C6                     u1851:
  3829     04C6  2CC9               	goto	l2444
  3830     04C7                     u1850:
  3831     04C7                     l2440:
  3832                           
  3833                           ;main.c: 186:     {;main.c: 187:         return 0;
  3834     04C7  3000               	movlw	0
  3835     04C8  2CDE               	goto	l133
  3836     04C9                     l2444:
  3837                           
  3838                           ;main.c: 190:     if (!I2C_WaitComplete())
  3839     04C9  3185  2565  3184   	fcall	_I2C_WaitComplete
  3840     04CC  3A00               	xorlw	0
  3841     04CD  1D03               	skipz
  3842     04CE  2CD0               	goto	u1861
  3843     04CF  2CD1               	goto	u1860
  3844     04D0                     u1861:
  3845     04D0  2CD2               	goto	l2450
  3846     04D1                     u1860:
  3847     04D1  2CC7               	goto	l2440
  3848     04D2                     l2450:
  3849                           
  3850                           ;main.c: 195:     vcnl4200_error = I2C1_ErrorGet();
  3851     04D2  3186  26B6  3184   	fcall	_I2C1_ErrorGet
  3852     04D5  0140               	movlb	0	; select bank0
  3853     04D6  00C7               	movwf	_vcnl4200_error	;volatile
  3854     04D7                     l2452:
  3855                           
  3856                           ;main.c: 197:     if (vcnl4200_error != I2C_ERROR_NONE)
  3857     04D7  0847               	movf	_vcnl4200_error,w	;volatile
  3858     04D8  1903               	btfsc	3,2
  3859     04D9  2CDB               	goto	u1871
  3860     04DA  2CDC               	goto	u1870
  3861     04DB                     u1871:
  3862     04DB  2CDD               	goto	l2458
  3863     04DC                     u1870:
  3864     04DC  2CC7               	goto	l2440
  3865     04DD                     l2458:
  3866                           
  3867                           ;main.c: 202:     return 1;
  3868     04DD  3001               	movlw	1
  3869     04DE                     l133:
  3870     04DE  0008               	return
  3871     04DF                     __end_of_VCNL4200_WriteRegister16:
  3872                           
  3873                           	psect	text8
  3874     05B4                     __ptext8:	
  3875 ;; *************** function _I2C1_Write *****************
  3876 ;; Defined at:
  3877 ;;		line 112 in file "mcc_generated_files/i2c_host/src/mssp1.c"
  3878 ;; Parameters:    Size  Location     Type
  3879 ;;  address         2    3[COMMON] unsigned short 
  3880 ;;  data            1    5[COMMON] PTR unsigned char 
  3881 ;;		 -> i2c_write_buffer(3), 
  3882 ;;  dataLength      2    6[COMMON] unsigned int 
  3883 ;; Auto vars:     Size  Location     Type
  3884 ;;  retStatus       1    8[COMMON] _Bool 
  3885 ;; Return value:  Size  Location     Type
  3886 ;;                  1    wreg      _Bool 
  3887 ;; Registers used:
  3888 ;;		wreg, status,2, status,0, pclath, cstack
  3889 ;; Tracked objects:
  3890 ;;		On entry : 0/0
  3891 ;;		On exit  : 0/0
  3892 ;;		Unchanged: 0/0
  3893 ;; Data sizes:     COMMON   BANK0   BANK1   BANK2   BANK3   BANK4   BANK5   BANK6   BANK7   BANK8   BANK9  BANK10  BANK1
      +1  BANK12
  3894 ;;      Params:         5       0       0       0       0       0       0       0       0       0       0       0       
      +0       0
  3895 ;;      Locals:         1       0       0       0       0       0       0       0       0       0       0       0       
      +0       0
  3896 ;;      Temps:          0       0       0       0       0       0       0       0       0       0       0       0       
      +0       0
  3897 ;;      Totals:         6       0       0       0       0       0       0       0       0       0       0       0       
      +0       0
  3898 ;;Total ram usage:        6 bytes
  3899 ;; Hardware stack levels used: 1
  3900 ;; Hardware stack levels required when called: 7
  3901 ;; This function calls:
  3902 ;;		_I2C1_IsBusy
  3903 ;;		_I2C1_WriteStart
  3904 ;; This function is called by:
  3905 ;;		_VCNL4200_WriteRegister16
  3906 ;; This function uses a non-reentrant model
  3907 ;;
  3908                           
  3909     05B4                     _I2C1_Write:	
  3910                           ;psect for function _I2C1_Write
  3911                           
  3912     05B4                     l2380:	
  3913                           ;incstack = 0
  3914                           ; Regs used in _I2C1_Write: [wreg+status,2+status,0+pclath+cstack]
  3915                           
  3916                           
  3917                           ;mcc_generated_files/i2c_host/src/mssp1.c: 112: _Bool I2C1_Write(uint16_t address, uint8
      +                          _t *data, size_t dataLength);mcc_generated_files/i2c_host/src/mssp1.c: 113: {;mcc_genera
      +                          ted_files/i2c_host/src/mssp1.c: 114:     _Bool retStatus = 0;
  3918     05B4  01F8               	clrf	I2C1_Write@retStatus
  3919     05B5                     l2382:
  3920                           
  3921                           ;mcc_generated_files/i2c_host/src/mssp1.c: 115:     if (!I2C1_IsBusy())
  3922     05B5  3186  26DA  3185   	fcall	_I2C1_IsBusy
  3923     05B8  3A00               	xorlw	0
  3924     05B9  1D03               	skipz
  3925     05BA  2DBC               	goto	u1831
  3926     05BB  2DBD               	goto	u1830
  3927     05BC                     u1831:
  3928     05BC  2DD5               	goto	l2404
  3929     05BD                     u1830:
  3930     05BD                     l2384:
  3931                           
  3932                           ;mcc_generated_files/i2c_host/src/mssp1.c: 116:     {;mcc_generated_files/i2c_host/src/m
      +                          ssp1.c: 117:         i2c1Status.busy = 1;
  3933     05BD  3001               	movlw	1
  3934     05BE  0140               	movlb	0	; select bank0
  3935     05BF  00A0               	movwf	_i2c1Status	;volatile
  3936     05C0                     l2386:
  3937                           
  3938                           ;mcc_generated_files/i2c_host/src/mssp1.c: 118:         i2c1Status.address = address;
  3939     05C0  0874               	movf	I2C1_Write@address+1,w
  3940     05C1  00A2               	movwf	_i2c1Status+2	;volatile
  3941     05C2  0873               	movf	I2C1_Write@address,w
  3942     05C3  00A1               	movwf	_i2c1Status+1	;volatile
  3943     05C4                     l2388:
  3944                           
  3945                           ;mcc_generated_files/i2c_host/src/mssp1.c: 119:         i2c1Status.switchToRead = 0;
  3946     05C4  01AA               	clrf	_i2c1Status+10	;volatile
  3947     05C5                     l2390:
  3948                           
  3949                           ;mcc_generated_files/i2c_host/src/mssp1.c: 120:         i2c1Status.writePtr = data;
  3950     05C5  0875               	movf	I2C1_Write@data,w
  3951     05C6  00A3               	movwf	_i2c1Status+3	;volatile
  3952     05C7  01A4               	clrf	_i2c1Status+4	;volatile
  3953     05C8                     l2392:
  3954                           
  3955                           ;mcc_generated_files/i2c_host/src/mssp1.c: 121:         i2c1Status.writeLength = dataLen
      +                          gth;
  3956     05C8  0877               	movf	I2C1_Write@dataLength+1,w
  3957     05C9  00A6               	movwf	_i2c1Status+6	;volatile
  3958     05CA  0876               	movf	I2C1_Write@dataLength,w
  3959     05CB  00A5               	movwf	_i2c1Status+5	;volatile
  3960     05CC                     l2394:
  3961                           
  3962                           ;mcc_generated_files/i2c_host/src/mssp1.c: 122:         i2c1Status.readPtr = ((void*)0);
  3963     05CC  01A7               	clrf	_i2c1Status+7	;volatile
  3964     05CD                     l2396:
  3965                           
  3966                           ;mcc_generated_files/i2c_host/src/mssp1.c: 123:         i2c1Status.readLength = 0;
  3967     05CD  01A8               	clrf	_i2c1Status+8	;volatile
  3968     05CE  01A9               	clrf	_i2c1Status+9	;volatile
  3969     05CF                     l2398:
  3970                           
  3971                           ;mcc_generated_files/i2c_host/src/mssp1.c: 124:         i2c1Status.errorState = I2C_ERRO
      +                          R_NONE;
  3972     05CF  01AB               	clrf	_i2c1Status+11	;volatile
  3973     05D0                     l2400:
  3974                           
  3975                           ;mcc_generated_files/i2c_host/src/mssp1.c: 125:         I2C1_WriteStart();
  3976     05D0  3186  26B0  3185   	fcall	_I2C1_WriteStart
  3977     05D3                     l2402:
  3978                           
  3979                           ;mcc_generated_files/i2c_host/src/mssp1.c: 126:         retStatus = 1;
  3980     05D3  3001               	movlw	1
  3981     05D4  00F8               	movwf	I2C1_Write@retStatus
  3982     05D5                     l2404:
  3983                           
  3984                           ;mcc_generated_files/i2c_host/src/mssp1.c: 128:     return retStatus;
  3985     05D5  0878               	movf	I2C1_Write@retStatus,w
  3986     05D6                     l337:
  3987     05D6  0008               	return
  3988     05D7                     __end_of_I2C1_Write:
  3989                           
  3990                           	psect	text9
  3991     066E                     __ptext9:	
  3992 ;; *************** function _SYSTEM_Initialize *****************
  3993 ;; Defined at:
  3994 ;;		line 39 in file "mcc_generated_files/system/src/system.c"
  3995 ;; Parameters:    Size  Location     Type
  3996 ;;		None
  3997 ;; Auto vars:     Size  Location     Type
  3998 ;;		None
  3999 ;; Return value:  Size  Location     Type
  4000 ;;                  1    wreg      void 
  4001 ;; Registers used:
  4002 ;;		wreg, status,2, status,0, pclath, cstack
  4003 ;; Tracked objects:
  4004 ;;		On entry : 0/0
  4005 ;;		On exit  : 0/0
  4006 ;;		Unchanged: 0/0
  4007 ;; Data sizes:     COMMON   BANK0   BANK1   BANK2   BANK3   BANK4   BANK5   BANK6   BANK7   BANK8   BANK9  BANK10  BANK1
      +1  BANK12
  4008 ;;      Params:         0       0       0       0       0       0       0       0       0       0       0       0       
      +0       0
  4009 ;;      Locals:         0       0       0       0       0       0       0       0       0       0       0       0       
      +0       0
  4010 ;;      Temps:          0       0       0       0       0       0       0       0       0       0       0       0       
      +0       0
  4011 ;;      Totals:         0       0       0       0       0       0       0       0       0       0       0       0       
      +0       0
  4012 ;;Total ram usage:        0 bytes
  4013 ;; Hardware stack levels used: 1
  4014 ;; Hardware stack levels required when called: 8
  4015 ;; This function calls:
  4016 ;;		_CLOCK_Initialize
  4017 ;;		_I2C1_Initialize
  4018 ;;		_INTERRUPT_Initialize
  4019 ;;		_PIN_MANAGER_Initialize
  4020 ;; This function is called by:
  4021 ;;		_main
  4022 ;; This function uses a non-reentrant model
  4023 ;;
  4024                           
  4025     066E                     _SYSTEM_Initialize:	
  4026                           ;psect for function _SYSTEM_Initialize
  4027                           
  4028     066E                     l2128:	
  4029                           ;incstack = 0
  4030                           ; Regs used in _SYSTEM_Initialize: [wreg+status,2+status,0+pclath+cstack]
  4031                           
  4032                           
  4033                           ;mcc_generated_files/system/src/system.c: 41:     CLOCK_Initialize();
  4034     066E  3186  2686  3186   	fcall	_CLOCK_Initialize
  4035                           
  4036                           ;mcc_generated_files/system/src/system.c: 42:     PIN_MANAGER_Initialize();
  4037     0671  3184  2403  3186   	fcall	_PIN_MANAGER_Initialize
  4038                           
  4039                           ;mcc_generated_files/system/src/system.c: 43:     I2C1_Initialize();
  4040     0674  3186  265F  3186   	fcall	_I2C1_Initialize
  4041     0677                     l2130:
  4042                           
  4043                           ;mcc_generated_files/system/src/system.c: 44:     INTERRUPT_Initialize();
  4044     0677  3186  267B  3186   	fcall	_INTERRUPT_Initialize
  4045     067A                     l71:
  4046     067A  0008               	return
  4047     067B                     __end_of_SYSTEM_Initialize:
  4048                           
  4049                           	psect	text10
  4050     0403                     __ptext10:	
  4051 ;; *************** function _PIN_MANAGER_Initialize *****************
  4052 ;; Defined at:
  4053 ;;		line 38 in file "mcc_generated_files/system/src/pins.c"
  4054 ;; Parameters:    Size  Location     Type
  4055 ;;		None
  4056 ;; Auto vars:     Size  Location     Type
  4057 ;;		None
  4058 ;; Return value:  Size  Location     Type
  4059 ;;                  1    wreg      void 
  4060 ;; Registers used:
  4061 ;;		status,2
  4062 ;; Tracked objects:
  4063 ;;		On entry : 0/0
  4064 ;;		On exit  : 0/0
  4065 ;;		Unchanged: 0/0
  4066 ;; Data sizes:     COMMON   BANK0   BANK1   BANK2   BANK3   BANK4   BANK5   BANK6   BANK7   BANK8   BANK9  BANK10  BANK1
      +1  BANK12
  4067 ;;      Params:         0       0       0       0       0       0       0       0       0       0       0       0       
      +0       0
  4068 ;;      Locals:         0       0       0       0       0       0       0       0       0       0       0       0       
      +0       0
  4069 ;;      Temps:          0       0       0       0       0       0       0       0       0       0       0       0       
      +0       0
  4070 ;;      Totals:         0       0       0       0       0       0       0       0       0       0       0       0       
      +0       0
  4071 ;;Total ram usage:        0 bytes
  4072 ;; Hardware stack levels used: 1
  4073 ;; Hardware stack levels required when called: 6
  4074 ;; This function calls:
  4075 ;;		Nothing
  4076 ;; This function is called by:
  4077 ;;		_SYSTEM_Initialize
  4078 ;; This function uses a non-reentrant model
  4079 ;;
  4080                           
  4081     0403                     _PIN_MANAGER_Initialize:	
  4082                           ;psect for function _PIN_MANAGER_Initialize
  4083                           
  4084     0403                     l1820:	
  4085                           ;incstack = 0
  4086                           ; Regs used in _PIN_MANAGER_Initialize: [status,2]
  4087                           
  4088                           
  4089                           ;mcc_generated_files/system/src/pins.c: 43:     LATA = 0x0;
  4090     0403  0140               	movlb	0	; select bank0
  4091     0404  0198               	clrf	24	;volatile
  4092     0405                     l1822:
  4093                           
  4094                           ;mcc_generated_files/system/src/pins.c: 44:     LATB = 0x50;
  4095     0405  3050               	movlw	80
  4096     0406  0099               	movwf	25	;volatile
  4097                           
  4098                           ;mcc_generated_files/system/src/pins.c: 45:     LATC = 0x0;
  4099     0407  019A               	clrf	26	;volatile
  4100     0408                     l1824:
  4101                           
  4102                           ;mcc_generated_files/system/src/pins.c: 50:     TRISA = 0x37;
  4103     0408  3037               	movlw	55
  4104     0409  0092               	movwf	18	;volatile
  4105     040A                     l1826:
  4106                           
  4107                           ;mcc_generated_files/system/src/pins.c: 51:     TRISB = 0xF0;
  4108     040A  30F0               	movlw	240
  4109     040B  0093               	movwf	19	;volatile
  4110     040C                     l1828:
  4111                           
  4112                           ;mcc_generated_files/system/src/pins.c: 52:     TRISC = 0xFF;
  4113     040C  30FF               	movlw	255
  4114     040D  0094               	movwf	20	;volatile
  4115     040E                     l1830:
  4116                           
  4117                           ;mcc_generated_files/system/src/pins.c: 57:     ANSELA = 0x37;
  4118     040E  3037               	movlw	55
  4119     040F  017D               	movlb	61	; select bank61
  4120     0410  008C               	movwf	12	;volatile
  4121     0411                     l1832:
  4122                           
  4123                           ;mcc_generated_files/system/src/pins.c: 58:     ANSELB = 0xA0;
  4124     0411  30A0               	movlw	160
  4125     0412  0096               	movwf	22	;volatile
  4126     0413                     l1834:
  4127                           
  4128                           ;mcc_generated_files/system/src/pins.c: 59:     ANSELC = 0xFF;
  4129     0413  30FF               	movlw	255
  4130     0414  00A0               	movwf	32	;volatile
  4131                           
  4132                           ;mcc_generated_files/system/src/pins.c: 64:     WPUA = 0x0;
  4133     0415  018D               	clrf	13	;volatile
  4134                           
  4135                           ;mcc_generated_files/system/src/pins.c: 65:     WPUB = 0x0;
  4136     0416  0197               	clrf	23	;volatile
  4137                           
  4138                           ;mcc_generated_files/system/src/pins.c: 66:     WPUC = 0x0;
  4139     0417  01A1               	clrf	33	;volatile
  4140                           
  4141                           ;mcc_generated_files/system/src/pins.c: 72:     ODCONA = 0x0;
  4142     0418  018E               	clrf	14	;volatile
  4143                           
  4144                           ;mcc_generated_files/system/src/pins.c: 73:     ODCONB = 0x0;
  4145     0419  0198               	clrf	24	;volatile
  4146                           
  4147                           ;mcc_generated_files/system/src/pins.c: 74:     ODCONC = 0x0;
  4148     041A  01A2               	clrf	34	;volatile
  4149     041B                     l1836:
  4150                           
  4151                           ;mcc_generated_files/system/src/pins.c: 78:     SLRCONA = 0x37;
  4152     041B  3037               	movlw	55
  4153     041C  008F               	movwf	15	;volatile
  4154     041D                     l1838:
  4155                           
  4156                           ;mcc_generated_files/system/src/pins.c: 79:     SLRCONB = 0xF0;
  4157     041D  30F0               	movlw	240
  4158     041E  0099               	movwf	25	;volatile
  4159     041F                     l1840:
  4160                           
  4161                           ;mcc_generated_files/system/src/pins.c: 80:     SLRCONC = 0xFF;
  4162     041F  30FF               	movlw	255
  4163     0420  00A3               	movwf	35	;volatile
  4164     0421                     l1842:
  4165                           
  4166                           ;mcc_generated_files/system/src/pins.c: 84:     INLVLA = 0x3F;
  4167     0421  303F               	movlw	63
  4168     0422  0090               	movwf	16	;volatile
  4169     0423                     l1844:
  4170                           
  4171                           ;mcc_generated_files/system/src/pins.c: 85:     INLVLB = 0xA0;
  4172     0423  30A0               	movlw	160
  4173     0424  009A               	movwf	26	;volatile
  4174     0425                     l1846:
  4175                           
  4176                           ;mcc_generated_files/system/src/pins.c: 86:     INLVLC = 0xFF;
  4177     0425  30FF               	movlw	255
  4178     0426  00A4               	movwf	36	;volatile
  4179     0427                     l1848:
  4180                           
  4181                           ;mcc_generated_files/system/src/pins.c: 91:     SSP1CLKPPS = 0xE;
  4182     0427  300E               	movlw	14
  4183     0428  017C               	movlb	60	; select bank60
  4184     0429  00C7               	movwf	71	;volatile
  4185     042A                     l1850:
  4186                           
  4187                           ;mcc_generated_files/system/src/pins.c: 92:     RB6PPS = 0x1B;
  4188     042A  301B               	movlw	27
  4189     042B  017B               	movlb	59	; select bank59
  4190     042C  009A               	movwf	26	;volatile
  4191     042D                     l1852:
  4192                           
  4193                           ;mcc_generated_files/system/src/pins.c: 93:     SSP1DATPPS = 0xC;
  4194     042D  300C               	movlw	12
  4195     042E  017C               	movlb	60	; select bank60
  4196     042F  00C8               	movwf	72	;volatile
  4197     0430                     l1854:
  4198                           
  4199                           ;mcc_generated_files/system/src/pins.c: 94:     RB4PPS = 0x1C;
  4200     0430  301C               	movlw	28
  4201     0431  017B               	movlb	59	; select bank59
  4202     0432  0098               	movwf	24	;volatile
  4203                           
  4204                           ;mcc_generated_files/system/src/pins.c: 103:     IOCAP = 0x0;
  4205     0433  017D               	movlb	61	; select bank61
  4206     0434  0191               	clrf	17	;volatile
  4207                           
  4208                           ;mcc_generated_files/system/src/pins.c: 104:     IOCAN = 0x0;
  4209     0435  0192               	clrf	18	;volatile
  4210                           
  4211                           ;mcc_generated_files/system/src/pins.c: 105:     IOCAF = 0x0;
  4212     0436  0193               	clrf	19	;volatile
  4213                           
  4214                           ;mcc_generated_files/system/src/pins.c: 106:     IOCBP = 0x0;
  4215     0437  019B               	clrf	27	;volatile
  4216                           
  4217                           ;mcc_generated_files/system/src/pins.c: 107:     IOCBN = 0x0;
  4218     0438  019C               	clrf	28	;volatile
  4219                           
  4220                           ;mcc_generated_files/system/src/pins.c: 108:     IOCBF = 0x0;
  4221     0439  019D               	clrf	29	;volatile
  4222                           
  4223                           ;mcc_generated_files/system/src/pins.c: 109:     IOCCP = 0x0;
  4224     043A  01A5               	clrf	37	;volatile
  4225                           
  4226                           ;mcc_generated_files/system/src/pins.c: 110:     IOCCN = 0x0;
  4227     043B  01A6               	clrf	38	;volatile
  4228                           
  4229                           ;mcc_generated_files/system/src/pins.c: 111:     IOCCF = 0x0;
  4230     043C  01A7               	clrf	39	;volatile
  4231     043D                     l252:
  4232     043D  0008               	return
  4233     043E                     __end_of_PIN_MANAGER_Initialize:
  4234                           
  4235                           	psect	text11
  4236     067B                     __ptext11:	
  4237 ;; *************** function _INTERRUPT_Initialize *****************
  4238 ;; Defined at:
  4239 ;;		line 40 in file "mcc_generated_files/system/src/interrupt.c"
  4240 ;; Parameters:    Size  Location     Type
  4241 ;;		None
  4242 ;; Auto vars:     Size  Location     Type
  4243 ;;		None
  4244 ;; Return value:  Size  Location     Type
  4245 ;;                  1    wreg      void 
  4246 ;; Registers used:
  4247 ;;		wreg, status,2, status,0, pclath, cstack
  4248 ;; Tracked objects:
  4249 ;;		On entry : 0/0
  4250 ;;		On exit  : 0/0
  4251 ;;		Unchanged: 0/0
  4252 ;; Data sizes:     COMMON   BANK0   BANK1   BANK2   BANK3   BANK4   BANK5   BANK6   BANK7   BANK8   BANK9  BANK10  BANK1
      +1  BANK12
  4253 ;;      Params:         0       0       0       0       0       0       0       0       0       0       0       0       
      +0       0
  4254 ;;      Locals:         0       0       0       0       0       0       0       0       0       0       0       0       
      +0       0
  4255 ;;      Temps:          0       0       0       0       0       0       0       0       0       0       0       0       
      +0       0
  4256 ;;      Totals:         0       0       0       0       0       0       0       0       0       0       0       0       
      +0       0
  4257 ;;Total ram usage:        0 bytes
  4258 ;; Hardware stack levels used: 1
  4259 ;; Hardware stack levels required when called: 7
  4260 ;; This function calls:
  4261 ;;		_INT_SetInterruptHandler
  4262 ;; This function is called by:
  4263 ;;		_SYSTEM_Initialize
  4264 ;; This function uses a non-reentrant model
  4265 ;;
  4266                           
  4267     067B                     _INTERRUPT_Initialize:	
  4268                           ;psect for function _INTERRUPT_Initialize
  4269                           
  4270     067B                     l1816:	
  4271                           ;incstack = 0
  4272                           ; Regs used in _INTERRUPT_Initialize: [wreg+status,2+status,0+pclath+cstack]
  4273                           
  4274                           
  4275                           ;mcc_generated_files/system/src/interrupt.c: 44:     (PIR0bits.INTF = 0);
  4276     067B  0141               	movlb	1	; select bank1
  4277     067C  100C               	bcf	12,0	;volatile
  4278                           
  4279                           ;mcc_generated_files/system/src/interrupt.c: 45:     (INTCONbits.INTEDG = 1);
  4280     067D  140B               	bsf	11,0	;volatile
  4281     067E                     l1818:
  4282                           
  4283                           ;mcc_generated_files/system/src/interrupt.c: 47:     INT_SetInterruptHandler(INT_Default
      +                          InterruptHandler);
  4284     067E  3000               	movlw	0
  4285     067F  00F3               	movwf	INT_SetInterruptHandler@InterruptHandler
  4286     0680  3000               	movlw	0
  4287     0681  00F4               	movwf	INT_SetInterruptHandler@InterruptHandler+1
  4288     0682  3186  26AA  3186   	fcall	_INT_SetInterruptHandler
  4289     0685                     l36:
  4290     0685  0008               	return
  4291     0686                     __end_of_INTERRUPT_Initialize:
  4292                           
  4293                           	psect	text12
  4294     06AA                     __ptext12:	
  4295 ;; *************** function _INT_SetInterruptHandler *****************
  4296 ;; Defined at:
  4297 ;;		line 101 in file "mcc_generated_files/system/src/interrupt.c"
  4298 ;; Parameters:    Size  Location     Type
  4299 ;;  InterruptHan    2    3[COMMON] PTR FTN()void 
  4300 ;;		 -> INT_DefaultInterruptHandler(1), 
  4301 ;; Auto vars:     Size  Location     Type
  4302 ;;		None
  4303 ;; Return value:  Size  Location     Type
  4304 ;;                  1    wreg      void 
  4305 ;; Registers used:
  4306 ;;		wreg
  4307 ;; Tracked objects:
  4308 ;;		On entry : 0/0
  4309 ;;		On exit  : 0/0
  4310 ;;		Unchanged: 0/0
  4311 ;; Data sizes:     COMMON   BANK0   BANK1   BANK2   BANK3   BANK4   BANK5   BANK6   BANK7   BANK8   BANK9  BANK10  BANK1
      +1  BANK12
  4312 ;;      Params:         2       0       0       0       0       0       0       0       0       0       0       0       
      +0       0
  4313 ;;      Locals:         0       0       0       0       0       0       0       0       0       0       0       0       
      +0       0
  4314 ;;      Temps:          0       0       0       0       0       0       0       0       0       0       0       0       
      +0       0
  4315 ;;      Totals:         2       0       0       0       0       0       0       0       0       0       0       0       
      +0       0
  4316 ;;Total ram usage:        2 bytes
  4317 ;; Hardware stack levels used: 1
  4318 ;; Hardware stack levels required when called: 6
  4319 ;; This function calls:
  4320 ;;		Nothing
  4321 ;; This function is called by:
  4322 ;;		_INTERRUPT_Initialize
  4323 ;; This function uses a non-reentrant model
  4324 ;;
  4325                           
  4326     06AA                     _INT_SetInterruptHandler:	
  4327                           ;psect for function _INT_SetInterruptHandler
  4328                           
  4329     06AA                     l1660:	
  4330                           ;incstack = 0
  4331                           ; Regs used in _INT_SetInterruptHandler: [wreg]
  4332                           
  4333                           
  4334                           ;mcc_generated_files/system/src/interrupt.c: 102:     INT_InterruptHandler = InterruptHa
      +                          ndler;
  4335     06AA  0874               	movf	INT_SetInterruptHandler@InterruptHandler+1,w
  4336     06AB  0140               	movlb	0	; select bank0
  4337     06AC  00EF               	movwf	_INT_InterruptHandler+1
  4338     06AD  0873               	movf	INT_SetInterruptHandler@InterruptHandler,w
  4339     06AE  00EE               	movwf	_INT_InterruptHandler
  4340     06AF                     l57:
  4341     06AF  0008               	return
  4342     06B0                     __end_of_INT_SetInterruptHandler:
  4343                           
  4344                           	psect	text13
  4345     065F                     __ptext13:	
  4346 ;; *************** function _I2C1_Initialize *****************
  4347 ;; Defined at:
  4348 ;;		line 84 in file "mcc_generated_files/i2c_host/src/mssp1.c"
  4349 ;; Parameters:    Size  Location     Type
  4350 ;;		None
  4351 ;; Auto vars:     Size  Location     Type
  4352 ;;		None
  4353 ;; Return value:  Size  Location     Type
  4354 ;;                  1    wreg      void 
  4355 ;; Registers used:
  4356 ;;		status,2
  4357 ;; Tracked objects:
  4358 ;;		On entry : 0/0
  4359 ;;		On exit  : 0/0
  4360 ;;		Unchanged: 0/0
  4361 ;; Data sizes:     COMMON   BANK0   BANK1   BANK2   BANK3   BANK4   BANK5   BANK6   BANK7   BANK8   BANK9  BANK10  BANK1
      +1  BANK12
  4362 ;;      Params:         0       0       0       0       0       0       0       0       0       0       0       0       
      +0       0
  4363 ;;      Locals:         0       0       0       0       0       0       0       0       0       0       0       0       
      +0       0
  4364 ;;      Temps:          0       0       0       0       0       0       0       0       0       0       0       0       
      +0       0
  4365 ;;      Totals:         0       0       0       0       0       0       0       0       0       0       0       0       
      +0       0
  4366 ;;Total ram usage:        0 bytes
  4367 ;; Hardware stack levels used: 1
  4368 ;; Hardware stack levels required when called: 6
  4369 ;; This function calls:
  4370 ;;		Nothing
  4371 ;; This function is called by:
  4372 ;;		_SYSTEM_Initialize
  4373 ;;		_main
  4374 ;; This function uses a non-reentrant model
  4375 ;;
  4376                           
  4377     065F                     _I2C1_Initialize:	
  4378                           ;psect for function _I2C1_Initialize
  4379                           
  4380     065F                     l1856:	
  4381                           ;incstack = 0
  4382                           ; Regs used in _I2C1_Initialize: [status,2]
  4383                           
  4384                           
  4385                           ;mcc_generated_files/i2c_host/src/mssp1.c: 87:     SSP1STAT = 0x80;
  4386     065F  3080               	movlw	128
  4387     0660  014F               	movlb	15	; select bank15
  4388     0661  008F               	movwf	15	;volatile
  4389                           
  4390                           ;mcc_generated_files/i2c_host/src/mssp1.c: 89:     SSP1CON1 = 0x8;
  4391     0662  3008               	movlw	8
  4392     0663  0090               	movwf	16	;volatile
  4393     0664                     l1858:
  4394                           
  4395                           ;mcc_generated_files/i2c_host/src/mssp1.c: 91:     SSP1CON2 = 0x0;
  4396     0664  0191               	clrf	17	;volatile
  4397                           
  4398                           ;mcc_generated_files/i2c_host/src/mssp1.c: 93:     SSP1CON3 = 0x0;
  4399     0665  0192               	clrf	18	;volatile
  4400     0666                     l1860:
  4401                           
  4402                           ;mcc_generated_files/i2c_host/src/mssp1.c: 95:     SSP1ADD = 0x4F;
  4403     0666  304F               	movlw	79
  4404     0667  008D               	movwf	13	;volatile
  4405     0668                     l1862:
  4406                           
  4407                           ;mcc_generated_files/i2c_host/src/mssp1.c: 96:     PIE5bits.SSP1IE = 1;
  4408     0668  0141               	movlb	1	; select bank1
  4409     0669  151B               	bsf	27,2	;volatile
  4410     066A                     l1864:
  4411                           
  4412                           ;mcc_generated_files/i2c_host/src/mssp1.c: 97:     PIE5bits.BCL1IE = 1;
  4413     066A  159B               	bsf	27,3	;volatile
  4414     066B                     l1866:
  4415                           
  4416                           ;mcc_generated_files/i2c_host/src/mssp1.c: 98:     SSP1CON1bits.SSPEN = 1;
  4417     066B  014F               	movlb	15	; select bank15
  4418     066C  1690               	bsf	16,5	;volatile
  4419     066D                     l330:
  4420     066D  0008               	return
  4421     066E                     __end_of_I2C1_Initialize:
  4422                           
  4423                           	psect	text14
  4424     0686                     __ptext14:	
  4425 ;; *************** function _CLOCK_Initialize *****************
  4426 ;; Defined at:
  4427 ;;		line 39 in file "mcc_generated_files/system/src/clock.c"
  4428 ;; Parameters:    Size  Location     Type
  4429 ;;		None
  4430 ;; Auto vars:     Size  Location     Type
  4431 ;;		None
  4432 ;; Return value:  Size  Location     Type
  4433 ;;                  1    wreg      void 
  4434 ;; Registers used:
  4435 ;;		status,2
  4436 ;; Tracked objects:
  4437 ;;		On entry : 0/0
  4438 ;;		On exit  : 0/0
  4439 ;;		Unchanged: 0/0
  4440 ;; Data sizes:     COMMON   BANK0   BANK1   BANK2   BANK3   BANK4   BANK5   BANK6   BANK7   BANK8   BANK9  BANK10  BANK1
      +1  BANK12
  4441 ;;      Params:         0       0       0       0       0       0       0       0       0       0       0       0       
      +0       0
  4442 ;;      Locals:         0       0       0       0       0       0       0       0       0       0       0       0       
      +0       0
  4443 ;;      Temps:          0       0       0       0       0       0       0       0       0       0       0       0       
      +0       0
  4444 ;;      Totals:         0       0       0       0       0       0       0       0       0       0       0       0       
      +0       0
  4445 ;;Total ram usage:        0 bytes
  4446 ;; Hardware stack levels used: 1
  4447 ;; Hardware stack levels required when called: 6
  4448 ;; This function calls:
  4449 ;;		Nothing
  4450 ;; This function is called by:
  4451 ;;		_SYSTEM_Initialize
  4452 ;; This function uses a non-reentrant model
  4453 ;;
  4454                           
  4455     0686                     _CLOCK_Initialize:	
  4456                           ;psect for function _CLOCK_Initialize
  4457                           
  4458     0686                     l1810:	
  4459                           ;incstack = 0
  4460                           ; Regs used in _CLOCK_Initialize: [status,2]
  4461                           
  4462                           
  4463                           ;mcc_generated_files/system/src/clock.c: 42:     OSCCON1 = (0 << 0x0)
  4464     0686  3060               	movlw	96
  4465     0687  0145               	movlb	5	; select bank5
  4466     0688  008D               	movwf	13	;volatile
  4467     0689                     l1812:
  4468                           
  4469                           ;mcc_generated_files/system/src/clock.c: 44:     OSCCON3 = (0 << 0x7);
  4470     0689  018F               	clrf	15	;volatile
  4471                           
  4472                           ;mcc_generated_files/system/src/clock.c: 45:     OSCEN = (0 << 0x7)
  4473     068A  0191               	clrf	17	;volatile
  4474     068B                     l1814:
  4475                           
  4476                           ;mcc_generated_files/system/src/clock.c: 51:     OSCFRQ = (5 << 0x0);
  4477     068B  3005               	movlw	5
  4478     068C  0093               	movwf	19	;volatile
  4479                           
  4480                           ;mcc_generated_files/system/src/clock.c: 52:     OSCTUNE = (0 << 0x0);
  4481     068D  0192               	clrf	18	;volatile
  4482     068E                     l13:
  4483     068E  0008               	return
  4484     068F                     __end_of_CLOCK_Initialize:
  4485                           
  4486                           	psect	text15
  4487     03C7                     __ptext15:	
  4488 ;; *************** function _MCP9808_ReadTemperatureRaw *****************
  4489 ;; Defined at:
  4490 ;;		line 258 in file "main.c"
  4491 ;; Parameters:    Size  Location     Type
  4492 ;;  value           1    8[BANK0 ] PTR unsigned short 
  4493 ;;		 -> main@mcp9808_raw_temperature(2), 
  4494 ;; Auto vars:     Size  Location     Type
  4495 ;;		None
  4496 ;; Return value:  Size  Location     Type
  4497 ;;                  1    wreg      _Bool 
  4498 ;; Registers used:
  4499 ;;		wreg, fsr1l, fsr1h, status,2, status,0, pclath, cstack
  4500 ;; Tracked objects:
  4501 ;;		On entry : 0/0
  4502 ;;		On exit  : 0/0
  4503 ;;		Unchanged: 0/0
  4504 ;; Data sizes:     COMMON   BANK0   BANK1   BANK2   BANK3   BANK4   BANK5   BANK6   BANK7   BANK8   BANK9  BANK10  BANK1
      +1  BANK12
  4505 ;;      Params:         0       1       0       0       0       0       0       0       0       0       0       0       
      +0       0
  4506 ;;      Locals:         0       0       0       0       0       0       0       0       0       0       0       0       
      +0       0
  4507 ;;      Temps:          0       0       0       0       0       0       0       0       0       0       0       0       
      +0       0
  4508 ;;      Totals:         0       1       0       0       0       0       0       0       0       0       0       0       
      +0       0
  4509 ;;Total ram usage:        1 bytes
  4510 ;; Hardware stack levels used: 1
  4511 ;; Hardware stack levels required when called: 8
  4512 ;; This function calls:
  4513 ;;		_I2C1_ErrorGet
  4514 ;;		_I2C1_WriteRead
  4515 ;;		_I2C_WaitComplete
  4516 ;; This function is called by:
  4517 ;;		_main
  4518 ;; This function uses a non-reentrant model
  4519 ;;
  4520                           
  4521     03C7                     _MCP9808_ReadTemperatureRaw:	
  4522                           ;psect for function _MCP9808_ReadTemperatureRaw
  4523                           
  4524     03C7                     l2596:	
  4525                           ;incstack = 0
  4526                           ; Regs used in _MCP9808_ReadTemperatureRaw: [wreg+fsr1l+fsr1h+status,2+status,0+pclath+c
      +                          stack]
  4527                           
  4528                           
  4529                           ;main.c: 258: static _Bool MCP9808_ReadTemperatureRaw(uint16_t *value);main.c: 259: {;ma
      +                          in.c: 260:     i2c_write_buffer[0] = 0x05;
  4530     03C7  3005               	movlw	5
  4531     03C8  0140               	movlb	0	; select bank0
  4532     03C9  00CB               	movwf	_i2c_write_buffer
  4533     03CA                     l2598:
  4534                           
  4535                           ;main.c: 262:     i2c_read_buffer[0] = 0;
  4536     03CA  01F9               	clrf	_i2c_read_buffer
  4537                           
  4538                           ;main.c: 263:     i2c_read_buffer[1] = 0;
  4539     03CB  01FA               	clrf	_i2c_read_buffer+1
  4540     03CC                     l2600:
  4541                           
  4542                           ;main.c: 265:     if (!I2C1_WriteRead(0x1C,
  4543     03CC  301C               	movlw	28
  4544     03CD  00CE               	movwf	I2C1_WriteRead@address
  4545     03CE  3000               	movlw	0
  4546     03CF  00CF               	movwf	I2C1_WriteRead@address+1
  4547     03D0  304B               	movlw	(low (_i2c_write_buffer| 0))& (0+255)
  4548     03D1  00D0               	movwf	I2C1_WriteRead@writeData
  4549     03D2  3001               	movlw	1
  4550     03D3  00D1               	movwf	I2C1_WriteRead@writeLength
  4551     03D4  3000               	movlw	0
  4552     03D5  00D2               	movwf	I2C1_WriteRead@writeLength+1
  4553     03D6  3079               	movlw	(low (_i2c_read_buffer| 0))& (0+255)
  4554     03D7  00D3               	movwf	I2C1_WriteRead@readData
  4555     03D8  3002               	movlw	2
  4556     03D9  00D4               	movwf	I2C1_WriteRead@readLength
  4557     03DA  3000               	movlw	0
  4558     03DB  00D5               	movwf	I2C1_WriteRead@readLength+1
  4559     03DC  3185  258D  3183   	fcall	_I2C1_WriteRead
  4560     03DF  3A00               	xorlw	0
  4561     03E0  1D03               	skipz
  4562     03E1  2BE3               	goto	u2181
  4563     03E2  2BE4               	goto	u2180
  4564     03E3                     u2181:
  4565     03E3  2BE6               	goto	l2606
  4566     03E4                     u2180:
  4567     03E4                     l2602:
  4568                           
  4569                           ;main.c: 270:     {;main.c: 271:         return 0;
  4570     03E4  3000               	movlw	0
  4571     03E5  2C02               	goto	l145
  4572     03E6                     l2606:
  4573                           
  4574                           ;main.c: 274:     if (!I2C_WaitComplete())
  4575     03E6  3185  2565  3183   	fcall	_I2C_WaitComplete
  4576     03E9  3A00               	xorlw	0
  4577     03EA  1D03               	skipz
  4578     03EB  2BED               	goto	u2191
  4579     03EC  2BEE               	goto	u2190
  4580     03ED                     u2191:
  4581     03ED  2BEF               	goto	l2612
  4582     03EE                     u2190:
  4583     03EE  2BE4               	goto	l2602
  4584     03EF                     l2612:
  4585                           
  4586                           ;main.c: 279:     mcp9808_error = I2C1_ErrorGet();
  4587     03EF  3186  26B6  3183   	fcall	_I2C1_ErrorGet
  4588     03F2  0140               	movlb	0	; select bank0
  4589     03F3  00C9               	movwf	_mcp9808_error	;volatile
  4590     03F4                     l2614:
  4591                           
  4592                           ;main.c: 281:     if (mcp9808_error != I2C_ERROR_NONE)
  4593     03F4  0849               	movf	_mcp9808_error,w	;volatile
  4594     03F5  1903               	btfsc	3,2
  4595     03F6  2BF8               	goto	u2201
  4596     03F7  2BF9               	goto	u2200
  4597     03F8                     u2201:
  4598     03F8  2BFA               	goto	l2620
  4599     03F9                     u2200:
  4600     03F9  2BE4               	goto	l2602
  4601     03FA                     l2620:
  4602                           
  4603                           ;main.c: 293:     *value =
  4604     03FA  0856               	movf	MCP9808_ReadTemperatureRaw@value,w
  4605     03FB  0086               	movwf	6
  4606     03FC  0187               	clrf	7
  4607     03FD  087A               	movf	_i2c_read_buffer+1,w
  4608     03FE  3FC0               	movwi [0]fsr1
  4609     03FF  0879               	movf	_i2c_read_buffer,w
  4610     0400  3FC1               	movwi [1]fsr1
  4611     0401                     l2622:
  4612                           
  4613                           ;main.c: 297:     return 1;
  4614     0401  3001               	movlw	1
  4615     0402                     l145:
  4616     0402  0008               	return
  4617     0403                     __end_of_MCP9808_ReadTemperatureRaw:
  4618                           
  4619                           	psect	text16
  4620     0565                     __ptext16:	
  4621 ;; *************** function _I2C_WaitComplete *****************
  4622 ;; Defined at:
  4623 ;;		line 147 in file "main.c"
  4624 ;; Parameters:    Size  Location     Type
  4625 ;;		None
  4626 ;; Auto vars:     Size  Location     Type
  4627 ;;  timeout         4    3[COMMON] volatile unsigned long 
  4628 ;; Return value:  Size  Location     Type
  4629 ;;                  1    wreg      _Bool 
  4630 ;; Registers used:
  4631 ;;		wreg, status,2, status,0, pclath, cstack
  4632 ;; Tracked objects:
  4633 ;;		On entry : 0/0
  4634 ;;		On exit  : 0/0
  4635 ;;		Unchanged: 0/0
  4636 ;; Data sizes:     COMMON   BANK0   BANK1   BANK2   BANK3   BANK4   BANK5   BANK6   BANK7   BANK8   BANK9  BANK10  BANK1
      +1  BANK12
  4637 ;;      Params:         0       0       0       0       0       0       0       0       0       0       0       0       
      +0       0
  4638 ;;      Locals:         4       0       0       0       0       0       0       0       0       0       0       0       
      +0       0
  4639 ;;      Temps:          0       0       0       0       0       0       0       0       0       0       0       0       
      +0       0
  4640 ;;      Totals:         4       0       0       0       0       0       0       0       0       0       0       0       
      +0       0
  4641 ;;Total ram usage:        4 bytes
  4642 ;; Hardware stack levels used: 1
  4643 ;; Hardware stack levels required when called: 6
  4644 ;; This function calls:
  4645 ;;		_I2C1_IsBusy
  4646 ;; This function is called by:
  4647 ;;		_VCNL4200_WriteRegister16
  4648 ;;		_VCNL4200_ReadRegister16
  4649 ;;		_MCP9808_ReadTemperatureRaw
  4650 ;; This function uses a non-reentrant model
  4651 ;;
  4652                           
  4653     0565                     _I2C_WaitComplete:	
  4654                           ;psect for function _I2C_WaitComplete
  4655                           
  4656     0565                     l2366:	
  4657                           ;incstack = 0
  4658                           ; Regs used in _I2C_WaitComplete: [wreg+status,2+status,0+pclath+cstack]
  4659                           
  4660                           
  4661                           ;main.c: 149:     volatile uint32_t timeout = 0;
  4662     0565  3000               	movlw	0
  4663     0566  00F6               	movwf	I2C_WaitComplete@timeout+3	;volatile
  4664     0567  3000               	movlw	0
  4665     0568  00F5               	movwf	I2C_WaitComplete@timeout+2	;volatile
  4666     0569  3000               	movlw	0
  4667     056A  00F4               	movwf	I2C_WaitComplete@timeout+1	;volatile
  4668     056B  3000               	movlw	0
  4669     056C  00F3               	movwf	I2C_WaitComplete@timeout	;volatile
  4670                           
  4671                           ;main.c: 151:     while (I2C1_IsBusy())
  4672     056D  2D83               	goto	l2374
  4673     056E                     l2368:
  4674                           
  4675                           ;main.c: 152:     {;main.c: 153:         timeout++;
  4676     056E  3001               	movlw	1
  4677     056F  07F3               	addwf	I2C_WaitComplete@timeout,f	;volatile
  4678     0570  3000               	movlw	0
  4679     0571  3DF4               	addwfc	I2C_WaitComplete@timeout+1,f	;volatile
  4680     0572  3DF5               	addwfc	I2C_WaitComplete@timeout+2,f	;volatile
  4681     0573  3DF6               	addwfc	I2C_WaitComplete@timeout+3,f	;volatile
  4682                           
  4683                           ;main.c: 155:         if (timeout > 100000UL)
  4684     0574  0876               	movf	I2C_WaitComplete@timeout+3,w	;volatile
  4685     0575  1D03               	btfss	3,2
  4686     0576  2D81               	goto	u1810
  4687     0577  30A1               	movlw	161
  4688     0578  0273               	subwf	I2C_WaitComplete@timeout,w	;volatile
  4689     0579  3086               	movlw	134
  4690     057A  3B74               	subwfb	I2C_WaitComplete@timeout+1,w	;volatile
  4691     057B  3001               	movlw	1
  4692     057C  3B75               	subwfb	I2C_WaitComplete@timeout+2,w	;volatile
  4693     057D  1C03               	btfss	3,0
  4694     057E  2D80               	goto	u1811
  4695     057F  2D81               	goto	u1810
  4696     0580                     u1811:
  4697     0580  2D83               	goto	l2374
  4698     0581                     u1810:
  4699     0581                     l2370:
  4700                           
  4701                           ;main.c: 156:         {;main.c: 157:             return 0;
  4702     0581  3000               	movlw	0
  4703     0582  2D8C               	goto	l128
  4704     0583                     l2374:
  4705                           
  4706                           ;main.c: 151:     while (I2C1_IsBusy())
  4707     0583  3186  26DA  3185   	fcall	_I2C1_IsBusy
  4708     0586  3A00               	xorlw	0
  4709     0587  1D03               	skipz
  4710     0588  2D8A               	goto	u1821
  4711     0589  2D8B               	goto	u1820
  4712     058A                     u1821:
  4713     058A  2D6E               	goto	l2368
  4714     058B                     u1820:
  4715     058B                     l2376:
  4716                           
  4717                           ;main.c: 161:     return 1;
  4718     058B  3001               	movlw	1
  4719     058C                     l128:
  4720     058C  0008               	return
  4721     058D                     __end_of_I2C_WaitComplete:
  4722                           
  4723                           	psect	text17
  4724     058D                     __ptext17:	
  4725 ;; *************** function _I2C1_WriteRead *****************
  4726 ;; Defined at:
  4727 ;;		line 150 in file "mcc_generated_files/i2c_host/src/mssp1.c"
  4728 ;; Parameters:    Size  Location     Type
  4729 ;;  address         2    0[BANK0 ] unsigned short 
  4730 ;;  writeData       1    2[BANK0 ] PTR unsigned char 
  4731 ;;		 -> i2c_write_buffer(3), 
  4732 ;;  writeLength     2    3[BANK0 ] unsigned int 
  4733 ;;  readData        1    5[BANK0 ] PTR unsigned char 
  4734 ;;		 -> i2c_read_buffer(2), 
  4735 ;;  readLength      2    6[BANK0 ] unsigned int 
  4736 ;; Auto vars:     Size  Location     Type
  4737 ;;  retStatus       1    3[COMMON] _Bool 
  4738 ;; Return value:  Size  Location     Type
  4739 ;;                  1    wreg      _Bool 
  4740 ;; Registers used:
  4741 ;;		wreg, status,2, status,0, pclath, cstack
  4742 ;; Tracked objects:
  4743 ;;		On entry : 0/0
  4744 ;;		On exit  : 0/0
  4745 ;;		Unchanged: 0/0
  4746 ;; Data sizes:     COMMON   BANK0   BANK1   BANK2   BANK3   BANK4   BANK5   BANK6   BANK7   BANK8   BANK9  BANK10  BANK1
      +1  BANK12
  4747 ;;      Params:         0       8       0       0       0       0       0       0       0       0       0       0       
      +0       0
  4748 ;;      Locals:         1       0       0       0       0       0       0       0       0       0       0       0       
      +0       0
  4749 ;;      Temps:          0       0       0       0       0       0       0       0       0       0       0       0       
      +0       0
  4750 ;;      Totals:         1       8       0       0       0       0       0       0       0       0       0       0       
      +0       0
  4751 ;;Total ram usage:        9 bytes
  4752 ;; Hardware stack levels used: 1
  4753 ;; Hardware stack levels required when called: 6
  4754 ;; This function calls:
  4755 ;;		_I2C1_IsBusy
  4756 ;;		_I2C1_WriteStart
  4757 ;; This function is called by:
  4758 ;;		_VCNL4200_ReadRegister16
  4759 ;;		_MCP9808_ReadTemperatureRaw
  4760 ;; This function uses a non-reentrant model
  4761 ;;
  4762                           
  4763     058D                     _I2C1_WriteRead:	
  4764                           ;psect for function _I2C1_WriteRead
  4765                           
  4766     058D                     l2416:	
  4767                           ;incstack = 0
  4768                           ; Regs used in _I2C1_WriteRead: [wreg+status,2+status,0+pclath+cstack]
  4769                           
  4770                           
  4771                           ;mcc_generated_files/i2c_host/src/mssp1.c: 150: _Bool I2C1_WriteRead(uint16_t address, u
      +                          int8_t *writeData, size_t writeLength, uint8_t *readData, size_t readLength);mcc_generat
      +                          ed_files/i2c_host/src/mssp1.c: 151: {;mcc_generated_files/i2c_host/src/mssp1.c: 152:    
      +                           _Bool retStatus = 0;
  4772     058D  01F3               	clrf	I2C1_WriteRead@retStatus
  4773     058E                     l2418:
  4774                           
  4775                           ;mcc_generated_files/i2c_host/src/mssp1.c: 153:     if (!I2C1_IsBusy())
  4776     058E  3186  26DA  3185   	fcall	_I2C1_IsBusy
  4777     0591  3A00               	xorlw	0
  4778     0592  1D03               	skipz
  4779     0593  2D95               	goto	u1841
  4780     0594  2D96               	goto	u1840
  4781     0595                     u1841:
  4782     0595  2DB2               	goto	l2432
  4783     0596                     u1840:
  4784     0596                     l2420:
  4785                           
  4786                           ;mcc_generated_files/i2c_host/src/mssp1.c: 154:     {;mcc_generated_files/i2c_host/src/m
      +                          ssp1.c: 155:         i2c1Status.busy = 1;
  4787     0596  3001               	movlw	1
  4788     0597  0140               	movlb	0	; select bank0
  4789     0598  00A0               	movwf	_i2c1Status	;volatile
  4790     0599                     l2422:
  4791                           
  4792                           ;mcc_generated_files/i2c_host/src/mssp1.c: 156:         i2c1Status.address = address;
  4793     0599  084F               	movf	I2C1_WriteRead@address+1,w
  4794     059A  00A2               	movwf	_i2c1Status+2	;volatile
  4795     059B  084E               	movf	I2C1_WriteRead@address,w
  4796     059C  00A1               	movwf	_i2c1Status+1	;volatile
  4797     059D                     l2424:
  4798                           
  4799                           ;mcc_generated_files/i2c_host/src/mssp1.c: 157:         i2c1Status.switchToRead = 1;
  4800     059D  3001               	movlw	1
  4801     059E  00AA               	movwf	_i2c1Status+10	;volatile
  4802                           
  4803                           ;mcc_generated_files/i2c_host/src/mssp1.c: 158:         i2c1Status.writePtr = writeData;
  4804     059F  0850               	movf	I2C1_WriteRead@writeData,w
  4805     05A0  00A3               	movwf	_i2c1Status+3	;volatile
  4806     05A1  01A4               	clrf	_i2c1Status+4	;volatile
  4807                           
  4808                           ;mcc_generated_files/i2c_host/src/mssp1.c: 159:         i2c1Status.writeLength = writeLe
      +                          ngth;
  4809     05A2  0852               	movf	I2C1_WriteRead@writeLength+1,w
  4810     05A3  00A6               	movwf	_i2c1Status+6	;volatile
  4811     05A4  0851               	movf	I2C1_WriteRead@writeLength,w
  4812     05A5  00A5               	movwf	_i2c1Status+5	;volatile
  4813                           
  4814                           ;mcc_generated_files/i2c_host/src/mssp1.c: 160:         i2c1Status.readPtr = readData;
  4815     05A6  0853               	movf	I2C1_WriteRead@readData,w
  4816     05A7  00A7               	movwf	_i2c1Status+7	;volatile
  4817                           
  4818                           ;mcc_generated_files/i2c_host/src/mssp1.c: 161:         i2c1Status.readLength = readLeng
      +                          th;
  4819     05A8  0855               	movf	I2C1_WriteRead@readLength+1,w
  4820     05A9  00A9               	movwf	_i2c1Status+9	;volatile
  4821     05AA  0854               	movf	I2C1_WriteRead@readLength,w
  4822     05AB  00A8               	movwf	_i2c1Status+8	;volatile
  4823     05AC                     l2426:
  4824                           
  4825                           ;mcc_generated_files/i2c_host/src/mssp1.c: 162:         i2c1Status.errorState = I2C_ERRO
      +                          R_NONE;
  4826     05AC  01AB               	clrf	_i2c1Status+11	;volatile
  4827     05AD                     l2428:
  4828                           
  4829                           ;mcc_generated_files/i2c_host/src/mssp1.c: 163:         I2C1_WriteStart();
  4830     05AD  3186  26B0  3185   	fcall	_I2C1_WriteStart
  4831     05B0                     l2430:
  4832                           
  4833                           ;mcc_generated_files/i2c_host/src/mssp1.c: 164:         retStatus = 1;
  4834     05B0  3001               	movlw	1
  4835     05B1  00F3               	movwf	I2C1_WriteRead@retStatus
  4836     05B2                     l2432:
  4837                           
  4838                           ;mcc_generated_files/i2c_host/src/mssp1.c: 166:     return retStatus;
  4839     05B2  0873               	movf	I2C1_WriteRead@retStatus,w
  4840     05B3                     l345:
  4841     05B3  0008               	return
  4842     05B4                     __end_of_I2C1_WriteRead:
  4843                           
  4844                           	psect	text18
  4845     06B0                     __ptext18:	
  4846 ;; *************** function _I2C1_WriteStart *****************
  4847 ;; Defined at:
  4848 ;;		line 208 in file "mcc_generated_files/i2c_host/src/mssp1.c"
  4849 ;; Parameters:    Size  Location     Type
  4850 ;;		None
  4851 ;; Auto vars:     Size  Location     Type
  4852 ;;		None
  4853 ;; Return value:  Size  Location     Type
  4854 ;;                  1    wreg      void 
  4855 ;; Registers used:
  4856 ;;		None
  4857 ;; Tracked objects:
  4858 ;;		On entry : 0/0
  4859 ;;		On exit  : 0/0
  4860 ;;		Unchanged: 0/0
  4861 ;; Data sizes:     COMMON   BANK0   BANK1   BANK2   BANK3   BANK4   BANK5   BANK6   BANK7   BANK8   BANK9  BANK10  BANK1
      +1  BANK12
  4862 ;;      Params:         0       0       0       0       0       0       0       0       0       0       0       0       
      +0       0
  4863 ;;      Locals:         0       0       0       0       0       0       0       0       0       0       0       0       
      +0       0
  4864 ;;      Temps:          0       0       0       0       0       0       0       0       0       0       0       0       
      +0       0
  4865 ;;      Totals:         0       0       0       0       0       0       0       0       0       0       0       0       
      +0       0
  4866 ;;Total ram usage:        0 bytes
  4867 ;; Hardware stack levels used: 1
  4868 ;; Hardware stack levels required when called: 6
  4869 ;; This function calls:
  4870 ;;		Nothing
  4871 ;; This function is called by:
  4872 ;;		_I2C1_Write
  4873 ;;		_I2C1_WriteRead
  4874 ;; This function uses a non-reentrant model
  4875 ;;
  4876                           
  4877     06B0                     _I2C1_WriteStart:	
  4878                           ;psect for function _I2C1_WriteStart
  4879                           
  4880     06B0                     l2364:	
  4881                           ;incstack = 0
  4882                           ; Regs used in _I2C1_WriteStart: []
  4883                           
  4884                           
  4885                           ;mcc_generated_files/i2c_host/src/mssp1.c: 210:     SSP1CON2bits.SEN = 1;
  4886     06B0  014F               	movlb	15	; select bank15
  4887     06B1  1411               	bsf	17,0	;volatile
  4888                           
  4889                           ;mcc_generated_files/i2c_host/src/mssp1.c: 211:     i2c1Status.state = I2C_STATE_SEND_WR
      +                          _ADDR;
  4890     06B2  3002               	movlw	2
  4891     06B3  0140               	movlb	0	; select bank0
  4892     06B4  00AC               	movwf	_i2c1Status+12	;volatile
  4893     06B5                     l367:
  4894     06B5  0008               	return
  4895     06B6                     __end_of_I2C1_WriteStart:
  4896                           
  4897                           	psect	text19
  4898     06DA                     __ptext19:	
  4899 ;; *************** function _I2C1_IsBusy *****************
  4900 ;; Defined at:
  4901 ;;		line 176 in file "mcc_generated_files/i2c_host/src/mssp1.c"
  4902 ;; Parameters:    Size  Location     Type
  4903 ;;		None
  4904 ;; Auto vars:     Size  Location     Type
  4905 ;;		None
  4906 ;; Return value:  Size  Location     Type
  4907 ;;                  1    wreg      _Bool 
  4908 ;; Registers used:
  4909 ;;		wreg
  4910 ;; Tracked objects:
  4911 ;;		On entry : 0/0
  4912 ;;		On exit  : 0/0
  4913 ;;		Unchanged: 0/0
  4914 ;; Data sizes:     COMMON   BANK0   BANK1   BANK2   BANK3   BANK4   BANK5   BANK6   BANK7   BANK8   BANK9  BANK10  BANK1
      +1  BANK12
  4915 ;;      Params:         0       0       0       0       0       0       0       0       0       0       0       0       
      +0       0
  4916 ;;      Locals:         0       0       0       0       0       0       0       0       0       0       0       0       
      +0       0
  4917 ;;      Temps:          0       0       0       0       0       0       0       0       0       0       0       0       
      +0       0
  4918 ;;      Totals:         0       0       0       0       0       0       0       0       0       0       0       0       
      +0       0
  4919 ;;Total ram usage:        0 bytes
  4920 ;; Hardware stack levels used: 1
  4921 ;; Hardware stack levels required when called: 6
  4922 ;; This function calls:
  4923 ;;		Nothing
  4924 ;; This function is called by:
  4925 ;;		_I2C_WaitComplete
  4926 ;;		_I2C1_Write
  4927 ;;		_I2C1_WriteRead
  4928 ;;		_I2C1_Read
  4929 ;; This function uses a non-reentrant model
  4930 ;;
  4931                           
  4932     06DA                     _I2C1_IsBusy:	
  4933                           ;psect for function _I2C1_IsBusy
  4934                           
  4935     06DA                     l2360:	
  4936                           ;incstack = 0
  4937                           ; Regs used in _I2C1_IsBusy: [wreg]
  4938                           
  4939                           
  4940                           ;mcc_generated_files/i2c_host/src/mssp1.c: 178:     return i2c1Status.busy;
  4941     06DA  0140               	movlb	0	; select bank0
  4942     06DB  0820               	movf	_i2c1Status,w	;volatile
  4943     06DC                     l351:
  4944     06DC  0008               	return
  4945     06DD                     __end_of_I2C1_IsBusy:
  4946                           
  4947                           	psect	text20
  4948     06B6                     __ptext20:	
  4949 ;; *************** function _I2C1_ErrorGet *****************
  4950 ;; Defined at:
  4951 ;;		line 169 in file "mcc_generated_files/i2c_host/src/mssp1.c"
  4952 ;; Parameters:    Size  Location     Type
  4953 ;;		None
  4954 ;; Auto vars:     Size  Location     Type
  4955 ;;  retErrorStat    1    3[COMMON] enum E6507
  4956 ;; Return value:  Size  Location     Type
  4957 ;;                  1    wreg      enum E6520
  4958 ;; Registers used:
  4959 ;;		wreg, status,2
  4960 ;; Tracked objects:
  4961 ;;		On entry : 0/0
  4962 ;;		On exit  : 0/0
  4963 ;;		Unchanged: 0/0
  4964 ;; Data sizes:     COMMON   BANK0   BANK1   BANK2   BANK3   BANK4   BANK5   BANK6   BANK7   BANK8   BANK9  BANK10  BANK1
      +1  BANK12
  4965 ;;      Params:         0       0       0       0       0       0       0       0       0       0       0       0       
      +0       0
  4966 ;;      Locals:         1       0       0       0       0       0       0       0       0       0       0       0       
      +0       0
  4967 ;;      Temps:          0       0       0       0       0       0       0       0       0       0       0       0       
      +0       0
  4968 ;;      Totals:         1       0       0       0       0       0       0       0       0       0       0       0       
      +0       0
  4969 ;;Total ram usage:        1 bytes
  4970 ;; Hardware stack levels used: 1
  4971 ;; Hardware stack levels required when called: 6
  4972 ;; This function calls:
  4973 ;;		Nothing
  4974 ;; This function is called by:
  4975 ;;		_VCNL4200_WriteRegister16
  4976 ;;		_VCNL4200_ReadRegister16
  4977 ;;		_MCP9808_ReadTemperatureRaw
  4978 ;; This function uses a non-reentrant model
  4979 ;;
  4980                           
  4981     06B6                     _I2C1_ErrorGet:	
  4982                           ;psect for function _I2C1_ErrorGet
  4983                           
  4984     06B6                     l2408:	
  4985                           ;incstack = 0
  4986                           ; Regs used in _I2C1_ErrorGet: [wreg+status,2]
  4987                           
  4988                           
  4989                           ;mcc_generated_files/i2c_host/src/mssp1.c: 171:     i2c_host_error_t retErrorState = i2c
      +                          1Status.errorState;
  4990     06B6  0140               	movlb	0	; select bank0
  4991     06B7  082B               	movf	_i2c1Status+11,w	;volatile
  4992     06B8  00F3               	movwf	I2C1_ErrorGet@retErrorState
  4993     06B9                     l2410:
  4994                           
  4995                           ;mcc_generated_files/i2c_host/src/mssp1.c: 172:     i2c1Status.errorState = I2C_ERROR_NO
      +                          NE;
  4996     06B9  01AB               	clrf	_i2c1Status+11	;volatile
  4997     06BA                     l2412:
  4998                           
  4999                           ;mcc_generated_files/i2c_host/src/mssp1.c: 173:     return retErrorState;
  5000     06BA  0873               	movf	I2C1_ErrorGet@retErrorState,w
  5001     06BB                     l348:
  5002     06BB  0008               	return
  5003     06BC                     __end_of_I2C1_ErrorGet:
  5004                           
  5005                           	psect	text21
  5006     014C                     __ptext21:	
  5007 ;; *************** function _MCP9808_ProcessTemperature *****************
  5008 ;; Defined at:
  5009 ;;		line 305 in file "main.c"
  5010 ;; Parameters:    Size  Location     Type
  5011 ;;  raw             2   22[BANK0 ] unsigned short 
  5012 ;; Auto vars:     Size  Location     Type
  5013 ;;  centi           2   28[BANK0 ] short 
  5014 ;;  temperature_    2   26[BANK0 ] short 
  5015 ;; Return value:  Size  Location     Type
  5016 ;;                  1    wreg      void 
  5017 ;; Registers used:
  5018 ;;		wreg, status,2, status,0, pclath, cstack
  5019 ;; Tracked objects:
  5020 ;;		On entry : 0/0
  5021 ;;		On exit  : 0/0
  5022 ;;		Unchanged: 0/0
  5023 ;; Data sizes:     COMMON   BANK0   BANK1   BANK2   BANK3   BANK4   BANK5   BANK6   BANK7   BANK8   BANK9  BANK10  BANK1
      +1  BANK12
  5024 ;;      Params:         0       2       0       0       0       0       0       0       0       0       0       0       
      +0       0
  5025 ;;      Locals:         0       4       0       0       0       0       0       0       0       0       0       0       
      +0       0
  5026 ;;      Temps:          0       2       0       0       0       0       0       0       0       0       0       0       
      +0       0
  5027 ;;      Totals:         0       8       0       0       0       0       0       0       0       0       0       0       
      +0       0
  5028 ;;Total ram usage:        8 bytes
  5029 ;; Hardware stack levels used: 1
  5030 ;; Hardware stack levels required when called: 7
  5031 ;; This function calls:
  5032 ;;		___aldiv
  5033 ;;		___awdiv
  5034 ;;		___awmod
  5035 ;;		___lmul
  5036 ;; This function is called by:
  5037 ;;		_main
  5038 ;; This function uses a non-reentrant model
  5039 ;;
  5040                           
  5041     014C                     _MCP9808_ProcessTemperature:	
  5042                           ;psect for function _MCP9808_ProcessTemperature
  5043                           
  5044     014C                     l2626:	
  5045                           ;incstack = 0
  5046                           ; Regs used in _MCP9808_ProcessTemperature: [wreg+status,2+status,0+pclath+cstack]
  5047                           
  5048                           
  5049                           ;main.c: 305: static void MCP9808_ProcessTemperature(uint16_t raw);main.c: 306: {;main.c
      +                          : 307:     int16_t temperature_raw;;main.c: 308:     int16_t centi;;main.c: 319:     tem
      +                          perature_raw = raw & 0x1FFF;
  5050     014C  30FF               	movlw	255
  5051     014D  0140               	movlb	0	; select bank0
  5052     014E  0564               	andwf	MCP9808_ProcessTemperature@raw,w
  5053     014F  00E8               	movwf	MCP9808_ProcessTemperature@temperature_raw
  5054     0150  301F               	movlw	31
  5055     0151  0565               	andwf	MCP9808_ProcessTemperature@raw+1,w
  5056     0152  00E9               	movwf	MCP9808_ProcessTemperature@temperature_raw+1
  5057     0153                     l2628:
  5058                           
  5059                           ;main.c: 327:     if (temperature_raw & 0x1000)
  5060     0153  1E69               	btfss	MCP9808_ProcessTemperature@temperature_raw+1,4
  5061     0154  2956               	goto	u2211
  5062     0155  2957               	goto	u2210
  5063     0156                     u2211:
  5064     0156  295B               	goto	l2632
  5065     0157                     u2210:
  5066     0157                     l2630:
  5067                           
  5068                           ;main.c: 328:     {;main.c: 329:         temperature_raw -= 0x2000;
  5069     0157  3000               	movlw	0
  5070     0158  07E8               	addwf	MCP9808_ProcessTemperature@temperature_raw,f
  5071     0159  30E0               	movlw	224
  5072     015A  3DE9               	addwfc	MCP9808_ProcessTemperature@temperature_raw+1,f
  5073     015B                     l2632:
  5074                           
  5075                           ;main.c: 343:     centi =
  5076     015B  3000               	movlw	0
  5077     015C  00D9               	movwf	___aldiv@divisor+3
  5078     015D  3000               	movlw	0
  5079     015E  00D8               	movwf	___aldiv@divisor+2
  5080     015F  3000               	movlw	0
  5081     0160  00D7               	movwf	___aldiv@divisor+1
  5082     0161  3004               	movlw	4
  5083     0162  00D6               	movwf	___aldiv@divisor
  5084     0163  0868               	movf	MCP9808_ProcessTemperature@temperature_raw,w
  5085     0164  00CE               	movwf	___lmul@multiplier
  5086     0165  0869               	movf	MCP9808_ProcessTemperature@temperature_raw+1,w
  5087     0166  00CF               	movwf	___lmul@multiplier+1
  5088     0167  0D89               	rlf	9,f
  5089     0168  3B89               	subwfb	9,f
  5090     0169  0989               	comf	9,f
  5091     016A  00D0               	movwf	___lmul@multiplier+2
  5092     016B  00D1               	movwf	___lmul@multiplier+3
  5093     016C  3000               	movlw	0
  5094     016D  00D5               	movwf	___lmul@multiplicand+3
  5095     016E  3000               	movlw	0
  5096     016F  00D4               	movwf	___lmul@multiplicand+2
  5097     0170  3000               	movlw	0
  5098     0171  00D3               	movwf	___lmul@multiplicand+1
  5099     0172  3019               	movlw	25
  5100     0173  00D2               	movwf	___lmul@multiplicand
  5101     0174  3184  2479  3181   	fcall	___lmul
  5102     0177  0140               	movlb	0	; select bank0
  5103     0178  0851               	movf	?___lmul+3,w
  5104     0179  00DD               	movwf	___aldiv@dividend+3
  5105     017A  0850               	movf	?___lmul+2,w
  5106     017B  00DC               	movwf	___aldiv@dividend+2
  5107     017C  084F               	movf	?___lmul+1,w
  5108     017D  00DB               	movwf	___aldiv@dividend+1
  5109     017E  084E               	movf	?___lmul,w
  5110     017F  00DA               	movwf	___aldiv@dividend
  5111     0180  3180  2038  3181   	fcall	___aldiv
  5112     0183  0140               	movlb	0	; select bank0
  5113     0184  0857               	movf	?___aldiv+1,w
  5114     0185  00EB               	movwf	MCP9808_ProcessTemperature@centi+1
  5115     0186  0856               	movf	?___aldiv,w
  5116     0187  00EA               	movwf	MCP9808_ProcessTemperature@centi
  5117     0188                     l2634:
  5118                           
  5119                           ;main.c: 355:     mcp9808_temperature_centi = centi;
  5120     0188  086B               	movf	MCP9808_ProcessTemperature@centi+1,w
  5121     0189  00C4               	movwf	_mcp9808_temperature_centi+1	;volatile
  5122     018A  086A               	movf	MCP9808_ProcessTemperature@centi,w
  5123     018B  00C3               	movwf	_mcp9808_temperature_centi	;volatile
  5124                           
  5125                           ;main.c: 364:     mcp9808_temperature_integer =
  5126     018C  3064               	movlw	100
  5127     018D  00F3               	movwf	___awdiv@divisor
  5128     018E  3000               	movlw	0
  5129     018F  00F4               	movwf	___awdiv@divisor+1
  5130     0190  086B               	movf	MCP9808_ProcessTemperature@centi+1,w
  5131     0191  00F6               	movwf	___awdiv@dividend+1
  5132     0192  086A               	movf	MCP9808_ProcessTemperature@centi,w
  5133     0193  00F5               	movwf	___awdiv@dividend
  5134     0194  3182  223B  3181   	fcall	___awdiv
  5135     0197  0874               	movf	?___awdiv+1,w
  5136     0198  0140               	movlb	0	; select bank0
  5137     0199  00C2               	movwf	_mcp9808_temperature_integer+1	;volatile
  5138     019A  0873               	movf	?___awdiv,w
  5139     019B  00C1               	movwf	_mcp9808_temperature_integer	;volatile
  5140     019C                     l2636:
  5141                           
  5142                           ;main.c: 374:     if (centi >= 0)
  5143     019C  1BEB               	btfsc	MCP9808_ProcessTemperature@centi+1,7
  5144     019D  299F               	goto	u2221
  5145     019E  29A0               	goto	u2220
  5146     019F                     u2221:
  5147     019F  29B1               	goto	l2640
  5148     01A0                     u2220:
  5149     01A0                     l2638:
  5150                           
  5151                           ;main.c: 375:     {;main.c: 376:         mcp9808_temperature_decimal =
  5152     01A0  3064               	movlw	100
  5153     01A1  00F3               	movwf	___awmod@divisor
  5154     01A2  3000               	movlw	0
  5155     01A3  00F4               	movwf	___awmod@divisor+1
  5156     01A4  086B               	movf	MCP9808_ProcessTemperature@centi+1,w
  5157     01A5  00F6               	movwf	___awmod@dividend+1
  5158     01A6  086A               	movf	MCP9808_ProcessTemperature@centi,w
  5159     01A7  00F5               	movwf	___awmod@dividend
  5160     01A8  3182  22F0  3181   	fcall	___awmod
  5161     01AB  0874               	movf	?___awmod+1,w
  5162     01AC  0140               	movlb	0	; select bank0
  5163     01AD  00C0               	movwf	_mcp9808_temperature_decimal+1	;volatile
  5164     01AE  0873               	movf	?___awmod,w
  5165     01AF  00BF               	movwf	_mcp9808_temperature_decimal	;volatile
  5166                           
  5167                           ;main.c: 378:     }
  5168     01B0  29C8               	goto	l2642
  5169     01B1                     l2640:
  5170                           
  5171                           ;main.c: 380:     {;main.c: 381:         mcp9808_temperature_decimal =
  5172     01B1  3064               	movlw	100
  5173     01B2  00F3               	movwf	___awmod@divisor
  5174     01B3  3000               	movlw	0
  5175     01B4  00F4               	movwf	___awmod@divisor+1
  5176     01B5  096A               	comf	MCP9808_ProcessTemperature@centi,w
  5177     01B6  00E6               	movwf	??_MCP9808_ProcessTemperature
  5178     01B7  096B               	comf	MCP9808_ProcessTemperature@centi+1,w
  5179     01B8  00E7               	movwf	??_MCP9808_ProcessTemperature+1
  5180     01B9  0AE6               	incf	??_MCP9808_ProcessTemperature,f
  5181     01BA  1903               	skipnz
  5182     01BB  0AE7               	incf	??_MCP9808_ProcessTemperature+1,f
  5183     01BC  0866               	movf	??_MCP9808_ProcessTemperature,w
  5184     01BD  00F5               	movwf	___awmod@dividend
  5185     01BE  0867               	movf	??_MCP9808_ProcessTemperature+1,w
  5186     01BF  00F6               	movwf	___awmod@dividend+1
  5187     01C0  3182  22F0  3181   	fcall	___awmod
  5188     01C3  0874               	movf	?___awmod+1,w
  5189     01C4  0140               	movlb	0	; select bank0
  5190     01C5  00C0               	movwf	_mcp9808_temperature_decimal+1	;volatile
  5191     01C6  0873               	movf	?___awmod,w
  5192     01C7  00BF               	movwf	_mcp9808_temperature_decimal	;volatile
  5193     01C8                     l2642:
  5194                           
  5195                           ;main.c: 390:     mcp9808_temperature =
  5196     01C8  0842               	movf	_mcp9808_temperature_integer+1,w	;volatile
  5197     01C9  00C6               	movwf	_mcp9808_temperature+1	;volatile
  5198     01CA  0841               	movf	_mcp9808_temperature_integer,w	;volatile
  5199     01CB  00C5               	movwf	_mcp9808_temperature	;volatile
  5200     01CC                     l153:
  5201     01CC  0008               	return
  5202     01CD                     __end_of_MCP9808_ProcessTemperature:
  5203                           
  5204                           	psect	text22
  5205     0479                     __ptext22:	
  5206 ;; *************** function ___lmul *****************
  5207 ;; Defined at:
  5208 ;;		line 15 in file "C:\Program Files\Microchip\xc8\v3.10\pic\sources\c99\common\Umul32.c"
  5209 ;; Parameters:    Size  Location     Type
  5210 ;;  multiplier      4    0[BANK0 ] unsigned long 
  5211 ;;  multiplicand    4    4[BANK0 ] unsigned long 
  5212 ;; Auto vars:     Size  Location     Type
  5213 ;;  product         4    3[COMMON] unsigned long 
  5214 ;; Return value:  Size  Location     Type
  5215 ;;                  4    0[BANK0 ] unsigned long 
  5216 ;; Registers used:
  5217 ;;		wreg, status,2, status,0
  5218 ;; Tracked objects:
  5219 ;;		On entry : 0/0
  5220 ;;		On exit  : 0/0
  5221 ;;		Unchanged: 0/0
  5222 ;; Data sizes:     COMMON   BANK0   BANK1   BANK2   BANK3   BANK4   BANK5   BANK6   BANK7   BANK8   BANK9  BANK10  BANK1
      +1  BANK12
  5223 ;;      Params:         0       8       0       0       0       0       0       0       0       0       0       0       
      +0       0
  5224 ;;      Locals:         4       0       0       0       0       0       0       0       0       0       0       0       
      +0       0
  5225 ;;      Temps:          0       0       0       0       0       0       0       0       0       0       0       0       
      +0       0
  5226 ;;      Totals:         4       8       0       0       0       0       0       0       0       0       0       0       
      +0       0
  5227 ;;Total ram usage:       12 bytes
  5228 ;; Hardware stack levels used: 1
  5229 ;; Hardware stack levels required when called: 6
  5230 ;; This function calls:
  5231 ;;		Nothing
  5232 ;; This function is called by:
  5233 ;;		_MCP9808_ProcessTemperature
  5234 ;;		_VCNL4200_ReadSensors
  5235 ;; This function uses a non-reentrant model
  5236 ;;
  5237                           
  5238     0479                     ___lmul:	
  5239                           ;psect for function ___lmul
  5240                           
  5241     0479                     l2494:	
  5242                           ;incstack = 0
  5243                           ; Regs used in ___lmul: [wreg+status,2+status,0]
  5244                           
  5245     0479  3000               	movlw	0
  5246     047A  00F6               	movwf	___lmul@product+3
  5247     047B  3000               	movlw	0
  5248     047C  00F5               	movwf	___lmul@product+2
  5249     047D  3000               	movlw	0
  5250     047E  00F4               	movwf	___lmul@product+1
  5251     047F  3000               	movlw	0
  5252     0480  00F3               	movwf	___lmul@product
  5253     0481                     l2496:
  5254     0481  0140               	movlb	0	; select bank0
  5255     0482  1C4E               	btfss	___lmul@multiplier,0
  5256     0483  2C85               	goto	u1911
  5257     0484  2C86               	goto	u1910
  5258     0485                     u1911:
  5259     0485  2C8E               	goto	l2500
  5260     0486                     u1910:
  5261     0486                     l2498:
  5262     0486  0852               	movf	___lmul@multiplicand,w
  5263     0487  07F3               	addwf	___lmul@product,f
  5264     0488  0853               	movf	___lmul@multiplicand+1,w
  5265     0489  3DF4               	addwfc	___lmul@product+1,f
  5266     048A  0854               	movf	___lmul@multiplicand+2,w
  5267     048B  3DF5               	addwfc	___lmul@product+2,f
  5268     048C  0855               	movf	___lmul@multiplicand+3,w
  5269     048D  3DF6               	addwfc	___lmul@product+3,f
  5270     048E                     l2500:
  5271     048E  3001               	movlw	1
  5272     048F                     u1925:
  5273     048F  35D2               	lslf	___lmul@multiplicand,f
  5274     0490  0DD3               	rlf	___lmul@multiplicand+1,f
  5275     0491  0DD4               	rlf	___lmul@multiplicand+2,f
  5276     0492  0DD5               	rlf	___lmul@multiplicand+3,f
  5277     0493  0B89               	decfsz	9,f
  5278     0494  2C8F               	goto	u1925
  5279     0495                     l2502:
  5280     0495  3001               	movlw	1
  5281     0496                     u1935:
  5282     0496  36D1               	lsrf	___lmul@multiplier+3,f
  5283     0497  0CD0               	rrf	___lmul@multiplier+2,f
  5284     0498  0CCF               	rrf	___lmul@multiplier+1,f
  5285     0499  0CCE               	rrf	___lmul@multiplier,f
  5286     049A  0B89               	decfsz	9,f
  5287     049B  2C96               	goto	u1935
  5288     049C  0851               	movf	___lmul@multiplier+3,w
  5289     049D  0450               	iorwf	___lmul@multiplier+2,w
  5290     049E  044F               	iorwf	___lmul@multiplier+1,w
  5291     049F  044E               	iorwf	___lmul@multiplier,w
  5292     04A0  1D03               	skipz
  5293     04A1  2CA3               	goto	u1941
  5294     04A2  2CA4               	goto	u1940
  5295     04A3                     u1941:
  5296     04A3  2C81               	goto	l2496
  5297     04A4                     u1940:
  5298     04A4                     l2504:
  5299     04A4  0876               	movf	___lmul@product+3,w
  5300     04A5  00D1               	movwf	?___lmul+3
  5301     04A6  0875               	movf	___lmul@product+2,w
  5302     04A7  00D0               	movwf	?___lmul+2
  5303     04A8  0874               	movf	___lmul@product+1,w
  5304     04A9  00CF               	movwf	?___lmul+1
  5305     04AA  0873               	movf	___lmul@product,w
  5306     04AB  00CE               	movwf	?___lmul
  5307     04AC                     l448:
  5308     04AC  0008               	return
  5309     04AD                     __end_of___lmul:
  5310                           
  5311                           	psect	text23
  5312     02F0                     __ptext23:	
  5313 ;; *************** function ___awmod *****************
  5314 ;; Defined at:
  5315 ;;		line 5 in file "C:\Program Files\Microchip\xc8\v3.10\pic\sources\c99\common\awmod.c"
  5316 ;; Parameters:    Size  Location     Type
  5317 ;;  divisor         2    3[COMMON] int 
  5318 ;;  dividend        2    5[COMMON] int 
  5319 ;; Auto vars:     Size  Location     Type
  5320 ;;  sign            1    8[COMMON] unsigned char 
  5321 ;;  counter         1    7[COMMON] unsigned char 
  5322 ;; Return value:  Size  Location     Type
  5323 ;;                  2    3[COMMON] int 
  5324 ;; Registers used:
  5325 ;;		wreg, status,2, status,0
  5326 ;; Tracked objects:
  5327 ;;		On entry : 0/0
  5328 ;;		On exit  : 0/0
  5329 ;;		Unchanged: 0/0
  5330 ;; Data sizes:     COMMON   BANK0   BANK1   BANK2   BANK3   BANK4   BANK5   BANK6   BANK7   BANK8   BANK9  BANK10  BANK1
      +1  BANK12
  5331 ;;      Params:         4       0       0       0       0       0       0       0       0       0       0       0       
      +0       0
  5332 ;;      Locals:         2       0       0       0       0       0       0       0       0       0       0       0       
      +0       0
  5333 ;;      Temps:          0       0       0       0       0       0       0       0       0       0       0       0       
      +0       0
  5334 ;;      Totals:         6       0       0       0       0       0       0       0       0       0       0       0       
      +0       0
  5335 ;;Total ram usage:        6 bytes
  5336 ;; Hardware stack levels used: 1
  5337 ;; Hardware stack levels required when called: 6
  5338 ;; This function calls:
  5339 ;;		Nothing
  5340 ;; This function is called by:
  5341 ;;		_MCP9808_ProcessTemperature
  5342 ;; This function uses a non-reentrant model
  5343 ;;
  5344                           
  5345     02F0                     ___awmod:	
  5346                           ;psect for function ___awmod
  5347                           
  5348     02F0                     l2066:	
  5349                           ;incstack = 0
  5350                           ; Regs used in ___awmod: [wreg+status,2+status,0]
  5351                           
  5352     02F0  01F8               	clrf	___awmod@sign
  5353     02F1                     l2068:
  5354     02F1  1FF6               	btfss	___awmod@dividend+1,7
  5355     02F2  2AF4               	goto	u1421
  5356     02F3  2AF5               	goto	u1420
  5357     02F4                     u1421:
  5358     02F4  2AFC               	goto	l2074
  5359     02F5                     u1420:
  5360     02F5                     l2070:
  5361     02F5  09F5               	comf	___awmod@dividend,f
  5362     02F6  09F6               	comf	___awmod@dividend+1,f
  5363     02F7  0AF5               	incf	___awmod@dividend,f
  5364     02F8  1903               	skipnz
  5365     02F9  0AF6               	incf	___awmod@dividend+1,f
  5366     02FA                     l2072:
  5367     02FA  3001               	movlw	1
  5368     02FB  00F8               	movwf	___awmod@sign
  5369     02FC                     l2074:
  5370     02FC  1FF4               	btfss	___awmod@divisor+1,7
  5371     02FD  2AFF               	goto	u1431
  5372     02FE  2B00               	goto	u1430
  5373     02FF                     u1431:
  5374     02FF  2B05               	goto	l2078
  5375     0300                     u1430:
  5376     0300                     l2076:
  5377     0300  09F3               	comf	___awmod@divisor,f
  5378     0301  09F4               	comf	___awmod@divisor+1,f
  5379     0302  0AF3               	incf	___awmod@divisor,f
  5380     0303  1903               	skipnz
  5381     0304  0AF4               	incf	___awmod@divisor+1,f
  5382     0305                     l2078:
  5383     0305  0873               	movf	___awmod@divisor,w
  5384     0306  0474               	iorwf	___awmod@divisor+1,w
  5385     0307  1903               	btfsc	3,2
  5386     0308  2B0A               	goto	u1441
  5387     0309  2B0B               	goto	u1440
  5388     030A                     u1441:
  5389     030A  2B32               	goto	l2096
  5390     030B                     u1440:
  5391     030B                     l2080:
  5392     030B  3001               	movlw	1
  5393     030C  00F7               	movwf	___awmod@counter
  5394     030D  2B15               	goto	l2086
  5395     030E                     l2082:
  5396     030E  3001               	movlw	1
  5397     030F                     u1455:
  5398     030F  35F3               	lslf	___awmod@divisor,f
  5399     0310  0DF4               	rlf	___awmod@divisor+1,f
  5400     0311  0B89               	decfsz	9,f
  5401     0312  2B0F               	goto	u1455
  5402     0313                     l2084:
  5403     0313  3001               	movlw	1
  5404     0314  07F7               	addwf	___awmod@counter,f
  5405     0315                     l2086:
  5406     0315  1FF4               	btfss	___awmod@divisor+1,7
  5407     0316  2B18               	goto	u1461
  5408     0317  2B19               	goto	u1460
  5409     0318                     u1461:
  5410     0318  2B0E               	goto	l2082
  5411     0319                     u1460:
  5412     0319                     l2088:
  5413     0319  0874               	movf	___awmod@divisor+1,w
  5414     031A  0276               	subwf	___awmod@dividend+1,w
  5415     031B  1D03               	skipz
  5416     031C  2B1F               	goto	u1475
  5417     031D  0873               	movf	___awmod@divisor,w
  5418     031E  0275               	subwf	___awmod@dividend,w
  5419     031F                     u1475:
  5420     031F  1C03               	skipc
  5421     0320  2B22               	goto	u1471
  5422     0321  2B23               	goto	u1470
  5423     0322                     u1471:
  5424     0322  2B27               	goto	l2092
  5425     0323                     u1470:
  5426     0323                     l2090:
  5427     0323  0873               	movf	___awmod@divisor,w
  5428     0324  02F5               	subwf	___awmod@dividend,f
  5429     0325  0874               	movf	___awmod@divisor+1,w
  5430     0326  3BF6               	subwfb	___awmod@dividend+1,f
  5431     0327                     l2092:
  5432     0327  3001               	movlw	1
  5433     0328                     u1485:
  5434     0328  36F4               	lsrf	___awmod@divisor+1,f
  5435     0329  0CF3               	rrf	___awmod@divisor,f
  5436     032A  0B89               	decfsz	9,f
  5437     032B  2B28               	goto	u1485
  5438     032C                     l2094:
  5439     032C  3001               	movlw	1
  5440     032D  02F7               	subwf	___awmod@counter,f
  5441     032E  1D03               	btfss	3,2
  5442     032F  2B31               	goto	u1491
  5443     0330  2B32               	goto	u1490
  5444     0331                     u1491:
  5445     0331  2B19               	goto	l2088
  5446     0332                     u1490:
  5447     0332                     l2096:
  5448     0332  0878               	movf	___awmod@sign,w
  5449     0333  1903               	btfsc	3,2
  5450     0334  2B36               	goto	u1501
  5451     0335  2B37               	goto	u1500
  5452     0336                     u1501:
  5453     0336  2B3C               	goto	l2100
  5454     0337                     u1500:
  5455     0337                     l2098:
  5456     0337  09F5               	comf	___awmod@dividend,f
  5457     0338  09F6               	comf	___awmod@dividend+1,f
  5458     0339  0AF5               	incf	___awmod@dividend,f
  5459     033A  1903               	skipnz
  5460     033B  0AF6               	incf	___awmod@dividend+1,f
  5461     033C                     l2100:
  5462     033C  0876               	movf	___awmod@dividend+1,w
  5463     033D  00F4               	movwf	?___awmod+1
  5464     033E  0875               	movf	___awmod@dividend,w
  5465     033F  00F3               	movwf	?___awmod
  5466     0340                     l600:
  5467     0340  0008               	return
  5468     0341                     __end_of___awmod:
  5469                           
  5470                           	psect	text24
  5471     023B                     __ptext24:	
  5472 ;; *************** function ___awdiv *****************
  5473 ;; Defined at:
  5474 ;;		line 5 in file "C:\Program Files\Microchip\xc8\v3.10\pic\sources\c99\common\awdiv.c"
  5475 ;; Parameters:    Size  Location     Type
  5476 ;;  divisor         2    3[COMMON] int 
  5477 ;;  dividend        2    5[COMMON] int 
  5478 ;; Auto vars:     Size  Location     Type
  5479 ;;  quotient        2    2[BANK0 ] int 
  5480 ;;  sign            1    1[BANK0 ] unsigned char 
  5481 ;;  counter         1    0[BANK0 ] unsigned char 
  5482 ;; Return value:  Size  Location     Type
  5483 ;;                  2    3[COMMON] int 
  5484 ;; Registers used:
  5485 ;;		wreg, status,2, status,0
  5486 ;; Tracked objects:
  5487 ;;		On entry : 0/0
  5488 ;;		On exit  : 0/0
  5489 ;;		Unchanged: 0/0
  5490 ;; Data sizes:     COMMON   BANK0   BANK1   BANK2   BANK3   BANK4   BANK5   BANK6   BANK7   BANK8   BANK9  BANK10  BANK1
      +1  BANK12
  5491 ;;      Params:         4       0       0       0       0       0       0       0       0       0       0       0       
      +0       0
  5492 ;;      Locals:         0       4       0       0       0       0       0       0       0       0       0       0       
      +0       0
  5493 ;;      Temps:          0       0       0       0       0       0       0       0       0       0       0       0       
      +0       0
  5494 ;;      Totals:         4       4       0       0       0       0       0       0       0       0       0       0       
      +0       0
  5495 ;;Total ram usage:        8 bytes
  5496 ;; Hardware stack levels used: 1
  5497 ;; Hardware stack levels required when called: 6
  5498 ;; This function calls:
  5499 ;;		Nothing
  5500 ;; This function is called by:
  5501 ;;		_MCP9808_ProcessTemperature
  5502 ;; This function uses a non-reentrant model
  5503 ;;
  5504                           
  5505     023B                     ___awdiv:	
  5506                           ;psect for function ___awdiv
  5507                           
  5508     023B                     l2532:	
  5509                           ;incstack = 0
  5510                           ; Regs used in ___awdiv: [wreg+status,2+status,0]
  5511                           
  5512     023B  0140               	movlb	0	; select bank0
  5513     023C  01CF               	clrf	___awdiv@sign
  5514     023D                     l2534:
  5515     023D  1FF4               	btfss	___awdiv@divisor+1,7
  5516     023E  2A40               	goto	u2021
  5517     023F  2A41               	goto	u2020
  5518     0240                     u2021:
  5519     0240  2A48               	goto	l2540
  5520     0241                     u2020:
  5521     0241                     l2536:
  5522     0241  09F3               	comf	___awdiv@divisor,f
  5523     0242  09F4               	comf	___awdiv@divisor+1,f
  5524     0243  0AF3               	incf	___awdiv@divisor,f
  5525     0244  1903               	skipnz
  5526     0245  0AF4               	incf	___awdiv@divisor+1,f
  5527     0246                     l2538:
  5528     0246  3001               	movlw	1
  5529     0247  00CF               	movwf	___awdiv@sign
  5530     0248                     l2540:
  5531     0248  1FF6               	btfss	___awdiv@dividend+1,7
  5532     0249  2A4B               	goto	u2031
  5533     024A  2A4C               	goto	u2030
  5534     024B                     u2031:
  5535     024B  2A53               	goto	l2546
  5536     024C                     u2030:
  5537     024C                     l2542:
  5538     024C  09F5               	comf	___awdiv@dividend,f
  5539     024D  09F6               	comf	___awdiv@dividend+1,f
  5540     024E  0AF5               	incf	___awdiv@dividend,f
  5541     024F  1903               	skipnz
  5542     0250  0AF6               	incf	___awdiv@dividend+1,f
  5543     0251                     l2544:
  5544     0251  3001               	movlw	1
  5545     0252  06CF               	xorwf	___awdiv@sign,f
  5546     0253                     l2546:
  5547     0253  01D0               	clrf	___awdiv@quotient
  5548     0254  01D1               	clrf	___awdiv@quotient+1
  5549     0255                     l2548:
  5550     0255  0873               	movf	___awdiv@divisor,w
  5551     0256  0474               	iorwf	___awdiv@divisor+1,w
  5552     0257  1903               	btfsc	3,2
  5553     0258  2A5A               	goto	u2041
  5554     0259  2A5B               	goto	u2040
  5555     025A                     u2041:
  5556     025A  2A88               	goto	l2568
  5557     025B                     u2040:
  5558     025B                     l2550:
  5559     025B  3001               	movlw	1
  5560     025C  00CE               	movwf	___awdiv@counter
  5561     025D  2A65               	goto	l2556
  5562     025E                     l2552:
  5563     025E  3001               	movlw	1
  5564     025F                     u2055:
  5565     025F  35F3               	lslf	___awdiv@divisor,f
  5566     0260  0DF4               	rlf	___awdiv@divisor+1,f
  5567     0261  0B89               	decfsz	9,f
  5568     0262  2A5F               	goto	u2055
  5569     0263                     l2554:
  5570     0263  3001               	movlw	1
  5571     0264  07CE               	addwf	___awdiv@counter,f
  5572     0265                     l2556:
  5573     0265  1FF4               	btfss	___awdiv@divisor+1,7
  5574     0266  2A68               	goto	u2061
  5575     0267  2A69               	goto	u2060
  5576     0268                     u2061:
  5577     0268  2A5E               	goto	l2552
  5578     0269                     u2060:
  5579     0269                     l2558:
  5580     0269  3001               	movlw	1
  5581     026A                     u2075:
  5582     026A  35D0               	lslf	___awdiv@quotient,f
  5583     026B  0DD1               	rlf	___awdiv@quotient+1,f
  5584     026C  0B89               	decfsz	9,f
  5585     026D  2A6A               	goto	u2075
  5586     026E  0874               	movf	___awdiv@divisor+1,w
  5587     026F  0276               	subwf	___awdiv@dividend+1,w
  5588     0270  1D03               	skipz
  5589     0271  2A74               	goto	u2085
  5590     0272  0873               	movf	___awdiv@divisor,w
  5591     0273  0275               	subwf	___awdiv@dividend,w
  5592     0274                     u2085:
  5593     0274  1C03               	skipc
  5594     0275  2A77               	goto	u2081
  5595     0276  2A78               	goto	u2080
  5596     0277                     u2081:
  5597     0277  2A7D               	goto	l2564
  5598     0278                     u2080:
  5599     0278                     l2560:
  5600     0278  0873               	movf	___awdiv@divisor,w
  5601     0279  02F5               	subwf	___awdiv@dividend,f
  5602     027A  0874               	movf	___awdiv@divisor+1,w
  5603     027B  3BF6               	subwfb	___awdiv@dividend+1,f
  5604     027C                     l2562:
  5605     027C  1450               	bsf	___awdiv@quotient,0
  5606     027D                     l2564:
  5607     027D  3001               	movlw	1
  5608     027E                     u2095:
  5609     027E  36F4               	lsrf	___awdiv@divisor+1,f
  5610     027F  0CF3               	rrf	___awdiv@divisor,f
  5611     0280  0B89               	decfsz	9,f
  5612     0281  2A7E               	goto	u2095
  5613     0282                     l2566:
  5614     0282  3001               	movlw	1
  5615     0283  02CE               	subwf	___awdiv@counter,f
  5616     0284  1D03               	btfss	3,2
  5617     0285  2A87               	goto	u2101
  5618     0286  2A88               	goto	u2100
  5619     0287                     u2101:
  5620     0287  2A69               	goto	l2558
  5621     0288                     u2100:
  5622     0288                     l2568:
  5623     0288  084F               	movf	___awdiv@sign,w
  5624     0289  1903               	btfsc	3,2
  5625     028A  2A8C               	goto	u2111
  5626     028B  2A8D               	goto	u2110
  5627     028C                     u2111:
  5628     028C  2A92               	goto	l2572
  5629     028D                     u2110:
  5630     028D                     l2570:
  5631     028D  09D0               	comf	___awdiv@quotient,f
  5632     028E  09D1               	comf	___awdiv@quotient+1,f
  5633     028F  0AD0               	incf	___awdiv@quotient,f
  5634     0290  1903               	skipnz
  5635     0291  0AD1               	incf	___awdiv@quotient+1,f
  5636     0292                     l2572:
  5637     0292  0851               	movf	___awdiv@quotient+1,w
  5638     0293  00F4               	movwf	?___awdiv+1
  5639     0294  0850               	movf	___awdiv@quotient,w
  5640     0295  00F3               	movwf	?___awdiv
  5641     0296                     l587:
  5642     0296  0008               	return
  5643     0297                     __end_of___awdiv:
  5644                           
  5645                           	psect	text25
  5646     0038                     __ptext25:	
  5647 ;; *************** function ___aldiv *****************
  5648 ;; Defined at:
  5649 ;;		line 5 in file "C:\Program Files\Microchip\xc8\v3.10\pic\sources\c99\common\aldiv.c"
  5650 ;; Parameters:    Size  Location     Type
  5651 ;;  divisor         4    8[BANK0 ] long 
  5652 ;;  dividend        4   12[BANK0 ] long 
  5653 ;; Auto vars:     Size  Location     Type
  5654 ;;  quotient        4   18[BANK0 ] long 
  5655 ;;  sign            1   17[BANK0 ] unsigned char 
  5656 ;;  counter         1   16[BANK0 ] unsigned char 
  5657 ;; Return value:  Size  Location     Type
  5658 ;;                  4    8[BANK0 ] long 
  5659 ;; Registers used:
  5660 ;;		wreg, status,2, status,0
  5661 ;; Tracked objects:
  5662 ;;		On entry : 0/0
  5663 ;;		On exit  : 0/0
  5664 ;;		Unchanged: 0/0
  5665 ;; Data sizes:     COMMON   BANK0   BANK1   BANK2   BANK3   BANK4   BANK5   BANK6   BANK7   BANK8   BANK9  BANK10  BANK1
      +1  BANK12
  5666 ;;      Params:         0       8       0       0       0       0       0       0       0       0       0       0       
      +0       0
  5667 ;;      Locals:         0       6       0       0       0       0       0       0       0       0       0       0       
      +0       0
  5668 ;;      Temps:          0       0       0       0       0       0       0       0       0       0       0       0       
      +0       0
  5669 ;;      Totals:         0      14       0       0       0       0       0       0       0       0       0       0       
      +0       0
  5670 ;;Total ram usage:       14 bytes
  5671 ;; Hardware stack levels used: 1
  5672 ;; Hardware stack levels required when called: 6
  5673 ;; This function calls:
  5674 ;;		Nothing
  5675 ;; This function is called by:
  5676 ;;		_MCP9808_ProcessTemperature
  5677 ;; This function uses a non-reentrant model
  5678 ;;
  5679                           
  5680     0038                     ___aldiv:	
  5681                           ;psect for function ___aldiv
  5682                           
  5683     0038                     l1982:	
  5684                           ;incstack = 0
  5685                           ; Regs used in ___aldiv: [wreg+status,2+status,0]
  5686                           
  5687     0038  0140               	movlb	0	; select bank0
  5688     0039  01DF               	clrf	___aldiv@sign
  5689     003A                     l1984:
  5690     003A  1FD9               	btfss	___aldiv@divisor+3,7
  5691     003B  283D               	goto	u1221
  5692     003C  283E               	goto	u1220
  5693     003D                     u1221:
  5694     003D  284B               	goto	l499
  5695     003E                     u1220:
  5696     003E                     l1986:
  5697     003E  09D6               	comf	___aldiv@divisor,f
  5698     003F  09D7               	comf	___aldiv@divisor+1,f
  5699     0040  09D8               	comf	___aldiv@divisor+2,f
  5700     0041  09D9               	comf	___aldiv@divisor+3,f
  5701     0042  0AD6               	incf	___aldiv@divisor,f
  5702     0043  1903               	skipnz
  5703     0044  0AD7               	incf	___aldiv@divisor+1,f
  5704     0045  1903               	skipnz
  5705     0046  0AD8               	incf	___aldiv@divisor+2,f
  5706     0047  1903               	skipnz
  5707     0048  0AD9               	incf	___aldiv@divisor+3,f
  5708     0049  3001               	movlw	1
  5709     004A  00DF               	movwf	___aldiv@sign
  5710     004B                     l499:
  5711     004B  1FDD               	btfss	___aldiv@dividend+3,7
  5712     004C  284E               	goto	u1231
  5713     004D  284F               	goto	u1230
  5714     004E                     u1231:
  5715     004E  285C               	goto	l1992
  5716     004F                     u1230:
  5717     004F                     l1988:
  5718     004F  09DA               	comf	___aldiv@dividend,f
  5719     0050  09DB               	comf	___aldiv@dividend+1,f
  5720     0051  09DC               	comf	___aldiv@dividend+2,f
  5721     0052  09DD               	comf	___aldiv@dividend+3,f
  5722     0053  0ADA               	incf	___aldiv@dividend,f
  5723     0054  1903               	skipnz
  5724     0055  0ADB               	incf	___aldiv@dividend+1,f
  5725     0056  1903               	skipnz
  5726     0057  0ADC               	incf	___aldiv@dividend+2,f
  5727     0058  1903               	skipnz
  5728     0059  0ADD               	incf	___aldiv@dividend+3,f
  5729     005A                     l1990:
  5730     005A  3001               	movlw	1
  5731     005B  06DF               	xorwf	___aldiv@sign,f
  5732     005C                     l1992:
  5733     005C  3000               	movlw	0
  5734     005D  00E3               	movwf	___aldiv@quotient+3
  5735     005E  3000               	movlw	0
  5736     005F  00E2               	movwf	___aldiv@quotient+2
  5737     0060  3000               	movlw	0
  5738     0061  00E1               	movwf	___aldiv@quotient+1
  5739     0062  3000               	movlw	0
  5740     0063  00E0               	movwf	___aldiv@quotient
  5741     0064                     l1994:
  5742     0064  0859               	movf	___aldiv@divisor+3,w
  5743     0065  0458               	iorwf	___aldiv@divisor+2,w
  5744     0066  0457               	iorwf	___aldiv@divisor+1,w
  5745     0067  0456               	iorwf	___aldiv@divisor,w
  5746     0068  1903               	skipnz
  5747     0069  286B               	goto	u1241
  5748     006A  286C               	goto	u1240
  5749     006B                     u1241:
  5750     006B  28AB               	goto	l2014
  5751     006C                     u1240:
  5752     006C                     l1996:
  5753     006C  3001               	movlw	1
  5754     006D  00DE               	movwf	___aldiv@counter
  5755     006E  2878               	goto	l2000
  5756     006F                     l1998:
  5757     006F  3001               	movlw	1
  5758     0070                     u1255:
  5759     0070  35D6               	lslf	___aldiv@divisor,f
  5760     0071  0DD7               	rlf	___aldiv@divisor+1,f
  5761     0072  0DD8               	rlf	___aldiv@divisor+2,f
  5762     0073  0DD9               	rlf	___aldiv@divisor+3,f
  5763     0074  0B89               	decfsz	9,f
  5764     0075  2870               	goto	u1255
  5765     0076  3001               	movlw	1
  5766     0077  07DE               	addwf	___aldiv@counter,f
  5767     0078                     l2000:
  5768     0078  1FD9               	btfss	___aldiv@divisor+3,7
  5769     0079  287B               	goto	u1261
  5770     007A  287C               	goto	u1260
  5771     007B                     u1261:
  5772     007B  286F               	goto	l1998
  5773     007C                     u1260:
  5774     007C                     l2002:
  5775     007C  3001               	movlw	1
  5776     007D                     u1275:
  5777     007D  35E0               	lslf	___aldiv@quotient,f
  5778     007E  0DE1               	rlf	___aldiv@quotient+1,f
  5779     007F  0DE2               	rlf	___aldiv@quotient+2,f
  5780     0080  0DE3               	rlf	___aldiv@quotient+3,f
  5781     0081  0B89               	decfsz	9,f
  5782     0082  287D               	goto	u1275
  5783     0083                     l2004:
  5784     0083  0859               	movf	___aldiv@divisor+3,w
  5785     0084  025D               	subwf	___aldiv@dividend+3,w
  5786     0085  1D03               	skipz
  5787     0086  2891               	goto	u1285
  5788     0087  0858               	movf	___aldiv@divisor+2,w
  5789     0088  025C               	subwf	___aldiv@dividend+2,w
  5790     0089  1D03               	skipz
  5791     008A  2891               	goto	u1285
  5792     008B  0857               	movf	___aldiv@divisor+1,w
  5793     008C  025B               	subwf	___aldiv@dividend+1,w
  5794     008D  1D03               	skipz
  5795     008E  2891               	goto	u1285
  5796     008F  0856               	movf	___aldiv@divisor,w
  5797     0090  025A               	subwf	___aldiv@dividend,w
  5798     0091                     u1285:
  5799     0091  1C03               	skipc
  5800     0092  2894               	goto	u1281
  5801     0093  2895               	goto	u1280
  5802     0094                     u1281:
  5803     0094  289E               	goto	l2010
  5804     0095                     u1280:
  5805     0095                     l2006:
  5806     0095  0856               	movf	___aldiv@divisor,w
  5807     0096  02DA               	subwf	___aldiv@dividend,f
  5808     0097  0857               	movf	___aldiv@divisor+1,w
  5809     0098  3BDB               	subwfb	___aldiv@dividend+1,f
  5810     0099  0858               	movf	___aldiv@divisor+2,w
  5811     009A  3BDC               	subwfb	___aldiv@dividend+2,f
  5812     009B  0859               	movf	___aldiv@divisor+3,w
  5813     009C  3BDD               	subwfb	___aldiv@dividend+3,f
  5814     009D                     l2008:
  5815     009D  1460               	bsf	___aldiv@quotient,0
  5816     009E                     l2010:
  5817     009E  3001               	movlw	1
  5818     009F                     u1295:
  5819     009F  36D9               	lsrf	___aldiv@divisor+3,f
  5820     00A0  0CD8               	rrf	___aldiv@divisor+2,f
  5821     00A1  0CD7               	rrf	___aldiv@divisor+1,f
  5822     00A2  0CD6               	rrf	___aldiv@divisor,f
  5823     00A3  0B89               	decfsz	9,f
  5824     00A4  289F               	goto	u1295
  5825     00A5                     l2012:
  5826     00A5  3001               	movlw	1
  5827     00A6  02DE               	subwf	___aldiv@counter,f
  5828     00A7  1D03               	btfss	3,2
  5829     00A8  28AA               	goto	u1301
  5830     00A9  28AB               	goto	u1300
  5831     00AA                     u1301:
  5832     00AA  287C               	goto	l2002
  5833     00AB                     u1300:
  5834     00AB                     l2014:
  5835     00AB  085F               	movf	___aldiv@sign,w
  5836     00AC  1903               	btfsc	3,2
  5837     00AD  28AF               	goto	u1311
  5838     00AE  28B0               	goto	u1310
  5839     00AF                     u1311:
  5840     00AF  28BB               	goto	l2018
  5841     00B0                     u1310:
  5842     00B0                     l2016:
  5843     00B0  09E0               	comf	___aldiv@quotient,f
  5844     00B1  09E1               	comf	___aldiv@quotient+1,f
  5845     00B2  09E2               	comf	___aldiv@quotient+2,f
  5846     00B3  09E3               	comf	___aldiv@quotient+3,f
  5847     00B4  0AE0               	incf	___aldiv@quotient,f
  5848     00B5  1903               	skipnz
  5849     00B6  0AE1               	incf	___aldiv@quotient+1,f
  5850     00B7  1903               	skipnz
  5851     00B8  0AE2               	incf	___aldiv@quotient+2,f
  5852     00B9  1903               	skipnz
  5853     00BA  0AE3               	incf	___aldiv@quotient+3,f
  5854     00BB                     l2018:
  5855     00BB  0863               	movf	___aldiv@quotient+3,w
  5856     00BC  00D9               	movwf	?___aldiv+3
  5857     00BD  0862               	movf	___aldiv@quotient+2,w
  5858     00BE  00D8               	movwf	?___aldiv+2
  5859     00BF  0861               	movf	___aldiv@quotient+1,w
  5860     00C0  00D7               	movwf	?___aldiv+1
  5861     00C1  0860               	movf	___aldiv@quotient,w
  5862     00C2  00D6               	movwf	?___aldiv
  5863     00C3                     l509:
  5864     00C3  0008               	return
  5865     00C4                     __end_of___aldiv:
  5866                           
  5867                           	psect	text26
  5868     050E                     __ptext26:	
  5869 ;; *************** function _Delay_Long *****************
  5870 ;; Defined at:
  5871 ;;		line 132 in file "main.c"
  5872 ;; Parameters:    Size  Location     Type
  5873 ;;		None
  5874 ;; Auto vars:     Size  Location     Type
  5875 ;;  delay           4    3[COMMON] volatile unsigned long 
  5876 ;; Return value:  Size  Location     Type
  5877 ;;                  1    wreg      void 
  5878 ;; Registers used:
  5879 ;;		wreg, status,2, status,0
  5880 ;; Tracked objects:
  5881 ;;		On entry : 0/0
  5882 ;;		On exit  : 0/0
  5883 ;;		Unchanged: 0/0
  5884 ;; Data sizes:     COMMON   BANK0   BANK1   BANK2   BANK3   BANK4   BANK5   BANK6   BANK7   BANK8   BANK9  BANK10  BANK1
      +1  BANK12
  5885 ;;      Params:         0       0       0       0       0       0       0       0       0       0       0       0       
      +0       0
  5886 ;;      Locals:         4       0       0       0       0       0       0       0       0       0       0       0       
      +0       0
  5887 ;;      Temps:          0       0       0       0       0       0       0       0       0       0       0       0       
      +0       0
  5888 ;;      Totals:         4       0       0       0       0       0       0       0       0       0       0       0       
      +0       0
  5889 ;;Total ram usage:        4 bytes
  5890 ;; Hardware stack levels used: 1
  5891 ;; Hardware stack levels required when called: 6
  5892 ;; This function calls:
  5893 ;;		Nothing
  5894 ;; This function is called by:
  5895 ;;		_main
  5896 ;; This function uses a non-reentrant model
  5897 ;;
  5898                           
  5899     050E                     _Delay_Long:	
  5900                           ;psect for function _Delay_Long
  5901                           
  5902     050E                     l2132:	
  5903                           ;incstack = 0
  5904                           ; Regs used in _Delay_Long: [wreg+status,2+status,0]
  5905                           
  5906                           
  5907                           ;main.c: 134:     volatile uint32_t delay;;main.c: 136:     for (delay = 0; delay < 5000
      +                          0UL; delay++)
  5908     050E  3000               	movlw	0
  5909     050F  00F6               	movwf	Delay_Long@delay+3	;volatile
  5910     0510  3000               	movlw	0
  5911     0511  00F5               	movwf	Delay_Long@delay+2	;volatile
  5912     0512  3000               	movlw	0
  5913     0513  00F4               	movwf	Delay_Long@delay+1	;volatile
  5914     0514  3000               	movlw	0
  5915     0515  00F3               	movwf	Delay_Long@delay	;volatile
  5916     0516                     l2134:
  5917     0516  0876               	movf	Delay_Long@delay+3,w	;volatile
  5918     0517  1D03               	btfss	3,2
  5919     0518  2D24               	goto	u1570
  5920     0519  0875               	movf	Delay_Long@delay+2,w	;volatile
  5921     051A  1D03               	btfss	3,2
  5922     051B  2D24               	goto	u1570
  5923     051C  3050               	movlw	80
  5924     051D  0273               	subwf	Delay_Long@delay,w	;volatile
  5925     051E  30C3               	movlw	195
  5926     051F  3B74               	subwfb	Delay_Long@delay+1,w	;volatile
  5927     0520  1C03               	btfss	3,0
  5928     0521  2D23               	goto	u1571
  5929     0522  2D24               	goto	u1570
  5930     0523                     u1571:
  5931     0523  2D25               	goto	l2138
  5932     0524                     u1570:
  5933     0524  2D39               	goto	l122
  5934     0525                     l2138:
  5935                           
  5936                           ;main.c: 137:     {;main.c: 139:     }
  5937     0525  3001               	movlw	1
  5938     0526  07F3               	addwf	Delay_Long@delay,f	;volatile
  5939     0527  3000               	movlw	0
  5940     0528  3DF4               	addwfc	Delay_Long@delay+1,f	;volatile
  5941     0529  3DF5               	addwfc	Delay_Long@delay+2,f	;volatile
  5942     052A  3DF6               	addwfc	Delay_Long@delay+3,f	;volatile
  5943     052B  0876               	movf	Delay_Long@delay+3,w	;volatile
  5944     052C  1D03               	btfss	3,2
  5945     052D  2D39               	goto	u1580
  5946     052E  0875               	movf	Delay_Long@delay+2,w	;volatile
  5947     052F  1D03               	btfss	3,2
  5948     0530  2D39               	goto	u1580
  5949     0531  3050               	movlw	80
  5950     0532  0273               	subwf	Delay_Long@delay,w	;volatile
  5951     0533  30C3               	movlw	195
  5952     0534  3B74               	subwfb	Delay_Long@delay+1,w	;volatile
  5953     0535  1C03               	btfss	3,0
  5954     0536  2D38               	goto	u1581
  5955     0537  2D39               	goto	u1580
  5956     0538                     u1581:
  5957     0538  2D25               	goto	l2138
  5958     0539                     u1580:
  5959     0539                     l122:
  5960     0539  0008               	return
  5961     053A                     __end_of_Delay_Long:
  5962                           
  5963                           	psect	intentry
  5964     0004                     __pintentry:	
  5965 ;; *************** function _INTERRUPT_InterruptManager *****************
  5966 ;; Defined at:
  5967 ;;		line 59 in file "mcc_generated_files/system/src/interrupt.c"
  5968 ;; Parameters:    Size  Location     Type
  5969 ;;		None
  5970 ;; Auto vars:     Size  Location     Type
  5971 ;;		None
  5972 ;; Return value:  Size  Location     Type
  5973 ;;                  1    wreg      void 
  5974 ;; Registers used:
  5975 ;;		wreg, fsr0l, fsr0h, fsr1l, fsr1h, status,2, status,0, pclath, cstack
  5976 ;; Tracked objects:
  5977 ;;		On entry : 0/0
  5978 ;;		On exit  : 0/0
  5979 ;;		Unchanged: 0/0
  5980 ;; Data sizes:     COMMON   BANK0   BANK1   BANK2   BANK3   BANK4   BANK5   BANK6   BANK7   BANK8   BANK9  BANK10  BANK1
      +1  BANK12
  5981 ;;      Params:         0       0       0       0       0       0       0       0       0       0       0       0       
      +0       0
  5982 ;;      Locals:         0       0       0       0       0       0       0       0       0       0       0       0       
      +0       0
  5983 ;;      Temps:          0       0       0       0       0       0       0       0       0       0       0       0       
      +0       0
  5984 ;;      Totals:         0       0       0       0       0       0       0       0       0       0       0       0       
      +0       0
  5985 ;;Total ram usage:        0 bytes
  5986 ;; Hardware stack levels used: 1
  5987 ;; Hardware stack levels required when called: 5
  5988 ;; This function calls:
  5989 ;;		_I2C1_ERROR_ISR
  5990 ;;		_I2C1_ISR
  5991 ;; This function is called by:
  5992 ;;		Interrupt level 1
  5993 ;; This function uses a non-reentrant model
  5994 ;;
  5995                           
  5996     0004                     _INTERRUPT_InterruptManager:
  5997                           
  5998                           ;incstack = 0
  5999     0004  147E               	bsf	int$flags,0	;set compiler interrupt flag (level 1)
  6000                           
  6001                           ; Regs used in _INTERRUPT_InterruptManager: [wreg-fsr1h+status,2+status,0+pclath+cstack]
  6002     0005  3180               	pagesel	$
  6003     0006  3000               	movlw	low ___int_sp
  6004     0007  0086               	movwf	6
  6005     0008  3000               	movlw	high ___int_sp
  6006     0009  0087               	movwf	7
  6007     000A                     i1l2246:
  6008                           
  6009                           ;mcc_generated_files/system/src/interrupt.c: 62:     if(INTCONbits.PEIE == 1)
  6010     000A  1F0B               	btfss	11,6	;volatile
  6011     000B  280D               	goto	u169_21
  6012     000C  280E               	goto	u169_20
  6013     000D                     u169_21:
  6014     000D  2826               	goto	i1l47
  6015     000E                     u169_20:
  6016     000E                     i1l2248:
  6017                           
  6018                           ;mcc_generated_files/system/src/interrupt.c: 63:     {;mcc_generated_files/system/src/in
      +                          terrupt.c: 64:         if(PIE5bits.BCL1IE == 1 && PIR5bits.BCL1IF == 1)
  6019     000E  0141               	movlb	1	; select bank1
  6020     000F  1D9B               	btfss	27,3	;volatile
  6021     0010  2812               	goto	u170_21
  6022     0011  2813               	goto	u170_20
  6023     0012                     u170_21:
  6024     0012  281B               	goto	i1l42
  6025     0013                     u170_20:
  6026     0013                     i1l2250:
  6027     0013  1D91               	btfss	17,3	;volatile
  6028     0014  2816               	goto	u171_21
  6029     0015  2817               	goto	u171_20
  6030     0016                     u171_21:
  6031     0016  281B               	goto	i1l42
  6032     0017                     u171_20:
  6033     0017                     i1l2252:
  6034                           
  6035                           ;mcc_generated_files/system/src/interrupt.c: 65:         {;mcc_generated_files/system/sr
      +                          c/interrupt.c: 66:             I2C1_ERROR_ISR();
  6036     0017  3186  26D2  3180   	fcall	_I2C1_ERROR_ISR
  6037                           
  6038                           ;mcc_generated_files/system/src/interrupt.c: 67:         }
  6039     001A  2826               	goto	i1l47
  6040     001B                     i1l42:	
  6041                           ;mcc_generated_files/system/src/interrupt.c: 68:         else if(PIE5bits.SSP1IE == 1 &&
      +                           PIR5bits.SSP1IF == 1)
  6042                           
  6043     001B  1D1B               	btfss	27,2	;volatile
  6044     001C  281E               	goto	u172_21
  6045     001D  281F               	goto	u172_20
  6046     001E                     u172_21:
  6047     001E  2826               	goto	i1l47
  6048     001F                     u172_20:
  6049     001F                     i1l2254:
  6050     001F  1D11               	btfss	17,2	;volatile
  6051     0020  2822               	goto	u173_21
  6052     0021  2823               	goto	u173_20
  6053     0022                     u173_21:
  6054     0022  2826               	goto	i1l47
  6055     0023                     u173_20:
  6056     0023                     i1l2256:
  6057                           
  6058                           ;mcc_generated_files/system/src/interrupt.c: 69:         {;mcc_generated_files/system/sr
      +                          c/interrupt.c: 70:             I2C1_ISR();
  6059     0023  3186  26CE  3180   	fcall	_I2C1_ISR
  6060     0026                     i1l47:	
  6061                           ;mcc_generated_files/system/src/interrupt.c: 71:         }
  6062                           
  6063     0026  107E               	bcf	int$flags,0	;clear compiler interrupt flag (level 1)
  6064     0027  0009               	retfie
  6065     0028                     __end_of_INTERRUPT_InterruptManager:
  6066                           
  6067                           	psect	text28
  6068     06CE                     __ptext28:	
  6069 ;; *************** function _I2C1_ISR *****************
  6070 ;; Defined at:
  6071 ;;		line 189 in file "mcc_generated_files/i2c_host/src/mssp1.c"
  6072 ;; Parameters:    Size  Location     Type
  6073 ;;		None
  6074 ;; Auto vars:     Size  Location     Type
  6075 ;;		None
  6076 ;; Return value:  Size  Location     Type
  6077 ;;                  1    wreg      void 
  6078 ;; Registers used:
  6079 ;;		wreg, fsr0l, fsr0h, fsr1l, fsr1h, status,2, status,0, pclath, cstack
  6080 ;; Tracked objects:
  6081 ;;		On entry : 0/0
  6082 ;;		On exit  : 0/0
  6083 ;;		Unchanged: 0/0
  6084 ;; Data sizes:     COMMON   BANK0   BANK1   BANK2   BANK3   BANK4   BANK5   BANK6   BANK7   BANK8   BANK9  BANK10  BANK1
      +1  BANK12
  6085 ;;      Params:         0       0       0       0       0       0       0       0       0       0       0       0       
      +0       0
  6086 ;;      Locals:         0       0       0       0       0       0       0       0       0       0       0       0       
      +0       0
  6087 ;;      Temps:          0       0       0       0       0       0       0       0       0       0       0       0       
      +0       0
  6088 ;;      Totals:         0       0       0       0       0       0       0       0       0       0       0       0       
      +0       0
  6089 ;;Total ram usage:        0 bytes
  6090 ;; Hardware stack levels used: 1
  6091 ;; Hardware stack levels required when called: 2
  6092 ;; This function calls:
  6093 ;;		_I2C1_EventHandler
  6094 ;; This function is called by:
  6095 ;;		_INTERRUPT_InterruptManager
  6096 ;; This function uses a non-reentrant model
  6097 ;;
  6098                           
  6099     06CE                     _I2C1_ISR:	
  6100                           ;psect for function _I2C1_ISR
  6101                           
  6102     06CE                     i1l2126:	
  6103                           ;incstack = 0
  6104                           ; Regs used in _I2C1_ISR: [wreg-fsr1h+status,2+status,0+pclath+cstack]
  6105                           
  6106                           
  6107                           ;mcc_generated_files/i2c_host/src/mssp1.c: 191:     I2C1_EventHandler();
  6108     06CE  3184  243E  3186   	fcall	_I2C1_EventHandler
  6109     06D1                     i1l358:
  6110     06D1  0008               	return
  6111     06D2                     __end_of_I2C1_ISR:
  6112                           
  6113                           	psect	text29
  6114     043E                     __ptext29:	
  6115 ;; *************** function _I2C1_EventHandler *****************
  6116 ;; Defined at:
  6117 ;;		line 227 in file "mcc_generated_files/i2c_host/src/mssp1.c"
  6118 ;; Parameters:    Size  Location     Type
  6119 ;;		None
  6120 ;; Auto vars:     Size  Location     Type
  6121 ;;		None
  6122 ;; Return value:  Size  Location     Type
  6123 ;;                  1    wreg      void 
  6124 ;; Registers used:
  6125 ;;		wreg, fsr0l, fsr0h, fsr1l, fsr1h, status,2, status,0, pclath, cstack
  6126 ;; Tracked objects:
  6127 ;;		On entry : 0/0
  6128 ;;		On exit  : 0/0
  6129 ;;		Unchanged: 0/0
  6130 ;; Data sizes:     COMMON   BANK0   BANK1   BANK2   BANK3   BANK4   BANK5   BANK6   BANK7   BANK8   BANK9  BANK10  BANK1
      +1  BANK12
  6131 ;;      Params:         0       0       0       0       0       0       0       0       0       0       0       0       
      +0       0
  6132 ;;      Locals:         0       0       0       0       0       0       0       0       0       0       0       0       
      +0       0
  6133 ;;      Temps:          2       0       0       0       0       0       0       0       0       0       0       0       
      +0       0
  6134 ;;      Totals:         2       0       0       0       0       0       0       0       0       0       0       0       
      +0       0
  6135 ;;Total ram usage:        2 bytes
  6136 ;; Hardware stack levels used: 1
  6137 ;; Hardware stack levels required when called: 1
  6138 ;; This function calls:
  6139 ;;		_I2C1_Close
  6140 ;;		_I2C1_EVENT_ERROR
  6141 ;;		_I2C1_EVENT_IDLE
  6142 ;;		_I2C1_EVENT_NACK
  6143 ;;		_I2C1_EVENT_RESET
  6144 ;;		_I2C1_EVENT_RX
  6145 ;;		_I2C1_EVENT_SEND_RD_ADDR
  6146 ;;		_I2C1_EVENT_SEND_WR_ADDR
  6147 ;;		_I2C1_EVENT_STOP
  6148 ;;		_I2C1_EVENT_TX
  6149 ;; This function is called by:
  6150 ;;		_I2C1_ISR
  6151 ;; This function uses a non-reentrant model
  6152 ;;
  6153                           
  6154     043E                     _I2C1_EventHandler:	
  6155                           ;psect for function _I2C1_EventHandler
  6156                           
  6157     043E                     i1l1926:	
  6158                           ;incstack = 0
  6159                           ; Regs used in _I2C1_EventHandler: [wreg-fsr1h+status,2+status,0+pclath+cstack]
  6160                           
  6161                           
  6162                           ;mcc_generated_files/i2c_host/src/mssp1.c: 229:     PIR5bits.SSP1IF = 0;
  6163     043E  0141               	movlb	1	; select bank1
  6164     043F  1111               	bcf	17,2	;volatile
  6165                           
  6166                           ;mcc_generated_files/i2c_host/src/mssp1.c: 230:     if (0U != SSP1STATbits.P)
  6167     0440  014F               	movlb	15	; select bank15
  6168     0441  1E0F               	btfss	15,4	;volatile
  6169     0442  2C44               	goto	u106_21
  6170     0443  2C45               	goto	u106_20
  6171     0444                     u106_21:
  6172     0444  2C49               	goto	i1l373
  6173     0445                     u106_20:
  6174     0445                     i1l1928:
  6175                           
  6176                           ;mcc_generated_files/i2c_host/src/mssp1.c: 231:     {;mcc_generated_files/i2c_host/src/m
      +                          ssp1.c: 232:         I2C1_Close();
  6177     0445  3186  264E  3184   	fcall	_I2C1_Close
  6178                           
  6179                           ;mcc_generated_files/i2c_host/src/mssp1.c: 233:     }
  6180     0448  2C64               	goto	i1l1938
  6181     0449                     i1l373:	
  6182                           ;mcc_generated_files/i2c_host/src/mssp1.c: 234:     else
  6183                           
  6184                           
  6185                           ;mcc_generated_files/i2c_host/src/mssp1.c: 235:     {;mcc_generated_files/i2c_host/src/m
      +                          ssp1.c: 236:         if ((SSP1STATbits.D_nA == 0U) && (SSP1CON2bits.ACKSTAT == 1U))
  6186     0449  1A8F               	btfsc	15,5	;volatile
  6187     044A  2C4C               	goto	u107_21
  6188     044B  2C4D               	goto	u107_20
  6189     044C                     u107_21:
  6190     044C  2C57               	goto	i1l375
  6191     044D                     u107_20:
  6192     044D                     i1l1930:
  6193     044D  1F11               	btfss	17,6	;volatile
  6194     044E  2C50               	goto	u108_21
  6195     044F  2C51               	goto	u108_20
  6196     0450                     u108_21:
  6197     0450  2C57               	goto	i1l375
  6198     0451                     u108_20:
  6199     0451                     i1l1932:
  6200                           
  6201                           ;mcc_generated_files/i2c_host/src/mssp1.c: 237:         {;mcc_generated_files/i2c_host/s
      +                          rc/mssp1.c: 238:             i2c1Status.state = I2C_STATE_NACK;
  6202     0451  3005               	movlw	5
  6203     0452  0140               	movlb	0	; select bank0
  6204     0453  00AC               	movwf	_i2c1Status+12	;volatile
  6205                           
  6206                           ;mcc_generated_files/i2c_host/src/mssp1.c: 239:             i2c1Status.errorState = I2C_
      +                          ERROR_ADDR_NACK;
  6207     0454  3001               	movlw	1
  6208     0455  00AB               	movwf	_i2c1Status+11	;volatile
  6209                           
  6210                           ;mcc_generated_files/i2c_host/src/mssp1.c: 240:         }
  6211     0456  2C64               	goto	i1l1938
  6212     0457                     i1l375:	
  6213                           ;mcc_generated_files/i2c_host/src/mssp1.c: 241:         else if ((SSP1STATbits.D_nA == 1
      +                          U) && (SSP1CON2bits.ACKSTAT == 1U))
  6214                           
  6215     0457  1E8F               	btfss	15,5	;volatile
  6216     0458  2C5A               	goto	u109_21
  6217     0459  2C5B               	goto	u109_20
  6218     045A                     u109_21:
  6219     045A  2C64               	goto	i1l1938
  6220     045B                     u109_20:
  6221     045B                     i1l1934:
  6222     045B  1F11               	btfss	17,6	;volatile
  6223     045C  2C5E               	goto	u110_21
  6224     045D  2C5F               	goto	u110_20
  6225     045E                     u110_21:
  6226     045E  2C64               	goto	i1l1938
  6227     045F                     u110_20:
  6228     045F                     i1l1936:
  6229                           
  6230                           ;mcc_generated_files/i2c_host/src/mssp1.c: 242:         {;mcc_generated_files/i2c_host/s
      +                          rc/mssp1.c: 243:             i2c1Status.state = I2C_STATE_NACK;
  6231     045F  3005               	movlw	5
  6232     0460  0140               	movlb	0	; select bank0
  6233     0461  00AC               	movwf	_i2c1Status+12	;volatile
  6234                           
  6235                           ;mcc_generated_files/i2c_host/src/mssp1.c: 244:             i2c1Status.errorState = I2C_
      +                          ERROR_DATA_NACK;
  6236     0462  3002               	movlw	2
  6237     0463  00AB               	movwf	_i2c1Status+11	;volatile
  6238     0464                     i1l1938:	
  6239                           ;mcc_generated_files/i2c_host/src/mssp1.c: 245:         }
  6240                           
  6241                           
  6242                           ;mcc_generated_files/i2c_host/src/mssp1.c: 252:     i2c1Status.state = i2c1_eventTable[i
      +                          2c1Status.state]();
  6243     0464  0140               	movlb	0	; select bank0
  6244     0465  082C               	movf	_i2c1Status+12,w	;volatile
  6245     0466  00F1               	movwf	??_I2C1_EventHandler
  6246     0467  01F2               	clrf	??_I2C1_EventHandler+1
  6247     0468  35F1               	lslf	??_I2C1_EventHandler,f
  6248     0469  0DF2               	rlf	??_I2C1_EventHandler+1,f
  6249     046A  303C               	movlw	low _i2c1_eventTable
  6250     046B  0771               	addwf	??_I2C1_EventHandler,w
  6251     046C  0084               	movwf	4
  6252     046D  3006               	movlw	high _i2c1_eventTable
  6253     046E  3D72               	addwfc	??_I2C1_EventHandler+1,w
  6254     046F  3880               	iorlw	128
  6255     0470  0085               	movwf	5
  6256     0471  3F01               	moviw [1]fsr0
  6257     0472  008A               	movwf	10
  6258     0473  3F00               	moviw [0]fsr0
  6259     0474  000A               	callw
  6260     0475  3184               	pagesel	$
  6261     0476  0140               	movlb	0	; select bank0
  6262     0477  00AC               	movwf	_i2c1Status+12	;volatile
  6263     0478                     i1l379:
  6264     0478  0008               	return
  6265     0479                     __end_of_I2C1_EventHandler:
  6266                           
  6267                           	psect	text30
  6268     06D2                     __ptext30:	
  6269 ;; *************** function _I2C1_ERROR_ISR *****************
  6270 ;; Defined at:
  6271 ;;		line 194 in file "mcc_generated_files/i2c_host/src/mssp1.c"
  6272 ;; Parameters:    Size  Location     Type
  6273 ;;		None
  6274 ;; Auto vars:     Size  Location     Type
  6275 ;;		None
  6276 ;; Return value:  Size  Location     Type
  6277 ;;                  1    wreg      void 
  6278 ;; Registers used:
  6279 ;;		wreg, fsr0l, fsr0h, fsr1l, fsr1h, status,2, status,0, pclath, cstack
  6280 ;; Tracked objects:
  6281 ;;		On entry : 0/0
  6282 ;;		On exit  : 0/0
  6283 ;;		Unchanged: 0/0
  6284 ;; Data sizes:     COMMON   BANK0   BANK1   BANK2   BANK3   BANK4   BANK5   BANK6   BANK7   BANK8   BANK9  BANK10  BANK1
      +1  BANK12
  6285 ;;      Params:         0       0       0       0       0       0       0       0       0       0       0       0       
      +0       0
  6286 ;;      Locals:         0       0       0       0       0       0       0       0       0       0       0       0       
      +0       0
  6287 ;;      Temps:          0       0       0       0       0       0       0       0       0       0       0       0       
      +0       0
  6288 ;;      Totals:         0       0       0       0       0       0       0       0       0       0       0       0       
      +0       0
  6289 ;;Total ram usage:        0 bytes
  6290 ;; Hardware stack levels used: 1
  6291 ;; Hardware stack levels required when called: 4
  6292 ;; This function calls:
  6293 ;;		_I2C1_ErrorEventHandler
  6294 ;; This function is called by:
  6295 ;;		_INTERRUPT_InterruptManager
  6296 ;; This function uses a non-reentrant model
  6297 ;;
  6298                           
  6299     06D2                     _I2C1_ERROR_ISR:	
  6300                           ;psect for function _I2C1_ERROR_ISR
  6301                           
  6302     06D2                     i1l2124:	
  6303                           ;incstack = 0
  6304                           ; Regs used in _I2C1_ERROR_ISR: [wreg-fsr1h+status,2+status,0+pclath+cstack]
  6305                           
  6306                           
  6307                           ;mcc_generated_files/i2c_host/src/mssp1.c: 196:     I2C1_ErrorEventHandler();
  6308     06D2  3185  25F7  3186   	fcall	_I2C1_ErrorEventHandler
  6309     06D5                     i1l361:
  6310     06D5  0008               	return
  6311     06D6                     __end_of_I2C1_ERROR_ISR:
  6312                           
  6313                           	psect	text31
  6314     05F7                     __ptext31:	
  6315 ;; *************** function _I2C1_ErrorEventHandler *****************
  6316 ;; Defined at:
  6317 ;;		line 255 in file "mcc_generated_files/i2c_host/src/mssp1.c"
  6318 ;; Parameters:    Size  Location     Type
  6319 ;;		None
  6320 ;; Auto vars:     Size  Location     Type
  6321 ;;		None
  6322 ;; Return value:  Size  Location     Type
  6323 ;;                  1    wreg      void 
  6324 ;; Registers used:
  6325 ;;		wreg, fsr0l, fsr0h, fsr1l, fsr1h, status,2, status,0, pclath, cstack
  6326 ;; Tracked objects:
  6327 ;;		On entry : 0/0
  6328 ;;		On exit  : 0/0
  6329 ;;		Unchanged: 0/0
  6330 ;; Data sizes:     COMMON   BANK0   BANK1   BANK2   BANK3   BANK4   BANK5   BANK6   BANK7   BANK8   BANK9  BANK10  BANK1
      +1  BANK12
  6331 ;;      Params:         0       0       0       0       0       0       0       0       0       0       0       0       
      +0       0
  6332 ;;      Locals:         0       0       0       0       0       0       0       0       0       0       0       0       
      +0       0
  6333 ;;      Temps:          2       0       0       0       0       0       0       0       0       0       0       0       
      +0       0
  6334 ;;      Totals:         2       0       0       0       0       0       0       0       0       0       0       0       
      +0       0
  6335 ;;Total ram usage:        2 bytes
  6336 ;; Hardware stack levels used: 1
  6337 ;; Hardware stack levels required when called: 3
  6338 ;; This function calls:
  6339 ;;		_I2C1_EVENT_ERROR
  6340 ;;		_I2C1_EVENT_IDLE
  6341 ;;		_I2C1_EVENT_NACK
  6342 ;;		_I2C1_EVENT_RESET
  6343 ;;		_I2C1_EVENT_RX
  6344 ;;		_I2C1_EVENT_SEND_RD_ADDR
  6345 ;;		_I2C1_EVENT_SEND_WR_ADDR
  6346 ;;		_I2C1_EVENT_STOP
  6347 ;;		_I2C1_EVENT_TX
  6348 ;; This function is called by:
  6349 ;;		_I2C1_ERROR_ISR
  6350 ;; This function uses a non-reentrant model
  6351 ;;
  6352                           
  6353     05F7                     _I2C1_ErrorEventHandler:	
  6354                           ;psect for function _I2C1_ErrorEventHandler
  6355                           
  6356     05F7                     i1l1940:	
  6357                           ;incstack = 0
  6358                           ; Regs used in _I2C1_ErrorEventHandler: [wreg-fsr1h+status,2+status,0+pclath+cstack]
  6359                           
  6360                           
  6361                           ;mcc_generated_files/i2c_host/src/mssp1.c: 257:     i2c1Status.state = I2C_STATE_ERROR;
  6362     05F7  3006               	movlw	6
  6363     05F8  0140               	movlb	0	; select bank0
  6364     05F9  00AC               	movwf	_i2c1Status+12	;volatile
  6365                           
  6366                           ;mcc_generated_files/i2c_host/src/mssp1.c: 258:     i2c1Status.errorState = I2C_ERROR_BU
      +                          S_COLLISION;
  6367     05FA  3003               	movlw	3
  6368     05FB  00AB               	movwf	_i2c1Status+11	;volatile
  6369                           
  6370                           ;mcc_generated_files/i2c_host/src/mssp1.c: 259:     PIR5bits.BCL1IF = 0;
  6371     05FC  0141               	movlb	1	; select bank1
  6372     05FD  1191               	bcf	17,3	;volatile
  6373     05FE                     i1l1942:
  6374                           
  6375                           ;mcc_generated_files/i2c_host/src/mssp1.c: 261:     I2C1_Callback();
  6376     05FE  0140               	movlb	0	; select bank0
  6377     05FF  082C               	movf	_i2c1Status+12,w	;volatile
  6378     0600  00F1               	movwf	??_I2C1_ErrorEventHandler
  6379     0601  01F2               	clrf	??_I2C1_ErrorEventHandler+1
  6380     0602  35F1               	lslf	??_I2C1_ErrorEventHandler,f
  6381     0603  0DF2               	rlf	??_I2C1_ErrorEventHandler+1,f
  6382     0604  303C               	movlw	low _i2c1_eventTable
  6383     0605  0771               	addwf	??_I2C1_ErrorEventHandler,w
  6384     0606  0084               	movwf	4
  6385     0607  3006               	movlw	high _i2c1_eventTable
  6386     0608  3D72               	addwfc	??_I2C1_ErrorEventHandler+1,w
  6387     0609  3880               	iorlw	128
  6388     060A  0085               	movwf	5
  6389     060B  3F01               	moviw [1]fsr0
  6390     060C  008A               	movwf	10
  6391     060D  3F00               	moviw [0]fsr0
  6392     060E  000A               	callw
  6393     060F  3185               	pagesel	$
  6394     0610  0140               	movlb	0	; select bank0
  6395     0611  00AC               	movwf	_i2c1Status+12	;volatile
  6396     0612                     i1l382:
  6397     0612  0008               	return
  6398     0613                     __end_of_I2C1_ErrorEventHandler:
  6399                           
  6400                           	psect	text32
  6401     068F                     __ptext32:	
  6402 ;; *************** function _I2C1_EVENT_RESET *****************
  6403 ;; Defined at:
  6404 ;;		line 365 in file "mcc_generated_files/i2c_host/src/mssp1.c"
  6405 ;; Parameters:    Size  Location     Type
  6406 ;;		None
  6407 ;; Auto vars:     Size  Location     Type
  6408 ;;		None
  6409 ;; Return value:  Size  Location     Type
  6410 ;;                  1    wreg      enum E6516
  6411 ;; Registers used:
  6412 ;;		wreg, status,2
  6413 ;; Tracked objects:
  6414 ;;		On entry : 0/0
  6415 ;;		On exit  : 0/0
  6416 ;;		Unchanged: 0/0
  6417 ;; Data sizes:     COMMON   BANK0   BANK1   BANK2   BANK3   BANK4   BANK5   BANK6   BANK7   BANK8   BANK9  BANK10  BANK1
      +1  BANK12
  6418 ;;      Params:         0       0       0       0       0       0       0       0       0       0       0       0       
      +0       0
  6419 ;;      Locals:         0       0       0       0       0       0       0       0       0       0       0       0       
      +0       0
  6420 ;;      Temps:          0       0       0       0       0       0       0       0       0       0       0       0       
      +0       0
  6421 ;;      Totals:         0       0       0       0       0       0       0       0       0       0       0       0       
      +0       0
  6422 ;;Total ram usage:        0 bytes
  6423 ;; Hardware stack levels used: 1
  6424 ;; This function calls:
  6425 ;;		Nothing
  6426 ;; This function is called by:
  6427 ;;		_I2C1_EVENT_ERROR
  6428 ;;		_I2C1_EventHandler
  6429 ;;		_I2C1_ErrorEventHandler
  6430 ;; This function uses a non-reentrant model
  6431 ;;
  6432                           
  6433     068F                     _I2C1_EVENT_RESET:	
  6434                           ;psect for function _I2C1_EVENT_RESET
  6435                           
  6436     068F                     i1l1652:	
  6437                           ;incstack = 0
  6438                           ; Regs used in _I2C1_EVENT_RESET: [wreg+status,2]
  6439                           
  6440                           
  6441                           ;mcc_generated_files/i2c_host/src/mssp1.c: 367:     SSP1CON1bits.SSPEN = 0;
  6442     068F  014F               	movlb	15	; select bank15
  6443     0690  1290               	bcf	16,5	;volatile
  6444                           
  6445                           ;mcc_generated_files/i2c_host/src/mssp1.c: 368:     SSP1CON1bits.SSPEN = 1;
  6446     0691  1690               	bsf	16,5	;volatile
  6447     0692                     i1l1654:
  6448                           
  6449                           ;mcc_generated_files/i2c_host/src/mssp1.c: 369:     i2c1Status.busy = 0;
  6450     0692  0140               	movlb	0	; select bank0
  6451     0693  01A0               	clrf	_i2c1Status	;volatile
  6452     0694                     i1l1656:
  6453                           
  6454                           ;mcc_generated_files/i2c_host/src/mssp1.c: 370:     return I2C_STATE_IDLE;
  6455     0694  3000               	movlw	0
  6456     0695                     i1l418:
  6457     0695  0008               	return
  6458     0696                     __end_of_I2C1_EVENT_RESET:
  6459                           
  6460                           	psect	text33
  6461     0696                     __ptext33:	
  6462 ;; *************** function _I2C1_EVENT_STOP *****************
  6463 ;; Defined at:
  6464 ;;		line 358 in file "mcc_generated_files/i2c_host/src/mssp1.c"
  6465 ;; Parameters:    Size  Location     Type
  6466 ;;		None
  6467 ;; Auto vars:     Size  Location     Type
  6468 ;;		None
  6469 ;; Return value:  Size  Location     Type
  6470 ;;                  1    wreg      enum E6516
  6471 ;; Registers used:
  6472 ;;		wreg, status,2, status,0, pclath, cstack
  6473 ;; Tracked objects:
  6474 ;;		On entry : 0/0
  6475 ;;		On exit  : 0/0
  6476 ;;		Unchanged: 0/0
  6477 ;; Data sizes:     COMMON   BANK0   BANK1   BANK2   BANK3   BANK4   BANK5   BANK6   BANK7   BANK8   BANK9  BANK10  BANK1
      +1  BANK12
  6478 ;;      Params:         0       0       0       0       0       0       0       0       0       0       0       0       
      +0       0
  6479 ;;      Locals:         0       0       0       0       0       0       0       0       0       0       0       0       
      +0       0
  6480 ;;      Temps:          0       0       0       0       0       0       0       0       0       0       0       0       
      +0       0
  6481 ;;      Totals:         0       0       0       0       0       0       0       0       0       0       0       0       
      +0       0
  6482 ;;Total ram usage:        0 bytes
  6483 ;; Hardware stack levels used: 1
  6484 ;; This function calls:
  6485 ;;		_I2C1_Close
  6486 ;; This function is called by:
  6487 ;;		_I2C1_EVENT_TX
  6488 ;;		_I2C1_EVENT_NACK
  6489 ;;		_I2C1_EventHandler
  6490 ;;		_I2C1_ErrorEventHandler
  6491 ;; This function uses a non-reentrant model
  6492 ;;
  6493                           
  6494     0696                     _I2C1_EVENT_STOP:	
  6495                           ;psect for function _I2C1_EVENT_STOP
  6496                           
  6497     0696                     i1l1644:	
  6498                           ;incstack = 0
  6499                           ; Regs used in _I2C1_EVENT_STOP: [wreg+status,2+status,0+pclath+cstack]
  6500                           
  6501                           
  6502                           ;mcc_generated_files/i2c_host/src/mssp1.c: 360:     SSP1CON2bits.PEN = 1;
  6503     0696  014F               	movlb	15	; select bank15
  6504     0697  1511               	bsf	17,2	;volatile
  6505     0698                     i1l1646:
  6506                           
  6507                           ;mcc_generated_files/i2c_host/src/mssp1.c: 361:     I2C1_Close();
  6508     0698  3186  264E  3186   	fcall	_I2C1_Close
  6509     069B                     i1l1648:
  6510                           
  6511                           ;mcc_generated_files/i2c_host/src/mssp1.c: 362:     return I2C_STATE_IDLE;
  6512     069B  3000               	movlw	0
  6513     069C                     i1l415:
  6514     069C  0008               	return
  6515     069D                     __end_of_I2C1_EVENT_STOP:
  6516                           
  6517                           	psect	text34
  6518     06BC                     __ptext34:	
  6519 ;; *************** function _I2C1_EVENT_ERROR *****************
  6520 ;; Defined at:
  6521 ;;		line 351 in file "mcc_generated_files/i2c_host/src/mssp1.c"
  6522 ;; Parameters:    Size  Location     Type
  6523 ;;		None
  6524 ;; Auto vars:     Size  Location     Type
  6525 ;;  retEventStat    1    0[COMMON] enum E6516
  6526 ;; Return value:  Size  Location     Type
  6527 ;;                  1    wreg      enum E6516
  6528 ;; Registers used:
  6529 ;;		wreg, status,2, pclath, cstack
  6530 ;; Tracked objects:
  6531 ;;		On entry : 0/0
  6532 ;;		On exit  : 0/0
  6533 ;;		Unchanged: 0/0
  6534 ;; Data sizes:     COMMON   BANK0   BANK1   BANK2   BANK3   BANK4   BANK5   BANK6   BANK7   BANK8   BANK9  BANK10  BANK1
      +1  BANK12
  6535 ;;      Params:         0       0       0       0       0       0       0       0       0       0       0       0       
      +0       0
  6536 ;;      Locals:         1       0       0       0       0       0       0       0       0       0       0       0       
      +0       0
  6537 ;;      Temps:          0       0       0       0       0       0       0       0       0       0       0       0       
      +0       0
  6538 ;;      Totals:         1       0       0       0       0       0       0       0       0       0       0       0       
      +0       0
  6539 ;;Total ram usage:        1 bytes
  6540 ;; Hardware stack levels used: 1
  6541 ;; This function calls:
  6542 ;;		_I2C1_EVENT_RESET
  6543 ;; This function is called by:
  6544 ;;		_I2C1_EventHandler
  6545 ;;		_I2C1_ErrorEventHandler
  6546 ;; This function uses a non-reentrant model
  6547 ;;
  6548                           
  6549     06BC                     _I2C1_EVENT_ERROR:	
  6550                           ;psect for function _I2C1_EVENT_ERROR
  6551                           
  6552     06BC                     i1l1802:	
  6553                           ;incstack = 0
  6554                           ; Regs used in _I2C1_EVENT_ERROR: [wreg+status,2+pclath+cstack]
  6555                           
  6556     06BC                     i1l1804:
  6557                           
  6558                           ;mcc_generated_files/i2c_host/src/mssp1.c: 354:     retEventState = I2C1_EVENT_RESET();
  6559     06BC  3186  268F  3186   	fcall	_I2C1_EVENT_RESET
  6560     06BF  00F0               	movwf	I2C1_EVENT_ERROR@retEventState
  6561     06C0                     i1l1806:
  6562                           
  6563                           ;mcc_generated_files/i2c_host/src/mssp1.c: 355:     return retEventState;
  6564     06C0  0870               	movf	I2C1_EVENT_ERROR@retEventState,w
  6565     06C1                     i1l412:
  6566     06C1  0008               	return
  6567     06C2                     __end_of_I2C1_EVENT_ERROR:
  6568                           
  6569                           	psect	text35
  6570     06C2                     __ptext35:	
  6571 ;; *************** function _I2C1_EVENT_NACK *****************
  6572 ;; Defined at:
  6573 ;;		line 344 in file "mcc_generated_files/i2c_host/src/mssp1.c"
  6574 ;; Parameters:    Size  Location     Type
  6575 ;;		None
  6576 ;; Auto vars:     Size  Location     Type
  6577 ;;  retEventStat    1    0[COMMON] enum E6516
  6578 ;; Return value:  Size  Location     Type
  6579 ;;                  1    wreg      enum E6516
  6580 ;; Registers used:
  6581 ;;		wreg, status,2, status,0, pclath, cstack
  6582 ;; Tracked objects:
  6583 ;;		On entry : 0/0
  6584 ;;		On exit  : 0/0
  6585 ;;		Unchanged: 0/0
  6586 ;; Data sizes:     COMMON   BANK0   BANK1   BANK2   BANK3   BANK4   BANK5   BANK6   BANK7   BANK8   BANK9  BANK10  BANK1
      +1  BANK12
  6587 ;;      Params:         0       0       0       0       0       0       0       0       0       0       0       0       
      +0       0
  6588 ;;      Locals:         1       0       0       0       0       0       0       0       0       0       0       0       
      +0       0
  6589 ;;      Temps:          0       0       0       0       0       0       0       0       0       0       0       0       
      +0       0
  6590 ;;      Totals:         1       0       0       0       0       0       0       0       0       0       0       0       
      +0       0
  6591 ;;Total ram usage:        1 bytes
  6592 ;; Hardware stack levels used: 1
  6593 ;; This function calls:
  6594 ;;		_I2C1_EVENT_STOP
  6595 ;; This function is called by:
  6596 ;;		_I2C1_EventHandler
  6597 ;;		_I2C1_ErrorEventHandler
  6598 ;; This function uses a non-reentrant model
  6599 ;;
  6600                           
  6601     06C2                     _I2C1_EVENT_NACK:	
  6602                           ;psect for function _I2C1_EVENT_NACK
  6603                           
  6604     06C2                     i1l1794:	
  6605                           ;incstack = 0
  6606                           ; Regs used in _I2C1_EVENT_NACK: [wreg+status,2+status,0+pclath+cstack]
  6607                           
  6608     06C2                     i1l1796:
  6609                           
  6610                           ;mcc_generated_files/i2c_host/src/mssp1.c: 347:     retEventState = I2C1_EVENT_STOP();
  6611     06C2  3186  2696  3186   	fcall	_I2C1_EVENT_STOP
  6612     06C5  00F0               	movwf	I2C1_EVENT_NACK@retEventState
  6613     06C6                     i1l1798:
  6614                           
  6615                           ;mcc_generated_files/i2c_host/src/mssp1.c: 348:     return retEventState;
  6616     06C6  0870               	movf	I2C1_EVENT_NACK@retEventState,w
  6617     06C7                     i1l409:
  6618     06C7  0008               	return
  6619     06C8                     __end_of_I2C1_EVENT_NACK:
  6620                           
  6621                           	psect	text36
  6622     04DF                     __ptext36:	
  6623 ;; *************** function _I2C1_EVENT_RX *****************
  6624 ;; Defined at:
  6625 ;;		line 309 in file "mcc_generated_files/i2c_host/src/mssp1.c"
  6626 ;; Parameters:    Size  Location     Type
  6627 ;;		None
  6628 ;; Auto vars:     Size  Location     Type
  6629 ;;  retEventStat    1    0[COMMON] enum E6516
  6630 ;; Return value:  Size  Location     Type
  6631 ;;                  1    wreg      enum E6516
  6632 ;; Registers used:
  6633 ;;		wreg, fsr1l, fsr1h, status,2, status,0
  6634 ;; Tracked objects:
  6635 ;;		On entry : 0/0
  6636 ;;		On exit  : 0/0
  6637 ;;		Unchanged: 0/0
  6638 ;; Data sizes:     COMMON   BANK0   BANK1   BANK2   BANK3   BANK4   BANK5   BANK6   BANK7   BANK8   BANK9  BANK10  BANK1
      +1  BANK12
  6639 ;;      Params:         0       0       0       0       0       0       0       0       0       0       0       0       
      +0       0
  6640 ;;      Locals:         1       0       0       0       0       0       0       0       0       0       0       0       
      +0       0
  6641 ;;      Temps:          0       0       0       0       0       0       0       0       0       0       0       0       
      +0       0
  6642 ;;      Totals:         1       0       0       0       0       0       0       0       0       0       0       0       
      +0       0
  6643 ;;Total ram usage:        1 bytes
  6644 ;; Hardware stack levels used: 1
  6645 ;; This function calls:
  6646 ;;		Nothing
  6647 ;; This function is called by:
  6648 ;;		_I2C1_EventHandler
  6649 ;;		_I2C1_ErrorEventHandler
  6650 ;; This function uses a non-reentrant model
  6651 ;;
  6652                           
  6653     04DF                     _I2C1_EVENT_RX:	
  6654                           ;psect for function _I2C1_EVENT_RX
  6655                           
  6656     04DF                     i1l1776:	
  6657                           ;incstack = 0
  6658                           ; Regs used in _I2C1_EVENT_RX: [wreg+fsr1l+fsr1h+status,2+status,0]
  6659                           
  6660                           
  6661                           ;mcc_generated_files/i2c_host/src/mssp1.c: 311:     i2c_host_event_states_t retEventStat
      +                          e = I2C_STATE_RX;
  6662     04DF  3004               	movlw	4
  6663     04E0  00F0               	movwf	I2C1_EVENT_RX@retEventState
  6664                           
  6665                           ;mcc_generated_files/i2c_host/src/mssp1.c: 313:     if (1U == SSP1STATbits.BF)
  6666     04E1  014F               	movlb	15	; select bank15
  6667     04E2  1C0F               	btfss	15,0	;volatile
  6668     04E3  2CE5               	goto	u97_21
  6669     04E4  2CE6               	goto	u97_20
  6670     04E5                     u97_21:
  6671     04E5  2D0B               	goto	i1l401
  6672     04E6                     u97_20:
  6673     04E6                     i1l1778:
  6674                           
  6675                           ;mcc_generated_files/i2c_host/src/mssp1.c: 314:     {;mcc_generated_files/i2c_host/src/m
      +                          ssp1.c: 315:         if (i2c1Status.readLength > 0U)
  6676     04E6  0140               	movlb	0	; select bank0
  6677     04E7  0828               	movf	_i2c1Status+8,w	;volatile
  6678     04E8  0429               	iorwf	_i2c1Status+9,w	;volatile
  6679     04E9  1903               	btfsc	3,2
  6680     04EA  2CEC               	goto	u98_21
  6681     04EB  2CED               	goto	u98_20
  6682     04EC                     u98_21:
  6683     04EC  2CFA               	goto	i1l1786
  6684     04ED                     u98_20:
  6685     04ED                     i1l1780:
  6686                           
  6687                           ;mcc_generated_files/i2c_host/src/mssp1.c: 316:         {;mcc_generated_files/i2c_host/s
      +                          rc/mssp1.c: 317:             *i2c1Status.readPtr = SSP1BUF;
  6688     04ED  0827               	movf	_i2c1Status+7,w	;volatile
  6689     04EE  0086               	movwf	6
  6690     04EF  0187               	clrf	7
  6691     04F0  014F               	movlb	15	; select bank15
  6692     04F1  080C               	movf	12,w	;volatile
  6693     04F2  0081               	movwf	1
  6694     04F3                     i1l1782:
  6695                           
  6696                           ;mcc_generated_files/i2c_host/src/mssp1.c: 318:             i2c1Status.readPtr++;
  6697     04F3  3001               	movlw	1
  6698     04F4  0140               	movlb	0	; select bank0
  6699     04F5  07A7               	addwf	_i2c1Status+7,f	;volatile
  6700     04F6                     i1l1784:
  6701                           
  6702                           ;mcc_generated_files/i2c_host/src/mssp1.c: 319:             i2c1Status.readLength--;
  6703     04F6  3001               	movlw	1
  6704     04F7  02A8               	subwf	_i2c1Status+8,f	;volatile
  6705     04F8  3000               	movlw	0
  6706     04F9  3BA9               	subwfb	_i2c1Status+9,f	;volatile
  6707     04FA                     i1l1786:
  6708                           
  6709                           ;mcc_generated_files/i2c_host/src/mssp1.c: 323:         if (i2c1Status.readLength > 0U)
  6710     04FA  0828               	movf	_i2c1Status+8,w	;volatile
  6711     04FB  0429               	iorwf	_i2c1Status+9,w	;volatile
  6712     04FC  1903               	btfsc	3,2
  6713     04FD  2CFF               	goto	u99_21
  6714     04FE  2D00               	goto	u99_20
  6715     04FF                     u99_21:
  6716     04FF  2D04               	goto	i1l403
  6717     0500                     u99_20:
  6718     0500                     i1l1788:
  6719                           
  6720                           ;mcc_generated_files/i2c_host/src/mssp1.c: 324:         {;mcc_generated_files/i2c_host/s
      +                          rc/mssp1.c: 325:             SSP1CON2bits.ACKDT = 0;
  6721     0500  014F               	movlb	15	; select bank15
  6722     0501  1291               	bcf	17,5	;volatile
  6723                           
  6724                           ;mcc_generated_files/i2c_host/src/mssp1.c: 326:             SSP1CON2bits.ACKEN = 1;
  6725     0502  1611               	bsf	17,4	;volatile
  6726                           
  6727                           ;mcc_generated_files/i2c_host/src/mssp1.c: 327:         }
  6728     0503  2D0C               	goto	i1l1790
  6729     0504                     i1l403:	
  6730                           ;mcc_generated_files/i2c_host/src/mssp1.c: 328:         else
  6731                           
  6732                           
  6733                           ;mcc_generated_files/i2c_host/src/mssp1.c: 329:         {;mcc_generated_files/i2c_host/s
      +                          rc/mssp1.c: 330:             SSP1CON2bits.RSEN = 0;
  6734     0504  014F               	movlb	15	; select bank15
  6735     0505  1091               	bcf	17,1	;volatile
  6736                           
  6737                           ;mcc_generated_files/i2c_host/src/mssp1.c: 331:             SSP1CON2bits.ACKDT = 1;
  6738     0506  1691               	bsf	17,5	;volatile
  6739                           
  6740                           ;mcc_generated_files/i2c_host/src/mssp1.c: 332:             SSP1CON2bits.ACKEN = 1;
  6741     0507  1611               	bsf	17,4	;volatile
  6742                           
  6743                           ;mcc_generated_files/i2c_host/src/mssp1.c: 333:             retEventState = I2C_STATE_ST
      +                          OP;
  6744     0508  3007               	movlw	7
  6745     0509  00F0               	movwf	I2C1_EVENT_RX@retEventState
  6746     050A  2D0C               	goto	i1l1790
  6747     050B                     i1l401:	
  6748                           ;mcc_generated_files/i2c_host/src/mssp1.c: 337:     else
  6749                           
  6750                           
  6751                           ;mcc_generated_files/i2c_host/src/mssp1.c: 338:     {;mcc_generated_files/i2c_host/src/m
      +                          ssp1.c: 339:         SSP1CON2bits.RCEN = 1;
  6752     050B  1591               	bsf	17,3	;volatile
  6753     050C                     i1l1790:
  6754                           
  6755                           ;mcc_generated_files/i2c_host/src/mssp1.c: 341:     return retEventState;
  6756     050C  0870               	movf	I2C1_EVENT_RX@retEventState,w
  6757     050D                     i1l406:
  6758     050D  0008               	return
  6759     050E                     __end_of_I2C1_EVENT_RX:
  6760                           
  6761                           	psect	text37
  6762     06C8                     __ptext37:	
  6763 ;; *************** function _I2C1_EVENT_SEND_WR_ADDR *****************
  6764 ;; Defined at:
  6765 ;;		line 276 in file "mcc_generated_files/i2c_host/src/mssp1.c"
  6766 ;; Parameters:    Size  Location     Type
  6767 ;;		None
  6768 ;; Auto vars:     Size  Location     Type
  6769 ;;		None
  6770 ;; Return value:  Size  Location     Type
  6771 ;;                  1    wreg      enum E6516
  6772 ;; Registers used:
  6773 ;;		wreg, status,2, status,0
  6774 ;; Tracked objects:
  6775 ;;		On entry : 0/0
  6776 ;;		On exit  : 0/0
  6777 ;;		Unchanged: 0/0
  6778 ;; Data sizes:     COMMON   BANK0   BANK1   BANK2   BANK3   BANK4   BANK5   BANK6   BANK7   BANK8   BANK9  BANK10  BANK1
      +1  BANK12
  6779 ;;      Params:         0       0       0       0       0       0       0       0       0       0       0       0       
      +0       0
  6780 ;;      Locals:         0       0       0       0       0       0       0       0       0       0       0       0       
      +0       0
  6781 ;;      Temps:          0       0       0       0       0       0       0       0       0       0       0       0       
      +0       0
  6782 ;;      Totals:         0       0       0       0       0       0       0       0       0       0       0       0       
      +0       0
  6783 ;;Total ram usage:        0 bytes
  6784 ;; Hardware stack levels used: 1
  6785 ;; This function calls:
  6786 ;;		Nothing
  6787 ;; This function is called by:
  6788 ;;		_I2C1_EventHandler
  6789 ;;		_I2C1_ErrorEventHandler
  6790 ;; This function uses a non-reentrant model
  6791 ;;
  6792                           
  6793     06C8                     _I2C1_EVENT_SEND_WR_ADDR:	
  6794                           ;psect for function _I2C1_EVENT_SEND_WR_ADDR
  6795                           
  6796     06C8                     i1l1744:	
  6797                           ;incstack = 0
  6798                           ; Regs used in _I2C1_EVENT_SEND_WR_ADDR: [wreg+status,2+status,0]
  6799                           
  6800                           
  6801                           ;mcc_generated_files/i2c_host/src/mssp1.c: 278:     SSP1BUF = ((uint8_t) (i2c1Status.add
      +                          ress << 1));
  6802     06C8  0140               	movlb	0	; select bank0
  6803     06C9  3521               	lslf	_i2c1Status+1,w	;volatile
  6804     06CA  014F               	movlb	15	; select bank15
  6805     06CB  008C               	movwf	12	;volatile
  6806     06CC                     i1l1746:
  6807                           
  6808                           ;mcc_generated_files/i2c_host/src/mssp1.c: 279:     return I2C_STATE_TX;
  6809     06CC  3003               	movlw	3
  6810     06CD                     i1l391:
  6811     06CD  0008               	return
  6812     06CE                     __end_of_I2C1_EVENT_SEND_WR_ADDR:
  6813                           
  6814                           	psect	text38
  6815     069D                     __ptext38:	
  6816 ;; *************** function _I2C1_EVENT_SEND_RD_ADDR *****************
  6817 ;; Defined at:
  6818 ;;		line 270 in file "mcc_generated_files/i2c_host/src/mssp1.c"
  6819 ;; Parameters:    Size  Location     Type
  6820 ;;		None
  6821 ;; Auto vars:     Size  Location     Type
  6822 ;;		None
  6823 ;; Return value:  Size  Location     Type
  6824 ;;                  1    wreg      enum E6516
  6825 ;; Registers used:
  6826 ;;		wreg, status,2, status,0
  6827 ;; Tracked objects:
  6828 ;;		On entry : 0/0
  6829 ;;		On exit  : 0/0
  6830 ;;		Unchanged: 0/0
  6831 ;; Data sizes:     COMMON   BANK0   BANK1   BANK2   BANK3   BANK4   BANK5   BANK6   BANK7   BANK8   BANK9  BANK10  BANK1
      +1  BANK12
  6832 ;;      Params:         0       0       0       0       0       0       0       0       0       0       0       0       
      +0       0
  6833 ;;      Locals:         0       0       0       0       0       0       0       0       0       0       0       0       
      +0       0
  6834 ;;      Temps:          0       0       0       0       0       0       0       0       0       0       0       0       
      +0       0
  6835 ;;      Totals:         0       0       0       0       0       0       0       0       0       0       0       0       
      +0       0
  6836 ;;Total ram usage:        0 bytes
  6837 ;; Hardware stack levels used: 1
  6838 ;; This function calls:
  6839 ;;		Nothing
  6840 ;; This function is called by:
  6841 ;;		_I2C1_EventHandler
  6842 ;;		_I2C1_ErrorEventHandler
  6843 ;; This function uses a non-reentrant model
  6844 ;;
  6845                           
  6846     069D                     _I2C1_EVENT_SEND_RD_ADDR:	
  6847                           ;psect for function _I2C1_EVENT_SEND_RD_ADDR
  6848                           
  6849     069D                     i1l1738:	
  6850                           ;incstack = 0
  6851                           ; Regs used in _I2C1_EVENT_SEND_RD_ADDR: [wreg+status,2+status,0]
  6852                           
  6853                           
  6854                           ;mcc_generated_files/i2c_host/src/mssp1.c: 272:     SSP1BUF = ((uint8_t) ((i2c1Status.ad
      +                          dress << 1) | 1U));
  6855     069D  1403               	setc
  6856     069E  0140               	movlb	0	; select bank0
  6857     069F  0D21               	rlf	_i2c1Status+1,w	;volatile
  6858     06A0  014F               	movlb	15	; select bank15
  6859     06A1  008C               	movwf	12	;volatile
  6860     06A2                     i1l1740:
  6861                           
  6862                           ;mcc_generated_files/i2c_host/src/mssp1.c: 273:     return I2C_STATE_RX;
  6863     06A2  3004               	movlw	4
  6864     06A3                     i1l388:
  6865     06A3  0008               	return
  6866     06A4                     __end_of_I2C1_EVENT_SEND_RD_ADDR:
  6867                           
  6868                           	psect	text39
  6869     06D6                     __ptext39:	
  6870 ;; *************** function _I2C1_EVENT_IDLE *****************
  6871 ;; Defined at:
  6872 ;;		line 264 in file "mcc_generated_files/i2c_host/src/mssp1.c"
  6873 ;; Parameters:    Size  Location     Type
  6874 ;;		None
  6875 ;; Auto vars:     Size  Location     Type
  6876 ;;		None
  6877 ;; Return value:  Size  Location     Type
  6878 ;;                  1    wreg      enum E6516
  6879 ;; Registers used:
  6880 ;;		wreg, status,2
  6881 ;; Tracked objects:
  6882 ;;		On entry : 0/0
  6883 ;;		On exit  : 0/0
  6884 ;;		Unchanged: 0/0
  6885 ;; Data sizes:     COMMON   BANK0   BANK1   BANK2   BANK3   BANK4   BANK5   BANK6   BANK7   BANK8   BANK9  BANK10  BANK1
      +1  BANK12
  6886 ;;      Params:         0       0       0       0       0       0       0       0       0       0       0       0       
      +0       0
  6887 ;;      Locals:         0       0       0       0       0       0       0       0       0       0       0       0       
      +0       0
  6888 ;;      Temps:          0       0       0       0       0       0       0       0       0       0       0       0       
      +0       0
  6889 ;;      Totals:         0       0       0       0       0       0       0       0       0       0       0       0       
      +0       0
  6890 ;;Total ram usage:        0 bytes
  6891 ;; Hardware stack levels used: 1
  6892 ;; This function calls:
  6893 ;;		Nothing
  6894 ;; This function is called by:
  6895 ;;		_I2C1_EventHandler
  6896 ;;		_I2C1_ErrorEventHandler
  6897 ;; This function uses a non-reentrant model
  6898 ;;
  6899                           
  6900     06D6                     _I2C1_EVENT_IDLE:	
  6901                           ;psect for function _I2C1_EVENT_IDLE
  6902                           
  6903     06D6                     i1l1732:	
  6904                           ;incstack = 0
  6905                           ; Regs used in _I2C1_EVENT_IDLE: [wreg+status,2]
  6906                           
  6907                           
  6908                           ;mcc_generated_files/i2c_host/src/mssp1.c: 266:     i2c1Status.busy = 0;
  6909     06D6  0140               	movlb	0	; select bank0
  6910     06D7  01A0               	clrf	_i2c1Status	;volatile
  6911     06D8                     i1l1734:
  6912                           
  6913                           ;mcc_generated_files/i2c_host/src/mssp1.c: 267:     return I2C_STATE_RESET;
  6914     06D8  3008               	movlw	8
  6915     06D9                     i1l385:
  6916     06D9  0008               	return
  6917     06DA                     __end_of_I2C1_EVENT_IDLE:
  6918                           
  6919                           	psect	text40
  6920     053A                     __ptext40:	
  6921 ;; *************** function _I2C1_EVENT_TX *****************
  6922 ;; Defined at:
  6923 ;;		line 282 in file "mcc_generated_files/i2c_host/src/mssp1.c"
  6924 ;; Parameters:    Size  Location     Type
  6925 ;;		None
  6926 ;; Auto vars:     Size  Location     Type
  6927 ;;  retEventStat    1    0[COMMON] enum E6516
  6928 ;; Return value:  Size  Location     Type
  6929 ;;                  1    wreg      enum E6516
  6930 ;; Registers used:
  6931 ;;		wreg, fsr1l, fsr1h, status,2, status,0, pclath, cstack
  6932 ;; Tracked objects:
  6933 ;;		On entry : 0/0
  6934 ;;		On exit  : 0/0
  6935 ;;		Unchanged: 0/0
  6936 ;; Data sizes:     COMMON   BANK0   BANK1   BANK2   BANK3   BANK4   BANK5   BANK6   BANK7   BANK8   BANK9  BANK10  BANK1
      +1  BANK12
  6937 ;;      Params:         0       0       0       0       0       0       0       0       0       0       0       0       
      +0       0
  6938 ;;      Locals:         1       0       0       0       0       0       0       0       0       0       0       0       
      +0       0
  6939 ;;      Temps:          0       0       0       0       0       0       0       0       0       0       0       0       
      +0       0
  6940 ;;      Totals:         1       0       0       0       0       0       0       0       0       0       0       0       
      +0       0
  6941 ;;Total ram usage:        1 bytes
  6942 ;; Hardware stack levels used: 1
  6943 ;; This function calls:
  6944 ;;		_I2C1_EVENT_STOP
  6945 ;; This function is called by:
  6946 ;;		_I2C1_EventHandler
  6947 ;;		_I2C1_ErrorEventHandler
  6948 ;; This function uses a non-reentrant model
  6949 ;;
  6950                           
  6951     053A                     _I2C1_EVENT_TX:	
  6952                           ;psect for function _I2C1_EVENT_TX
  6953                           
  6954     053A                     i1l1750:	
  6955                           ;incstack = 0
  6956                           ; Regs used in _I2C1_EVENT_TX: [wreg+fsr1l+fsr1h+status,2+status,0+pclath+cstack]
  6957                           
  6958     053A                     i1l1752:
  6959                           
  6960                           ;mcc_generated_files/i2c_host/src/mssp1.c: 285:     if (0U != i2c1Status.writeLength)
  6961     053A  0140               	movlb	0	; select bank0
  6962     053B  0825               	movf	_i2c1Status+5,w	;volatile
  6963     053C  0426               	iorwf	_i2c1Status+6,w	;volatile
  6964     053D  1903               	btfsc	3,2
  6965     053E  2D40               	goto	u95_21
  6966     053F  2D41               	goto	u95_20
  6967     0540                     u95_21:
  6968     0540  2D54               	goto	i1l1762
  6969     0541                     u95_20:
  6970     0541                     i1l1754:
  6971                           
  6972                           ;mcc_generated_files/i2c_host/src/mssp1.c: 286:     {;mcc_generated_files/i2c_host/src/m
      +                          ssp1.c: 287:         i2c1Status.writeLength--;
  6973     0541  3001               	movlw	1
  6974     0542  02A5               	subwf	_i2c1Status+5,f	;volatile
  6975     0543  3000               	movlw	0
  6976     0544  3BA6               	subwfb	_i2c1Status+6,f	;volatile
  6977     0545                     i1l1756:
  6978                           
  6979                           ;mcc_generated_files/i2c_host/src/mssp1.c: 288:         SSP1BUF = *i2c1Status.writePtr;
  6980     0545  0823               	movf	_i2c1Status+3,w	;volatile
  6981     0546  0086               	movwf	6
  6982     0547  0824               	movf	_i2c1Status+4,w	;volatile
  6983     0548  0087               	movwf	7
  6984     0549  0801               	movf	1,w
  6985     054A  014F               	movlb	15	; select bank15
  6986     054B  008C               	movwf	12	;volatile
  6987     054C                     i1l1758:
  6988                           
  6989                           ;mcc_generated_files/i2c_host/src/mssp1.c: 289:         i2c1Status.writePtr++;
  6990     054C  3001               	movlw	1
  6991     054D  0140               	movlb	0	; select bank0
  6992     054E  07A3               	addwf	_i2c1Status+3,f	;volatile
  6993     054F  3000               	movlw	0
  6994     0550  3DA4               	addwfc	_i2c1Status+4,f	;volatile
  6995     0551                     i1l1760:
  6996                           
  6997                           ;mcc_generated_files/i2c_host/src/mssp1.c: 290:         retEventState = I2C_STATE_TX;
  6998     0551  3003               	movlw	3
  6999     0552  00F0               	movwf	I2C1_EVENT_TX@retEventState
  7000                           
  7001                           ;mcc_generated_files/i2c_host/src/mssp1.c: 291:     }
  7002     0553  2D63               	goto	i1l1772
  7003     0554                     i1l1762:
  7004                           
  7005                           ;mcc_generated_files/i2c_host/src/mssp1.c: 293:     {;mcc_generated_files/i2c_host/src/m
      +                          ssp1.c: 294:         if (0U != i2c1Status.switchToRead)
  7006     0554  082A               	movf	_i2c1Status+10,w	;volatile
  7007     0555  1903               	btfsc	3,2
  7008     0556  2D58               	goto	u96_21
  7009     0557  2D59               	goto	u96_20
  7010     0558                     u96_21:
  7011     0558  2D5F               	goto	i1l1770
  7012     0559                     u96_20:
  7013     0559                     i1l1764:
  7014                           
  7015                           ;mcc_generated_files/i2c_host/src/mssp1.c: 295:         {;mcc_generated_files/i2c_host/s
      +                          rc/mssp1.c: 296:             i2c1Status.switchToRead = 0;
  7016     0559  01AA               	clrf	_i2c1Status+10	;volatile
  7017     055A                     i1l1766:
  7018                           
  7019                           ;mcc_generated_files/i2c_host/src/mssp1.c: 297:             SSP1CON2bits.RSEN = 1;
  7020     055A  014F               	movlb	15	; select bank15
  7021     055B  1491               	bsf	17,1	;volatile
  7022     055C                     i1l1768:
  7023                           
  7024                           ;mcc_generated_files/i2c_host/src/mssp1.c: 298:             retEventState = I2C_STATE_SE
      +                          ND_RD_ADDR;
  7025     055C  3001               	movlw	1
  7026     055D  00F0               	movwf	I2C1_EVENT_TX@retEventState
  7027                           
  7028                           ;mcc_generated_files/i2c_host/src/mssp1.c: 299:         }
  7029     055E  2D63               	goto	i1l1772
  7030     055F                     i1l1770:
  7031                           
  7032                           ;mcc_generated_files/i2c_host/src/mssp1.c: 301:         {;mcc_generated_files/i2c_host/s
      +                          rc/mssp1.c: 302:             retEventState = I2C1_EVENT_STOP();
  7033     055F  3186  2696  3185   	fcall	_I2C1_EVENT_STOP
  7034     0562  00F0               	movwf	I2C1_EVENT_TX@retEventState
  7035     0563                     i1l1772:
  7036                           
  7037                           ;mcc_generated_files/i2c_host/src/mssp1.c: 306:     return retEventState;
  7038     0563  0870               	movf	I2C1_EVENT_TX@retEventState,w
  7039     0564                     i1l398:
  7040     0564  0008               	return
  7041     0565                     __end_of_I2C1_EVENT_TX:
  7042                           
  7043                           	psect	text41
  7044     064E                     __ptext41:	
  7045 ;; *************** function _I2C1_Close *****************
  7046 ;; Defined at:
  7047 ;;		line 214 in file "mcc_generated_files/i2c_host/src/mssp1.c"
  7048 ;; Parameters:    Size  Location     Type
  7049 ;;		None
  7050 ;; Auto vars:     Size  Location     Type
  7051 ;;		None
  7052 ;; Return value:  Size  Location     Type
  7053 ;;                  1    wreg      void 
  7054 ;; Registers used:
  7055 ;;		status,2
  7056 ;; Tracked objects:
  7057 ;;		On entry : 0/0
  7058 ;;		On exit  : 0/0
  7059 ;;		Unchanged: 0/0
  7060 ;; Data sizes:     COMMON   BANK0   BANK1   BANK2   BANK3   BANK4   BANK5   BANK6   BANK7   BANK8   BANK9  BANK10  BANK1
      +1  BANK12
  7061 ;;      Params:         0       0       0       0       0       0       0       0       0       0       0       0       
      +0       0
  7062 ;;      Locals:         0       0       0       0       0       0       0       0       0       0       0       0       
      +0       0
  7063 ;;      Temps:          0       0       0       0       0       0       0       0       0       0       0       0       
      +0       0
  7064 ;;      Totals:         0       0       0       0       0       0       0       0       0       0       0       0       
      +0       0
  7065 ;;Total ram usage:        0 bytes
  7066 ;; Hardware stack levels used: 1
  7067 ;; This function calls:
  7068 ;;		Nothing
  7069 ;; This function is called by:
  7070 ;;		_I2C1_EventHandler
  7071 ;;		_I2C1_EVENT_STOP
  7072 ;; This function uses a non-reentrant model
  7073 ;;
  7074                           
  7075     064E                     _I2C1_Close:	
  7076                           ;psect for function _I2C1_Close
  7077                           
  7078     064E                     i1l1626:	
  7079                           ;incstack = 0
  7080                           ; Regs used in _I2C1_Close: [status,2]
  7081                           
  7082                           
  7083                           ;mcc_generated_files/i2c_host/src/mssp1.c: 216:     i2c1Status.busy = 0;
  7084     064E  0140               	movlb	0	; select bank0
  7085     064F  01A0               	clrf	_i2c1Status	;volatile
  7086     0650                     i1l1628:
  7087                           
  7088                           ;mcc_generated_files/i2c_host/src/mssp1.c: 217:     i2c1Status.address = 0xFF;
  7089     0650  3000               	movlw	0
  7090     0651  00A2               	movwf	_i2c1Status+2	;volatile
  7091     0652  30FF               	movlw	255
  7092     0653  00A1               	movwf	_i2c1Status+1	;volatile
  7093                           
  7094                           ;mcc_generated_files/i2c_host/src/mssp1.c: 218:     i2c1Status.writePtr = ((void*)0);
  7095     0654  01A3               	clrf	_i2c1Status+3	;volatile
  7096     0655  01A4               	clrf	_i2c1Status+4	;volatile
  7097                           
  7098                           ;mcc_generated_files/i2c_host/src/mssp1.c: 219:     i2c1Status.readPtr = ((void*)0);
  7099     0656  01A7               	clrf	_i2c1Status+7	;volatile
  7100                           
  7101                           ;mcc_generated_files/i2c_host/src/mssp1.c: 220:     i2c1Status.state = I2C_STATE_IDLE;
  7102     0657  01AC               	clrf	_i2c1Status+12	;volatile
  7103     0658                     i1l1630:
  7104                           
  7105                           ;mcc_generated_files/i2c_host/src/mssp1.c: 221:     PIR5bits.SSP1IF = 0;
  7106     0658  0141               	movlb	1	; select bank1
  7107     0659  1111               	bcf	17,2	;volatile
  7108     065A                     i1l1632:
  7109                           
  7110                           ;mcc_generated_files/i2c_host/src/mssp1.c: 222:     PIR5bits.BCL1IF = 0;
  7111     065A  1191               	bcf	17,3	;volatile
  7112     065B                     i1l1634:
  7113                           
  7114                           ;mcc_generated_files/i2c_host/src/mssp1.c: 223:     SSP1CON1bits.WCOL = 0;
  7115     065B  014F               	movlb	15	; select bank15
  7116     065C  1390               	bcf	16,7	;volatile
  7117     065D                     i1l1636:
  7118                           
  7119                           ;mcc_generated_files/i2c_host/src/mssp1.c: 224:     SSP1CON1bits.SSPOV = 0;
  7120     065D  1310               	bcf	16,6	;volatile
  7121     065E                     i1l370:
  7122     065E  0008               	return
  7123     065F                     __end_of_I2C1_Close:
  7124     0002                     ___latbits      equ	2
  7125     007E                     btemp           set	126	;btemp
  7126     007E                     int$flags       set	126
  7127     007E                     btemp0          set	126
  7128     007F                     btemp1          set	127
  7129     007E                     wtemp0          set	126
  7130     007F                     wtemp0a         set	127
  7131     007F                     ttemp0a         set	127
  7132     0080                     ltemp0a         set	128
  7133                           
  7134                           	psect	config
  7135                           
  7136                           ;Config register CONFIG1 @ 0x8007
  7137                           ;	External Oscillator Selection bits
  7138                           ;	FEXTOSC = ECH, EC (external clock) above 16 MHz
  7139                           ;	Reset Oscillator Selection bits
  7140                           ;	RSTOSC = HFINTOSC_32MHz, HFINTOSC (32 MHz)
  7141                           ;	Clock Out Enable bit
  7142                           ;	CLKOUTEN = OFF, CLKOUT function is disabled; i/o or oscillator function on OSC2
  7143                           ;	Clock Switch Enable bit
  7144                           ;	CSWEN = ON, Writing to NOSC and NDIV is allowed
  7145                           ;	VDD Range Analog Calibration Selection bit
  7146                           ;	VDDAR = HI, Internal analog systems are calibrated for operation between VDD = 2.3 - 5
      +                          .5V
  7147                           ;	Fail-Safe Clock Monitor Enable bit
  7148                           ;	FCMEN = ON, Fail-Safe Clock Monitor enabled
  7149     8007                     	org	32775
  7150     8007  3F8F               	dw	16271
  7151                           
  7152                           ;Config register CONFIG2 @ 0x8008
  7153                           ;	Master Clear Enable bit
  7154                           ;	MCLRE = EXTMCLR, If LVP = 0, MCLR pin is MCLR; If LVP = 1, RA3 pin function is MCLR
  7155                           ;	Power-up Timer Selection bits
  7156                           ;	PWRTS = PWRT_OFF, PWRT is disabled
  7157                           ;	Low-Power BOR Enable bit
  7158                           ;	LPBOREN = OFF, ULPBOR disabled
  7159                           ;	Brown-out Reset Enable bits
  7160                           ;	BOREN = ON, Brown-out Reset enabled, SBOREN bit is ignored
  7161                           ;	DAC Buffer Automatic Range Select Enable bit
  7162                           ;	DACAUTOEN = OFF, DAC Buffer reference range is determined by the REFRNG bit
  7163                           ;	Brown-out Reset Voltage Selection bit
  7164                           ;	BORV = LO, Brown-out Reset Voltage (VBOR) set to 1.9V
  7165                           ;	PPSLOCKED One-Way Set Enable bit
  7166                           ;	PPS1WAY = ON, The PPSLOCKED bit can be cleared and set only once after an unlocking se
      +                          quence is executed; once PPSLOCKED is set, all future changes to PPS registers are preve
      +                          nted
  7167                           ;	Stack Overflow/Underflow Reset Enable bit
  7168                           ;	STVREN = ON, Stack Overflow or Underflow will cause a reset
  7169                           ;	Background Debugger
  7170                           ;	DEBUG = 0x1, unprogrammed default
  7171     8008                     	org	32776
  7172     8008  3FFF               	dw	16383
  7173                           
  7174                           ;Config register CONFIG3 @ 0x8009
  7175                           ;	WDT Period Select bits
  7176                           ;	WDTCPS = WDTCPS_31, Divider ratio 1:65536; software control of WDTPS
  7177                           ;	WDT Operating Mode bits
  7178                           ;	WDTE = OFF, WDT Disabled, SEN is ignored
  7179                           ;	WDT Window Select bits
  7180                           ;	WDTCWS = WDTCWS_7, window always open (100%); software control; keyed access not requi
      +                          red
  7181                           ;	WDT Input Clock Select bits
  7182                           ;	WDTCCS = SC, Software Control
  7183     8009                     	org	32777
  7184     8009  3F9F               	dw	16287
  7185                           
  7186                           ;Config register CONFIG4 @ 0x800A
  7187                           ;	Boot Block Size Selection bits
  7188                           ;	BBSIZE = BB512, 512 words boot block size
  7189                           ;	Boot Block Enable bit
  7190                           ;	BBEN = OFF, Boot Block disabled
  7191                           ;	Storage Area Flash (SAF) Enable bit
  7192                           ;	SAFEN = OFF, SAF disabled
  7193                           ;	Application Block Write Protection bit
  7194                           ;	WRTAPP = OFF, Application Block is NOT write-protected
  7195                           ;	Boot Block Write Protection bit
  7196                           ;	WRTB = OFF, Boot Block is NOT write-protected
  7197                           ;	Configuration Register Write Protection bit
  7198                           ;	WRTC = OFF, Configuration Register is NOT write-protected
  7199                           ;	Storage Area Flash (SAF) Write Protection bit
  7200                           ;	WRTSAF = OFF, SAF is NOT write-protected
  7201                           ;	Low Voltage Programming Enable bit
  7202                           ;	LVP = ON, Low Voltage programming enabled. MCLR/Vpp pin function is MCLR. MCLRE Config
      +                          uration bit is ignored
  7203     800A                     	org	32778
  7204     800A  3FFF               	dw	16383
  7205                           
  7206                           ;Config register CONFIG5 @ 0x800B
  7207                           ;	Program Flash Memory Code Protection bit
  7208                           ;	CP = OFF, Program Flash Memory code protection is disabled
  7209     800B                     	org	32779
  7210     800B  3FFF               	dw	16383

Data Sizes:
    Strings     0
    Constant    38
    Data        0
    BSS         48
    Persistent  50
    Stack       0

Auto Spaces:
    Space          Size  Autos    Used
    COMMON           14      9      11
    BANK0            80     32      80
    BANK1            80      0       0
    BANK2            80      0       0
    BANK3            80      0       0
    BANK4            80      0       0
    BANK5            80      0       0
    BANK6            80      0       0
    BANK7            80      0       0
    BANK8            80      0       0
    BANK9            80      0       0
    BANK10           80      0       0
    BANK11           80      0       0
    BANK12           48      0       0

Pointer List with Targets:

    I2C1_Callback	PTR FTN()void  size(2) Largest target is 1
		 -> NULL(), 

    i2c1_eventTable	const PTR FTN()enum E6516[9] size(2) Largest target is 1
		 -> I2C1_EVENT_ERROR(), I2C1_EVENT_IDLE(), I2C1_EVENT_NACK(), I2C1_EVENT_RESET(), 
		 -> I2C1_EVENT_RX(), I2C1_EVENT_SEND_RD_ADDR(), I2C1_EVENT_SEND_WR_ADDR(), I2C1_EVENT_STOP(), 
		 -> I2C1_EVENT_TX(), 

    I2C1_Host$CallbackRegister	PTR FTN(PTR FTN()void ,)void  size(2) Largest target is 1
		 -> I2C1_CallbackRegister(), 

    I2C1_Host$Deinitialize	PTR FTN()void  size(2) Largest target is 1
		 -> I2C1_Deinitialize(), 

    I2C1_Host$ErrorGet	PTR FTN()enum E6507 size(2) Largest target is 1
		 -> I2C1_ErrorGet(), 

    I2C1_Host$Initialize	PTR FTN()void  size(2) Largest target is 1
		 -> I2C1_Initialize(), 

    I2C1_Host$IsBusy	PTR FTN()_Bool  size(2) Largest target is 1
		 -> I2C1_IsBusy(), 

    I2C1_Host$Read	PTR FTN(unsigned short ,PTR unsigned char ,unsigned int ,)_Bool  size(2) Largest target is 1
		 -> I2C1_Read(), 

    I2C1_Host$Tasks	PTR FTN()void  size(2) Largest target is 1
		 -> NULL(), 

    I2C1_Host$TransferSetup	PTR FTN(PTR struct i2c_transfer_setup,unsigned long ,)_Bool  size(2) Largest target is 1
		 -> NULL(), 

    I2C1_Host$Write	PTR FTN(unsigned short ,PTR unsigned char ,unsigned int ,)_Bool  size(2) Largest target is 1
		 -> I2C1_Write(), 

    I2C1_Host$WriteRead	PTR FTN(unsigned short ,PTR unsigned char ,unsigned int ,PTR unsigned char ,unsigned int ,)_Bool  size(2) Largest target is 1
		 -> I2C1_WriteRead(), 

    I2C1_Write@data	PTR unsigned char  size(1) Largest target is 3
		 -> i2c_write_buffer(BANK0[3]), 

    I2C1_WriteRead@readData	PTR unsigned char  size(1) Largest target is 2
		 -> i2c_read_buffer(COMMON[2]), 

    I2C1_WriteRead@writeData	PTR unsigned char  size(1) Largest target is 3
		 -> i2c_write_buffer(BANK0[3]), 

    i2c1Status$readPtr	PTR unsigned char  size(1) Largest target is 2
		 -> i2c_read_buffer(COMMON[2]), NULL(NULL[0]), 

    i2c1Status$writePtr	PTR unsigned char  size(2) Largest target is 3
		 -> i2c_write_buffer(BANK0[3]), NULL(NULL[0]), 

    INT_InterruptHandler	PTR FTN()void  size(2) Largest target is 1
		 -> INT_DefaultInterruptHandler(), NULL(), 

    INT_SetInterruptHandler@InterruptHandler	PTR FTN()void  size(2) Largest target is 1
		 -> INT_DefaultInterruptHandler(), 

    MCP9808_ReadTemperatureRaw@value	PTR unsigned short  size(1) Largest target is 2
		 -> main@mcp9808_raw_temperature(BANK0[2]), 

    S313$2$1	PTR unsigned char  size(1) Largest target is 3
		 -> i2c_write_buffer(BANK0[3]), 

    S313$3$1	PTR unsigned char  size(2) Largest target is 0

    S313$4$1	PTR unsigned char  size(1) Largest target is 3
		 -> i2c_write_buffer(BANK0[3]), 

    S313$4$3	PTR unsigned char  size(1) Largest target is 2
		 -> i2c_read_buffer(COMMON[2]), 

    S313$8$0	PTR FTN()void  size(2) Largest target is 0

    S313$CallbackRegister	PTR FTN(PTR FTN()void ,)void  size(2) Largest target is 1
		 -> I2C1_CallbackRegister(), 

    S313$Deinitialize	PTR FTN()void  size(2) Largest target is 1
		 -> I2C1_Deinitialize(), 

    S313$ErrorGet	PTR FTN()enum E6507 size(2) Largest target is 1
		 -> I2C1_ErrorGet(), 

    S313$Initialize	PTR FTN()void  size(2) Largest target is 1
		 -> I2C1_Initialize(), 

    S313$IsBusy	PTR FTN()_Bool  size(2) Largest target is 1
		 -> I2C1_IsBusy(), 

    S313$Read	PTR FTN(unsigned short ,PTR unsigned char ,unsigned int ,)_Bool  size(2) Largest target is 1
		 -> I2C1_Read(), 

    S313$Tasks	PTR FTN()void  size(2) Largest target is 1
		 -> NULL(), 

    S313$TransferSetup	PTR FTN(PTR struct i2c_transfer_setup,unsigned long ,)_Bool  size(2) Largest target is 1
		 -> NULL(), 

    S313$Write	PTR FTN(unsigned short ,PTR unsigned char ,unsigned int ,)_Bool  size(2) Largest target is 1
		 -> I2C1_Write(), 

    S313$WriteRead	PTR FTN(unsigned short ,PTR unsigned char ,unsigned int ,PTR unsigned char ,unsigned int ,)_Bool  size(2) Largest target is 1
		 -> I2C1_WriteRead(), 

    S389$readPtr	PTR unsigned char  size(1) Largest target is 2
		 -> i2c_read_buffer(COMMON[2]), NULL(NULL[0]), 

    S389$writePtr	PTR unsigned char  size(2) Largest target is 3
		 -> i2c_write_buffer(BANK0[3]), NULL(NULL[0]), 

    VCNL4200_ReadRegister16@value	PTR unsigned short  size(1) Largest target is 2
		 -> VCNL4200_ReadID@id(BANK0[2]), VCNL4200_ReadSensors@ambient(BANK0[2]), VCNL4200_ReadSensors@proximity(BANK0[2]), 


Critical Paths under _main in COMMON

    _VCNL4200_ReadSensors->___lldiv
    ___lldiv->___llmod
    _VCNL4200_ReadID->_VCNL4200_ReadRegister16
    _VCNL4200_ReadRegister16->_I2C_WaitComplete
    _VCNL4200_WriteRegister16->_I2C1_Write
    _INTERRUPT_Initialize->_INT_SetInterruptHandler
    _MCP9808_ReadTemperatureRaw->_I2C_WaitComplete
    _MCP9808_ProcessTemperature->___awmod
    ___aldiv->___lmul

Critical Paths under _INTERRUPT_InterruptManager in COMMON

    _I2C1_ISR->_I2C1_EventHandler
    _I2C1_EventHandler->_I2C1_EVENT_ERROR
    _I2C1_EventHandler->_I2C1_EVENT_NACK
    _I2C1_EventHandler->_I2C1_EVENT_RX
    _I2C1_EventHandler->_I2C1_EVENT_TX
    _I2C1_ERROR_ISR->_I2C1_ErrorEventHandler
    _I2C1_ErrorEventHandler->_I2C1_EVENT_ERROR
    _I2C1_ErrorEventHandler->_I2C1_EVENT_NACK
    _I2C1_ErrorEventHandler->_I2C1_EVENT_RX
    _I2C1_ErrorEventHandler->_I2C1_EVENT_TX

Critical Paths under _main in BANK0

    _main->_MCP9808_ProcessTemperature
    _VCNL4200_ReadSensors->___lldiv
    ___lldiv->___llmod
    _VCNL4200_ReadID->_VCNL4200_ReadRegister16
    _VCNL4200_ReadRegister16->_I2C1_WriteRead
    _VCNL4200_Initialize->_VCNL4200_WriteRegister16
    _MCP9808_ReadTemperatureRaw->_I2C1_WriteRead
    _MCP9808_ProcessTemperature->___aldiv
    ___aldiv->___lmul

Critical Paths under _INTERRUPT_InterruptManager in BANK0

    None.

Critical Paths under _main in BANK1

    None.

Critical Paths under _INTERRUPT_InterruptManager in BANK1

    None.

Critical Paths under _main in BANK2

    None.

Critical Paths under _INTERRUPT_InterruptManager in BANK2

    None.

Critical Paths under _main in BANK3

    None.

Critical Paths under _INTERRUPT_InterruptManager in BANK3

    None.

Critical Paths under _main in BANK4

    None.

Critical Paths under _INTERRUPT_InterruptManager in BANK4

    None.

Critical Paths under _main in BANK5

    None.

Critical Paths under _INTERRUPT_InterruptManager in BANK5

    None.

Critical Paths under _main in BANK6

    None.

Critical Paths under _INTERRUPT_InterruptManager in BANK6

    None.

Critical Paths under _main in BANK7

    None.

Critical Paths under _INTERRUPT_InterruptManager in BANK7

    None.

Critical Paths under _main in BANK8

    None.

Critical Paths under _INTERRUPT_InterruptManager in BANK8

    None.

Critical Paths under _main in BANK9

    None.

Critical Paths under _INTERRUPT_InterruptManager in BANK9

    None.

Critical Paths under _main in BANK10

    None.

Critical Paths under _INTERRUPT_InterruptManager in BANK10

    None.

Critical Paths under _main in BANK11

    None.

Critical Paths under _INTERRUPT_InterruptManager in BANK11

    None.

Critical Paths under _main in BANK12

    None.

Critical Paths under _INTERRUPT_InterruptManager in BANK12

    None.

Call Graph Tables:

 ---------------------------------------------------------------------------------
 (Depth) Function   	        Calls       Base Space   Used Autos Params    Refs
 ---------------------------------------------------------------------------------
 (0) _main                                                 2     2      0    3989
                                             30 BANK0      2     2      0
                         _Delay_Long
                    _I2C1_Initialize
         _MCP9808_ProcessTemperature
         _MCP9808_ReadTemperatureRaw
                  _SYSTEM_Initialize
                _VCNL4200_Initialize
                    _VCNL4200_ReadID
               _VCNL4200_ReadSensors
 ---------------------------------------------------------------------------------
 (1) _VCNL4200_ReadSensors                                 4     4      0    1186
                                             16 BANK0      4     4      0
            _VCNL4200_ReadRegister16
                            ___lldiv
                            ___llmod
                             ___lmul
 ---------------------------------------------------------------------------------
 (2) ___llmod                                              9     1      8     238
                                              3 COMMON     1     1      0
                                              0 BANK0      8     0      8
 ---------------------------------------------------------------------------------
 (2) ___lldiv                                             13     5      8     253
                                              4 COMMON     5     5      0
                                              8 BANK0      8     0      8
                            ___llmod (ARG)
 ---------------------------------------------------------------------------------
 (1) _VCNL4200_ReadID                                      2     2      0     479
                                              9 BANK0      2     2      0
            _VCNL4200_ReadRegister16
 ---------------------------------------------------------------------------------
 (2) _VCNL4200_ReadRegister16                              2     1      1     380
                                              7 COMMON     1     1      0
                                              8 BANK0      1     0      1
                      _I2C1_ErrorGet
                     _I2C1_WriteRead
                   _I2C_WaitComplete
 ---------------------------------------------------------------------------------
 (1) _VCNL4200_Initialize                                  1     1      0     399
                                              3 BANK0      1     1      0
           _VCNL4200_WriteRegister16
 ---------------------------------------------------------------------------------
 (2) _VCNL4200_WriteRegister16                             3     1      2     331
                                              0 BANK0      3     1      2
                      _I2C1_ErrorGet
                         _I2C1_Write
                   _I2C_WaitComplete
 ---------------------------------------------------------------------------------
 (3) _I2C1_Write                                           6     1      5     139
                                              3 COMMON     6     1      5
                        _I2C1_IsBusy
                    _I2C1_WriteStart
 ---------------------------------------------------------------------------------
 (1) _SYSTEM_Initialize                                    0     0      0      23
                   _CLOCK_Initialize
                    _I2C1_Initialize
               _INTERRUPT_Initialize
             _PIN_MANAGER_Initialize
 ---------------------------------------------------------------------------------
 (2) _PIN_MANAGER_Initialize                               0     0      0       0
 ---------------------------------------------------------------------------------
 (2) _INTERRUPT_Initialize                                 0     0      0      23
            _INT_SetInterruptHandler
 ---------------------------------------------------------------------------------
 (3) _INT_SetInterruptHandler                              2     0      2      23
                                              3 COMMON     2     0      2
 ---------------------------------------------------------------------------------
 (2) _I2C1_Initialize                                      0     0      0       0
 ---------------------------------------------------------------------------------
 (2) _CLOCK_Initialize                                     0     0      0       0
 ---------------------------------------------------------------------------------
 (1) _MCP9808_ReadTemperatureRaw                           1     0      1     327
                                              8 BANK0      1     0      1
                      _I2C1_ErrorGet
                     _I2C1_WriteRead
                   _I2C_WaitComplete
 ---------------------------------------------------------------------------------
 (3) _I2C_WaitComplete                                     4     4      0      37
                                              3 COMMON     4     4      0
                        _I2C1_IsBusy
 ---------------------------------------------------------------------------------
 (3) _I2C1_WriteRead                                       9     1      8     222
                                              3 COMMON     1     1      0
                                              0 BANK0      8     0      8
                        _I2C1_IsBusy
                    _I2C1_WriteStart
 ---------------------------------------------------------------------------------
 (4) _I2C1_WriteStart                                      0     0      0       0
 ---------------------------------------------------------------------------------
 (4) _I2C1_IsBusy                                          0     0      0       0
 ---------------------------------------------------------------------------------
 (3) _I2C1_ErrorGet                                        1     1      0      34
                                              3 COMMON     1     1      0
 ---------------------------------------------------------------------------------
 (1) _MCP9808_ProcessTemperature                           8     6      2    1461
                                             22 BANK0      8     6      2
                            ___aldiv
                            ___awdiv
                            ___awmod
                             ___lmul
 ---------------------------------------------------------------------------------
 (2) ___lmul                                              12     4      8     148
                                              3 COMMON     4     4      0
                                              0 BANK0      8     0      8
 ---------------------------------------------------------------------------------
 (2) ___awmod                                              6     2      4     300
                                              3 COMMON     6     2      4
 ---------------------------------------------------------------------------------
 (2) ___awdiv                                              8     4      4     451
                                              3 COMMON     4     0      4
                                              0 BANK0      4     4      0
 ---------------------------------------------------------------------------------
 (2) ___aldiv                                             14     6      8     302
                                              8 BANK0     14     6      8
                             ___lmul (ARG)
 ---------------------------------------------------------------------------------
 (1) _Delay_Long                                           4     4      0      46
                                              3 COMMON     4     4      0
 ---------------------------------------------------------------------------------
 Estimated maximum stack depth 4
 ---------------------------------------------------------------------------------
 (Depth) Function   	        Calls       Base Space   Used Autos Params    Refs
 ---------------------------------------------------------------------------------
 (5) _INTERRUPT_InterruptManager                           0     0      0     196
                     _I2C1_ERROR_ISR
                           _I2C1_ISR
 ---------------------------------------------------------------------------------
 (6) _I2C1_ISR                                             0     0      0      98
                  _I2C1_EventHandler
 ---------------------------------------------------------------------------------
 (7) _I2C1_EventHandler                                    2     2      0      98
                                              1 COMMON     2     2      0
                         _I2C1_Close
                   _I2C1_EVENT_ERROR *
                    _I2C1_EVENT_IDLE *
                    _I2C1_EVENT_NACK *
                   _I2C1_EVENT_RESET *
                      _I2C1_EVENT_RX *
            _I2C1_EVENT_SEND_RD_ADDR *
            _I2C1_EVENT_SEND_WR_ADDR *
                    _I2C1_EVENT_STOP *
                      _I2C1_EVENT_TX *
 ---------------------------------------------------------------------------------
 (6) _I2C1_ERROR_ISR                                       0     0      0      98
             _I2C1_ErrorEventHandler
 ---------------------------------------------------------------------------------
 (7) _I2C1_ErrorEventHandler                               2     2      0      98
                                              1 COMMON     2     2      0
                   _I2C1_EVENT_ERROR *
                    _I2C1_EVENT_IDLE *
                    _I2C1_EVENT_NACK *
                   _I2C1_EVENT_RESET *
                      _I2C1_EVENT_RX *
            _I2C1_EVENT_SEND_RD_ADDR *
            _I2C1_EVENT_SEND_WR_ADDR *
                    _I2C1_EVENT_STOP *
                      _I2C1_EVENT_TX *
 ---------------------------------------------------------------------------------
 (8) _I2C1_EVENT_TX                                        1     1      0      26
                                              0 COMMON     1     1      0
                    _I2C1_EVENT_STOP
 ---------------------------------------------------------------------------------
 (8) _I2C1_EVENT_SEND_WR_ADDR                              0     0      0       0
 ---------------------------------------------------------------------------------
 (8) _I2C1_EVENT_SEND_RD_ADDR                              0     0      0       0
 ---------------------------------------------------------------------------------
 (8) _I2C1_EVENT_RX                                        1     1      0      24
                                              0 COMMON     1     1      0
 ---------------------------------------------------------------------------------
 (8) _I2C1_EVENT_NACK                                      1     1      0      24
                                              0 COMMON     1     1      0
                    _I2C1_EVENT_STOP
 ---------------------------------------------------------------------------------
 (9) _I2C1_EVENT_STOP                                      0     0      0       0
                         _I2C1_Close
 ---------------------------------------------------------------------------------
 (10) _I2C1_Close                                          0     0      0       0
 ---------------------------------------------------------------------------------
 (8) _I2C1_EVENT_IDLE                                      0     0      0       0
 ---------------------------------------------------------------------------------
 (8) _I2C1_EVENT_ERROR                                     1     1      0      24
                                              0 COMMON     1     1      0
                   _I2C1_EVENT_RESET
 ---------------------------------------------------------------------------------
 (9) _I2C1_EVENT_RESET                                     0     0      0       0
 ---------------------------------------------------------------------------------
 Estimated maximum stack depth 10
 ---------------------------------------------------------------------------------

 Call Graph Graphs:

 _main (ROOT)
   _Delay_Long
   _I2C1_Initialize
   _MCP9808_ProcessTemperature
     ___aldiv
       ___lmul (ARG)
     ___awdiv
     ___awmod
     ___lmul
   _MCP9808_ReadTemperatureRaw
     _I2C1_ErrorGet
     _I2C1_WriteRead
       _I2C1_IsBusy
       _I2C1_WriteStart
     _I2C_WaitComplete
       _I2C1_IsBusy
   _SYSTEM_Initialize
     _CLOCK_Initialize
     _I2C1_Initialize
     _INTERRUPT_Initialize
       _INT_SetInterruptHandler
     _PIN_MANAGER_Initialize
   _VCNL4200_Initialize
     _VCNL4200_WriteRegister16
       _I2C1_ErrorGet
       _I2C1_Write
         _I2C1_IsBusy
         _I2C1_WriteStart
       _I2C_WaitComplete
   _VCNL4200_ReadID
     _VCNL4200_ReadRegister16
       _I2C1_ErrorGet
       _I2C1_WriteRead
       _I2C_WaitComplete
   _VCNL4200_ReadSensors
     _VCNL4200_ReadRegister16
     ___lldiv
       ___llmod (ARG)
     ___llmod
     ___lmul

 _INTERRUPT_InterruptManager (ROOT)
   _I2C1_ERROR_ISR
     _I2C1_ErrorEventHandler
       _I2C1_EVENT_ERROR *
         _I2C1_EVENT_RESET
       _I2C1_EVENT_IDLE *
       _I2C1_EVENT_NACK *
         _I2C1_EVENT_STOP
           _I2C1_Close
       _I2C1_EVENT_RESET *
       _I2C1_EVENT_RX *
       _I2C1_EVENT_SEND_RD_ADDR *
       _I2C1_EVENT_SEND_WR_ADDR *
       _I2C1_EVENT_STOP *
       _I2C1_EVENT_TX *
         _I2C1_EVENT_STOP
   _I2C1_ISR
     _I2C1_EventHandler
       _I2C1_Close
       _I2C1_EVENT_ERROR *
       _I2C1_EVENT_IDLE *
       _I2C1_EVENT_NACK *
       _I2C1_EVENT_RESET *
       _I2C1_EVENT_RX *
       _I2C1_EVENT_SEND_RD_ADDR *
       _I2C1_EVENT_SEND_WR_ADDR *
       _I2C1_EVENT_STOP *
       _I2C1_EVENT_TX *

Address spaces:
Name               Size   Autos  Total    Usage
BITCOMMON           14      0       0      0.0%
BITBANK0            80      0       0      0.0%
BITBANK1            80      0       0      0.0%
BITBANK2            80      0       0      0.0%
BITBANK3            80      0       0      0.0%
BITBANK4            80      0       0      0.0%
BITBANK5            80      0       0      0.0%
BITBANK6            80      0       0      0.0%
BITBANK7            80      0       0      0.0%
BITBANK8            80      0       0      0.0%
BITBANK9            80      0       0      0.0%
BITBANK10           80      0       0      0.0%
BITBANK11           80      0       0      0.0%
BITBANK12           48      0       0      0.0%
BIGRAM            1008      0       0      0.0%
COMMON              14      9      11     78.6%
BANK0               80     32      80    100.0%
BANK1               80      0       0      0.0%
BANK2               80      0       0      0.0%
BANK3               80      0       0      0.0%
BANK4               80      0       0      0.0%
BANK5               80      0       0      0.0%
BANK6               80      0       0      0.0%
BANK7               80      0       0      0.0%
BANK8               80      0       0      0.0%
BANK9               80      0       0      0.0%
BANK10              80      0       0      0.0%
BANK11              80      0       0      0.0%
BANK12              48      0       0      0.0%
STACK                0      0       0      0.0%
DATA                 0      0      91      0.0%


Microchip Technology PIC Macro Assembler V3.10 build 20250813170317 
Symbol Table                                                                                   Tue Aug 25 22:41:08 2026

                           I2C1_Write@data 0075                   I2C1_WriteRead@readLength 0054  
                                       l13 068E                                         l36 0685  
                                       l71 067A                                         l57 06AF  
                             ___awdiv@sign 004F                                        l122 0539  
                                      l133 04DE                                        l128 058C  
                                      l153 01CC                                        l145 0402  
                                      l330 066D                                        l162 014B  
                                      l139 03C6                                        l252 043D  
                                      l157 05F6                                        l351 06DC  
                                      l167 0627                                        l600 0340  
                                      l345 05B3                                        l337 05D6  
                                      l348 06BB                                        l509 00C3  
                                      l470 02EF                                        l367 06B5  
                                      l448 04AC                                        l664 0389  
                                      l499 004B                                        l587 0296  
                          ??_I2C1_ErrorGet 0073           __end_of_VCNL4200_WriteRegister16 04DF  
                             ___awmod@sign 0078                                        wreg 0009  
                ??_VCNL4200_ReadRegister16 0077                           __end_of_I2C1_ISR 06D2  
                                     l2000 0078                                       l2010 009E  
                                     l2002 007C                                       l2012 00A5  
                                     l2004 0083                                       l2100 033C  
                                     l2006 0095                                       l2014 00AB  
                                     l2016 00B0                                       l2008 009D  
                                     l2018 00BB                                       l2130 0677  
                                     l2132 050E                                       l2134 0516  
                                     l2070 02F5                                       l2080 030B  
                                     l2072 02FA                                       l2128 066E  
                                     l2400 05D0                                       l2138 0525  
                                     l2090 0323                                       l2082 030E  
                                     l2074 02FC                                       l2066 02F0  
                                     l2410 06B9                                       l2402 05D3  
                                     l2092 0327                                       l2084 0313  
                                     l2076 0300                                       l2068 02F1  
                                     l2500 048E                                       l2412 06BA  
                                     l2420 0596                                       l2404 05D5  
                                     l2094 032C                                       l2086 0315  
                                     l2078 0305                                       l2502 0495  
                                     l2430 05B0                                       l2422 0599  
                                     l2510 02A8                                       l2088 0319  
                                     l2096 0332                                       l2504 04A4  
                                     l2408 06B6                                       l2360 06DA  
                                     l2424 059D                                       l2432 05B2  
                                     l2416 058D                                       l2600 03CC  
                                     l2440 04C7                                       l2520 02D1  
                                     l2512 02AB                                       l2098 0337  
                                     l2426 05AC                                       l2418 058E  
                                     l2370 0581                                       l2602 03E4  
                                     l1810 0686                                       l2450 04D2  
                                     l2522 02D9                                       l2514 02B4  
                                     l2540 0248                                       l2532 023B  
                                     l2364 06B0                                       l2428 05AD  
                                     l2620 03FA                                       l2612 03EF  
                                     l1812 0689                                       l1660 06AA  
                                     l1820 0403                                       l2380 05B4  
                                     l2452 04D7                                       l2444 04C9  
                                     l2436 04AF                                       l2524 02DA  
                                     l2516 02B8                                       l2508 0297  
                                     l2550 025B                                       l2542 024C  
                                     l2534 023D                                       l2630 0157  
                                     l2374 0583                                       l2366 0565  
                                     l2622 0401                                       l2614 03F4  
                                     l2606 03E6                                       l1814 068B  
                                     l1830 040E                                       l1822 0405  
                                     l2390 05C5                                       l2382 05B5  
                                     l2438 04B5                                       l2470 03A8  
                                     l2462 038B                                       l2526 02E1  
                                     l2518 02BF                                       l2710 01D8  
                                     l2702 01CD                                       l2560 0278  
                                     l2552 025E                                       l2544 0251  
                                     l2536 0241                                       l2640 01B1  
                                     l2632 015B                                       l2376 058B  
                                     l2368 056E                                       l1816 067B  
                                     l1840 041F                                       l1832 0411  
                                     l1824 0408                                       l2392 05C8  
                                     l2384 05BD                                       l2480 03B3  
                                     l2464 038E                                       l2528 02E7  
                                     l2720 01E0                                       l2712 01DA  
                                     l2704 01D0                                       l2570 028D  
                                     l2562 027C                                       l2554 0263  
                                     l2546 0253                                       l2538 0246  
                                     l2642 01C8                                       l2634 0188  
                                     l2626 014C                                       l1818 067E  
                                     l1850 042A                                       l1842 0421  
                                     l1834 0413                                       l1826 040A  
                                     l2394 05CC                                       l2386 05C0  
                                     l2458 04DD                                       l2490 03C5  
                                     l2482 03B8                                       l2474 03AA  
                                     l2466 038F                                       l2730 01F5  
                                     l2722 01E8                                       l2714 01DC  
                                     l2706 01D3                                       l2572 0292  
                                     l2564 027D                                       l2556 0265  
                                     l2548 0255                                       l2636 019C  
                                     l2628 0153                                       l1860 0666  
                                     l1852 042D                                       l1844 0423  
                                     l1836 041B                                       l1828 040C  
                                     l2396 05CD                                       l2388 05C4  
                                     l2660 05F5                                       l2652 05E7  
                                     l2644 05D7                                       l2468 0390  
                                     l2580 034D                                       l2740 01FA  
                                     l2732 01F6                                       l2724 01F0  
                                     l2716 01DD                                       l2708 01D6  
                                     l2566 0282                                       l2558 0269  
                                     l2494 0479                                       l2638 01A0  
                                     l1862 0668                                       l1854 0430  
                                     l1846 0425                                       l1838 041D  
                                     l2398 05CF                                       l2654 05EF  
                                     l2646 05E0                                       l2590 037B  
                                     l2582 0356                                       l2670 00D2  
                                     l2750 0219                                       l2742 01FF  
                                     l2734 01F7                                       l2726 01F2  
                                     l2718 01DE                                       l2568 0288  
                                     l2496 0481                                       l1864 066A  
                                     l1856 065F                                       l1848 0427  
                                     l2648 05E5                                       l2488 03BE  
                                     l2584 035A                                       l2592 0381  
                                     l2576 0341                                       l2672 00D7  
                                     l2664 00C4                                       l2760 0233  
                                     l2752 0221                                       l2744 0204  
                                     l2736 01F8                                       l2728 01F4  
                                     l2498 0486                                       l1866 066B  
                                     l1858 0664                                       l2690 061F  
                                     l2586 036C                                       l2578 034A  
                                     l2674 00F1                                       l2666 00D0  
                                     l2762 0235                                       l2754 0225  
                                     l2746 020C                                       l2738 01F9  
                                     l2596 03C7                                       l2588 0374  
                                     l2684 0145                                       l2676 010D  
                                     l2756 0227                                       l2748 020E  
                                     l1990 005A                                       l1982 0038  
                                     l2598 03CA                                       l2694 0621  
                                     l2678 0139                                       l2758 022F  
                                     l1992 005C                                       l1984 003A  
                                     l2696 0624                                       l2688 0613  
                                     l1994 0064                                       l1986 003E  
                                     l2698 0626                                       l1996 006C  
                                     l1988 004F                                       l1998 006F  
                        _I2C1_Deinitialize 0000                                       u2010 02E7  
                                     u2011 02E6                                       u1300 00AB  
                                     u1220 003E                                       u2100 0288  
                                     u2020 0241                                       u1301 00AA  
                                     u1221 003D                                       u2101 0287  
                                     u2021 0240                                       u2005 02DB  
                                     u1310 00B0                                       u1230 004F  
                                     u2110 028D                                       u2030 024C  
                                     u1311 00AF                                       u1231 004E  
                                     u2111 028C                                       u2031 024B  
                                     u1240 006C                                       u2040 025B  
                                     u2200 03F9                                       u2120 034A  
                                     u1241 006B                                       u2041 025A  
                                     u2201 03F8                                       u2121 0349  
                                     u2210 0157                                       u2211 0156  
                                     u1260 007C                                       u2060 0269  
                                     u1500 0337                                       u1420 02F5  
                                     u2220 01A0                                       u2140 035A  
                                     u2300 0219                                       u1261 007B  
                                     u2061 0268                                       u1501 0336  
                                     u1421 02F4                                       u2221 019F  
                                     u2141 0359                                       u2301 0218  
                                     _LATA 0018                                       u1430 0300  
                                     u2230 05E5                                       u2150 036C  
                                     u2310 022F                                       _LATB 0019  
                                     u1255 0070                                       u2055 025F  
                                     u1431 02FF                                       u2231 05E4  
                                     u2151 036B                                       u2135 034E  
                                     u2311 022E                                       _LATC 001A  
                                     u1280 0095                                       u2080 0278  
                                     u1440 030B                                       u2240 05F4  
                                     u1281 0094                                       u2081 0277  
                                     u1441 030A                                       u2241 05F3  
                                     u2170 0381                                       u2250 00D0  
                                     u1275 007D                                       u2075 026A  
                                     u2171 0380                                       u2155 0368  
                                     u2251 00CF                                       u1460 0319  
                                     u2180 03E4                                       u2260 0144  
                                     u1285 0091                                       u2085 0274  
                                     u1461 0318                                       u2181 03E3  
                                     u2165 0375                                       u2261 0143  
                                     u1470 0323                                       u2190 03EE  
                                     u2270 061F                                       u1295 009F  
                                     u2095 027E                                       u1471 0322  
                                     u1455 030F                                       u2191 03ED  
                                     u2271 061E                                       u2280 0204  
                                     u2281 0203                                       u1570 0524  
                                     u1490 0332                                       u1810 0581  
                                     u2290 020C                                       u1571 0523  
                                     u1491 0331                                       u1475 031F  
                                     u1811 0580                                       u2291 020B  
                                     u1580 0539                                       u1820 058B  
                                     u1900 03BD                                       u1581 0538  
                                     u1485 0328                                       u1821 058A  
                                     u1901 03BC                                       u1910 0486  
                                     u1830 05BD                                       u1911 0485  
                                     u1831 05BC                                       u1840 0596  
                                     u1841 0595                                       u1850 04C7  
                                     u1851 04C6                                       u1940 04A4  
                                     u1860 04D1                                       u1941 04A3  
                                     u1925 048F                                       u1861 04D0  
                                     u1870 04DC                                       u1950 02A8  
                                     u1935 0496                                       u1871 04DB  
                                     u1951 02A7                                       u1880 03A8  
                                     u1881 03A7                                       u1890 03B2  
                                     u1970 02B8                                       u1891 03B1  
                                     u1971 02B7                                       u1965 02AC  
                                     u1990 02D1                                       u1991 02D0  
                                     u1985 02B9                                       i1l42 001B  
                                     u1995 02CD                                       i1l47 0026  
                                     _WPUA 1E8D                                       _WPUB 1E97  
                                     _WPUC 1EA1                          I2C1_Write@address 0073  
                                     _main 01CD                                       fsr0h 0005  
                                     fsr1h 0007                                       indf0 0000  
                                     fsr0l 0004                                       indf1 0001  
                                     fsr1l 0006                                       btemp 007E  
                               _Delay_Long 050E                _INT_DefaultInterruptHandler 0000  
                                     start 0028            __end_of_INT_SetInterruptHandler 06B0  
                       _vcnl4200_proximity 0039                            _I2C1_EVENT_IDLE 06D6  
                          _I2C1_EVENT_NACK 06C2                                 _i2c1Status 0020  
                          _I2C1_EVENT_STOP 0696                          __end_of_I2C1_Host 063C  
                          __end_of___aldiv 00C4                   __end_of_I2C_WaitComplete 058D  
                                    ?_main 0070                            __end_of___awdiv 0297  
                          __end_of___awmod 0341                            __end_of___lldiv 02F0  
                          ___awdiv@divisor 0073                            __end_of___llmod 038A  
                                    _IOCAF 1E93                                      _IOCBF 1E9D  
                                    _IOCCF 1EA7                                      _IOCAN 1E92  
                                    _IOCAP 1E91                                      _IOCBN 1E9C  
                                    _IOCBP 1E9B                                      _IOCCN 1EA6  
                                    _IOCCP 1EA5                                      i1l401 050B  
                                    i1l403 0504                                      i1l412 06C1  
                                    i1l406 050D                                      i1l415 069C  
                                    i1l409 06C7                                      i1l361 06D5  
                                    i1l370 065E                                      i1l418 0695  
                                    i1l373 0449                                      i1l382 0612  
                                    i1l358 06D1                                      i1l391 06CD  
                                    i1l375 0457                                      i1l385 06D9  
                                    i1l379 0478                                      i1l388 06A3  
                                    i1l398 0564                            ___awdiv@counter 004E  
                                    _OSCEN 0291                                      _TRISA 0012  
                                    _TRISB 0013                                      _TRISC 0014  
                                    u95_20 0541                                      u95_21 0540  
                                    u96_20 0559                                      u96_21 0558  
                                    u97_20 04E6                                      u97_21 04E5  
                                    u98_20 04ED                                      u98_21 04EC  
                                    u99_20 0500                                      u99_21 04FF  
                 ?_I2C1_EVENT_SEND_RD_ADDR 0070                        ___lmul@multiplicand 0052  
                        ??_I2C1_Initialize 0073                VCNL4200_WriteRegister16@reg 0050  
              VCNL4200_WriteRegister16@low 004E                   ?_I2C1_EVENT_SEND_WR_ADDR 0070  
                                    btemp0 007E                                      btemp1 007F  
                                    pclath 000A                           ??_I2C1_WriteRead 0073  
                                    status 0003                                      wtemp0 007E  
                             ??_I2C1_Close 0070                               ??_I2C1_Write 0078  
                          __initialization 002A                   ??_I2C1_ErrorEventHandler 0071  
                             __end_of_main 023B                           _I2C1_EVENT_ERROR 06BC  
                         _I2C1_EVENT_RESET 068F                ?_INTERRUPT_InterruptManager 0070  
                                   ??_main 0079                      VCNL4200_Initialize@ok 0051  
               I2C1_ErrorGet@retErrorState 0073                __end_of_VCNL4200_Initialize 05F7  
                       __end_of_I2C1_Close 065F                   _VCNL4200_WriteRegister16 04AD  
          MCP9808_ProcessTemperature@centi 006A                ?_MCP9808_ReadTemperatureRaw 0056  
                         ___llmod@dividend 0052                         __end_of_I2C1_Write 05D7  
                         ___awdiv@dividend 0075                                     _ANSELA 1E8C  
                                   _ANSELB 1E96                                     _ANSELC 1EA0  
                                   _RB4PPS 1D98                                     u110_20 045F  
                                   u110_21 045E                                     _RB6PPS 1D9A  
                                   i1l2124 06D2                                     i1l2126 06CE  
                                   _ODCONA 1E8E                                     i1l2250 0013  
                                   _ODCONB 1E98                                     _ODCONC 1EA2  
                                   i1l2252 0017                                     i1l1630 0658  
                                   i1l2254 001F                                     i1l2246 000A  
                                   i1l1632 065A                                     i1l2256 0023  
                                   i1l2248 000E                                     i1l1634 065B  
                                   i1l1626 064E                                     i1l1802 06BC  
                                   i1l1636 065D                                     i1l1628 0650  
                                   i1l1732 06D6                                     i1l1740 06A2  
                                   i1l1804 06BC                                     i1l1644 0696  
                                   i1l1652 068F                                     i1l1750 053A  
                                   i1l1734 06D8                                     i1l1806 06C0  
                                   i1l1646 0698                                     i1l1654 0692  
                                   i1l1760 0551                                     i1l1752 053A  
                                   i1l1744 06C8                                     i1l1648 069B  
                                   i1l1656 0694                                     u106_20 0445  
                                   u106_21 0444                                     i1l1770 055F  
                                   i1l1754 0541                                     i1l1762 0554  
                                   i1l1738 069D                                     i1l1746 06CC  
                                   i1l1930 044D                                     i1l1764 0559  
                                   i1l1772 0563                                     i1l1756 0545  
                                   i1l1780 04ED                                     i1l1940 05F7  
                                   i1l1932 0451                                     i1l1766 055A  
                                   i1l1758 054C                                     i1l1790 050C  
                                   i1l1782 04F3                                     i1l1942 05FE  
                                   i1l1934 045B                                     i1l1926 043E  
                                   i1l1768 055C                                     i1l1784 04F6  
                                   i1l1776 04DF                                     i1l1936 045F  
                                   u107_20 044D                                     i1l1928 0445  
                                   u107_21 044C                                     i1l1786 04FA  
                                   i1l1778 04E6                                     i1l1794 06C2  
                                   i1l1938 0464                                     i1l1788 0500  
                                   i1l1796 06C2                                     i1l1798 06C6  
                                   u108_20 0451                                     u108_21 0450  
                                   u109_20 045B                                     u109_21 045A  
                                   _INLVLA 1E90                                     _INLVLB 1E9A  
                                   _INLVLC 1EA4                                     u170_20 0013  
                                   u170_21 0012                                     u171_20 0017  
                                   u171_21 0016                                     u172_20 001F  
                                   u172_21 001E                                     u173_20 0023  
                                   u173_21 0022                                     u169_20 000E  
                                   u169_21 000D                                     _OSCFRQ 0293  
                        VCNL4200_ReadID@id 0057                       _vcnl4200_lux_decimal 003B  
                  __end_of_I2C1_EVENT_IDLE 06DA                                ?_Delay_Long 0070  
                  __end_of_I2C1_EVENT_NACK 06C8                    __end_of_I2C1_EVENT_STOP 069D  
                     _vcnl4200_lux_integer 002D                                     ___lmul 0479  
                                ??___aldiv 0077                            _i2c_read_buffer 0079  
                                ??___awdiv 0077                                  ??___awmod 0077  
                                ??___lldiv 0074                ?_MCP9808_ProcessTemperature 0064  
                                ??___llmod 0073                                  ?_I2C1_ISR 0070  
                         ___awdiv@quotient 0050                            ___awmod@divisor 0073  
          __end_of_I2C1_EVENT_SEND_RD_ADDR 06A4                            ___awmod@counter 0077  
                        ?_CLOCK_Initialize 0070                _mcp9808_temperature_decimal 003F  
                       ??_CLOCK_Initialize 0073                                     ltemp0a 0080  
          __end_of_I2C1_EVENT_SEND_WR_ADDR 06CE                          ??_I2C1_WriteStart 0073  
              _mcp9808_temperature_integer 0041                                     ttemp0a 007F  
                        ??_VCNL4200_ReadID 0078    INT_SetInterruptHandler@InterruptHandler 0073  
                                   wtemp0a 007F                          _SYSTEM_Initialize 066E  
                  __end_of__initialization 0034                              ??_I2C1_IsBusy 0073  
                       ?_SYSTEM_Initialize 0070                  _mcp9808_temperature_centi 0043  
                           __pcstackCOMMON 0070                        ??_SYSTEM_Initialize 0075  
                               ??_I2C1_ISR 0073                        I2C1_Write@retStatus 0078  
                    __end_of_I2C1_EVENT_RX 050E                      __end_of_I2C1_EVENT_TX 0565  
                        _I2C1_EventHandler 043E                  __end_of_SYSTEM_Initialize 067B  
                               _mcp9808_ok 004A                                 __pbssBANK0 0020  
                       ?_I2C1_EventHandler 0070               __end_of_VCNL4200_ReadSensors 014C  
                         ?_I2C1_EVENT_IDLE 0070                           ?_I2C1_EVENT_NACK 0070  
               VCNL4200_ReadRegister16@reg 0077                           ?_I2C1_EVENT_STOP 0070  
                      ??_I2C1_EventHandler 0071                                 __pmaintext 01CD  
                                  ?___lmul 004E                        __end_of_I2C1_IsBusy 06DD  
                               __pintentry 0004                            _I2C1_Initialize 065F  
                           ___lmul@product 0073                          ?_I2C_WaitComplete 0070  
                    I2C1_WriteRead@address 004E                      __end_of_I2C1_ErrorGet 06BC  
                       ??_I2C_WaitComplete 0073                                  _I2C1_Read 0000  
                                _I2C1_Host 0628                  __end_of_I2C1_EventHandler 0479  
                                  _OSCCON1 028D                                    _OSCCON3 028F  
                   _I2C1_ErrorEventHandler 05F7                                    _OSCTUNE 0292  
                                  _SSP1ADD 078D                                    _SLRCONA 1E8F  
                                  _SLRCONB 1E99                                    _SLRCONC 1EA3  
                                  _SSP1BUF 078C                   __end_of_I2C1_EVENT_ERROR 06C2  
                 __end_of_I2C1_EVENT_RESET 0696                      _vcnl4200_lux_millilux 0031  
                                  ___aldiv 0038                                    ___awdiv 023B  
                                  ___awmod 02F0                                    ___lldiv 0297  
                                  ___llmod 0341                 ??_VCNL4200_WriteRegister16 0079  
                                  __ptext1 00C4                                    __ptext2 0341  
                                  __ptext3 0297                                    __ptext4 0613  
                                  __ptext5 038A                                    __ptext6 05D7  
                                  __ptext7 04AD                                    __ptext8 05B4  
                                  __ptext9 066E                   ?_VCNL4200_ReadRegister16 0056  
                     I2C1_Write@dataLength 0076                           ___awmod@dividend 0075  
                         ___aldiv@dividend 005A                   ??_PIN_MANAGER_Initialize 0073  
                  _INT_SetInterruptHandler 06AA                            _i2c1_eventTable 063C  
                                  clrloop0 06A5                       end_of_initialization 0034  
                             ??_Delay_Long 0073                                _I2C1_IsBusy 06DA  
                  __end_of_I2C1_Initialize 066E                            ___lldiv@divisor 0056  
                          ___lldiv@counter 0078                     _vcnl4200_ambient_light 003D  
                         ___aldiv@quotient 0060                            _I2C1_WriteStart 06B0  
                            _mcp9808_error 0049                            _VCNL4200_ReadID 0613  
                         _vcnl4200_id_data 0037                       _VCNL4200_ReadSensors 00C4  
                       __end_of_Delay_Long 053A                    I2C1_WriteRead@retStatus 0073  
             __end_of_INTERRUPT_Initialize 0686                             _I2C1_ERROR_ISR 06D2  
                           __end_of___lmul 04AD            __end_of_VCNL4200_ReadRegister16 03C7  
                  __end_of_i2c1_eventTable 064E                  ??_INT_SetInterruptHandler 0075  
                    ?_VCNL4200_ReadSensors 0070                        start_initialization 002A  
                  I2C1_WriteRead@writeData 0050                    I2C_WaitComplete@timeout 0073  
                  _I2C1_EVENT_SEND_RD_ADDR 069D                            ___llmod@divisor 004E  
                          ___llmod@counter 0073                    __end_of_I2C1_WriteStart 06B6  
                         ?_I2C1_Initialize 0070                    _I2C1_EVENT_SEND_WR_ADDR 06C8  
                  __end_of_VCNL4200_ReadID 0628                     __end_of_I2C1_ERROR_ISR 06D6  
                                 ??___lmul 0073                    ?_I2C1_ErrorEventHandler 0070  
            VCNL4200_ReadSensors@proximity 005E                                __pbssCOMMON 0079  
                          Delay_Long@delay 0073                                  ___latbits 0002  
                            __pcstackBANK0 004E                          ?_I2C1_EVENT_ERROR 0070  
                        ?_I2C1_EVENT_RESET 0070                         ??_I2C1_EVENT_ERROR 0070  
                       ??_I2C1_EVENT_RESET 0070                                  __pnvBANK0 006E  
                   _PIN_MANAGER_Initialize 0403                            ?_I2C1_ERROR_ISR 0070  
                                 ?___aldiv 0056                                   ?___awdiv 0073  
                                 ?___awmod 0073                                   ?___lldiv 0056  
                                 ?___llmod 004E                                   _I2C1_ISR 06CE  
             ??_INTERRUPT_InterruptManager 0073             __end_of_I2C1_ErrorEventHandler 0613  
                   ??_VCNL4200_ReadSensors 0079                VCNL4200_ReadSensors@ambient 0060  
            I2C1_EVENT_ERROR@retEventState 0070                  ??_I2C1_EVENT_SEND_RD_ADDR 0070  
             ??_MCP9808_ReadTemperatureRaw 0077                       _INTERRUPT_Initialize 067B  
                          ___aldiv@divisor 0056                           _CLOCK_Initialize 0686  
                          ___aldiv@counter 005E                  ??_I2C1_EVENT_SEND_WR_ADDR 0070  
                             ?_I2C1_IsBusy 0070                      _I2C1_CallbackRegister 0000  
                                clear_ram0 06A4                           ?_I2C1_WriteStart 0070  
                                 _PIE5bits 009B                                 _I2C1_Close 064E  
                                 _PIR0bits 008C                                   _PIR5bits 0091  
                               _I2C1_Write 05B4                           ?_VCNL4200_ReadID 0070  
                           _I2C1_WriteRead 058D                                   _SSP1CON1 0790  
                                 _SSP1CON2 0791                                   _SSP1CON3 0792  
                                 _SSP1STAT 078F               ??_MCP9808_ProcessTemperature 0066  
                   I2C1_WriteRead@readData 0053                        _VCNL4200_Initialize 05D7  
             I2C1_EVENT_NACK@retEventState 0070                              _I2C1_EVENT_RX 04DF  
                            _I2C1_EVENT_TX 053A                          ___lmul@multiplier 004E  
                    ?_INTERRUPT_Initialize 0070                  ?_VCNL4200_WriteRegister16 004E  
                     ?_VCNL4200_Initialize 0070              MCP9808_ProcessTemperature@raw 0064  
                   __end_of_I2C1_WriteRead 05B4               VCNL4200_WriteRegister16@high 004F  
                            _I2C1_Callback 0035                                   ___int_sp 0000  
                        ??_I2C1_EVENT_IDLE 0070                          ??_I2C1_EVENT_NACK 0070  
                        ??_I2C1_EVENT_STOP 0070                             ?_I2C1_EVENT_RX 0070  
                           ?_I2C1_EVENT_TX 0070                              _I2C1_ErrorGet 06B6  
                                 __ptext10 0403                                   __ptext11 067B  
                                 __ptext20 06B6                                   __ptext12 06AA  
                                 __ptext21 014C                                   __ptext13 065F  
                                 __ptext30 06D2                                   __ptext22 0479  
                                 __ptext14 0686                                   __ptext31 05F7  
                                 __ptext23 02F0                                   __ptext15 03C7  
                                 __ptext40 053A                                   __ptext32 068F  
                                 __ptext24 023B                                   __ptext16 0565  
                                 __ptext41 064E                                   __ptext33 0696  
                                 __ptext25 0038                                   __ptext17 058D  
                                 __ptext34 06BC                                   __ptext26 050E  
                                 __ptext18 06B0                                   __ptext35 06C2  
                                 __ptext19 06DA                                   __ptext36 04DF  
                                 __ptext28 06CE                                   __ptext37 06C8  
                                 __ptext29 043E                                   __ptext38 069D  
                                 __ptext39 06D6                        _mcp9808_temperature 0045  
                             _SSP1CON1bits 0790                               _SSP1CON2bits 0791  
              main@mcp9808_raw_temperature 006C  MCP9808_ProcessTemperature@temperature_raw 0068  
                    ??_VCNL4200_Initialize 0079                           _I2C_WaitComplete 0565  
                              _vcnl4200_ok 0048                                ?_I2C1_Close 0070  
                          ?_I2C1_WriteRead 004E                                ?_I2C1_Write 0073  
                                 int$flags 007E                             _vcnl4200_error 0047  
       __end_of_INTERRUPT_InterruptManager 0028                 _INTERRUPT_InterruptManager 0004  
                I2C1_WriteRead@writeLength 0051                               _SSP1STATbits 078F  
             VCNL4200_ReadRegister16@value 0056                                 _INTCONbits 000B  
                           ?_I2C1_ErrorGet 0070                       _INT_InterruptHandler 006E  
                   ??_INTERRUPT_Initialize 0075         __end_of_MCP9808_ReadTemperatureRaw 0403  
               _MCP9808_ReadTemperatureRaw 03C7                 I2C1_EVENT_RX@retEventState 0070  
          MCP9808_ReadTemperatureRaw@value 0056                                   intlevel1 0000  
                  _VCNL4200_ReadRegister16 038A                           ___lldiv@dividend 005A  
                         ??_I2C1_ERROR_ISR 0073                    ?_PIN_MANAGER_Initialize 0070  
                         _i2c_write_buffer 004B         __end_of_MCP9808_ProcessTemperature 01CD  
               _MCP9808_ProcessTemperature 014C                   ?_INT_SetInterruptHandler 0073  
                 __end_of_CLOCK_Initialize 068F                              __pstringtext1 0628  
                            __pstringtext2 063C                            ??_I2C1_EVENT_RX 0070  
                          ??_I2C1_EVENT_TX 0070                                 _SSP1DATPPS 1E48  
                               _SSP1CLKPPS 1E47                           ___lldiv@quotient 0074  
                             ___aldiv@sign 005F             __end_of_PIN_MANAGER_Initialize 043E  
               I2C1_EVENT_TX@retEventState 0070  
